gene_id	CALR_n	nonCALR_ET_n	CALR_mean_CPM	nonCALR_ET_mean_CPM	mean_difference_CPM	log2_pseudocount_ratio	Cohens_d	abs_Cohens_d	direction	CALR_detected_n	gene_symbol	gene_description	organism	chromosome	map_location	gene_type	annotation_status
7365	3	15	0.7167481918630553	0.0077662763031277	0.7089819155599275	0.7685173599619506	7.640199901959673	7.640199901959673	Higher_in_CALR	2	UGT2B10	UDP glucuronosyltransferase family 2 member B10	Homo sapiens	4	4q13.2	genomic	annotated
7364	3	15	0.818789482636589	0.0280848996402193	0.7907045829963697	0.8230191589120518	6.384814250581752	6.384814250581752	Higher_in_CALR	2	UGT2B7	UDP glucuronosyltransferase family 2 member B7	Homo sapiens	4	4q13.2	genomic	annotated
83715	3	15	1.1503601389256095	0.2705814224017651	0.8797787165238447	0.7590894700646265	4.234842592712359	4.234842592712359	Higher_in_CALR	3	ESPN	espin	Homo sapiens	1	1p36.31	genomic	annotated
606551	3	15	0.9253235680742412	0.3888696453176319	0.5364539227566092	0.4711897250413215	3.003862455027896	3.003862455027896	Higher_in_CALR	3	UBE2MP1	ubiquitin conjugating enzyme E2 M pseudogene 1	Homo sapiens	16	16p11.2	genomic	annotated
4082	3	15	458.22813092904426	177.0712825194364	281.15684840960785	1.366756147485713	2.8615291995343792	2.8615291995343792	Higher_in_CALR	3	MARCKS	myristoylated alanine rich protein kinase C substrate	Homo sapiens	6	6q21	genomic	annotated
2952	3	15	4.08207003713257	1.4722596296794934	2.609810407453076	1.039585998697128	2.7413430082383656	2.7413430082383656	Higher_in_CALR	3	GSTT1	glutathione S-transferase theta 1	Homo sapiens	22	22q11.23	genomic	annotated
644353	3	15	3.630854546680157	1.6004306430147042	2.030423903665453	0.8325278834407634	2.664529638998185	2.664529638998185	Higher_in_CALR	3	ZCCHC18	zinc finger CCHC-type containing 18	Homo sapiens	X	Xq22.2	genomic	annotated
9086	3	15	60.5586845912632	3.706982750989797	56.8517018402734	3.709087932644175	2.6436047387823	2.6436047387823	Higher_in_CALR	2	EIF1AY	eukaryotic translation initiation factor 1A Y-linked	Homo sapiens	Y	Yq11.223	genomic	annotated
10342	3	15	49.99392668197044	30.408196783341456	19.58572989862898	0.6991843170606797	2.541179594573939	2.541179594573939	Higher_in_CALR	3	TFG	trafficking from ER to golgi regulator	Homo sapiens	3	3q12.2	genomic	annotated
643036	3	15	26.92295198454815	3.8705680807988623	23.052383903749288	2.5192895131938124	2.508856346254965	2.508856346254965	Higher_in_CALR	3	SLED1	proteoglycan 3, pro eosinophil major basic protein 2 pseudogene	Homo sapiens	4	4q35.1	genomic	annotated
3976	3	15	0.9705860090222966	0.3279488816710014	0.6426371273512952	0.5694251069587866	2.504082301890925	2.504082301890925	Higher_in_CALR	2	LIF	LIF interleukin 6 family cytokine	Homo sapiens	22	22q12.2	genomic	annotated
55561	3	15	4.795162857256707	1.878430248710843	2.916732608545864	1.0095669521066253	2.5037262741084088	2.5037262741084088	Higher_in_CALR	3	CDC42BPG	CDC42 binding protein kinase gamma	Homo sapiens	11	11q13.1	genomic	annotated
100288077	3	15	8.892892259224126	4.418754580135788	4.474137679088338	0.8684310573169021	2.4733585354061285	2.4733585354061285	Higher_in_CALR	3	WTAPP1	WTAP pseudogene 1	Homo sapiens	11	11q22.2	genomic	annotated
3242	3	15	0.6346725523645328	0.216784621304524	0.4178879310600087	0.4259278484341996	2.4543012469751413	2.4543012469751413	Higher_in_CALR	2	HPD	4-hydroxyphenylpyruvate dioxygenase	Homo sapiens	12	12q24.31	genomic	annotated
8645	3	15	3.60176508370397	0.7469082351805347	2.854856848523436	1.3973835113572155	2.4492520626698138	2.4492520626698138	Higher_in_CALR	3	KCNK5	potassium two pore domain channel subfamily K member 5	Homo sapiens	6	6p21.2	genomic	annotated
333	3	15	0.57899286926647	0.1641653553039394	0.4148275139625305	0.439708666195755	2.4485332908565938	2.4485332908565938	Higher_in_CALR	2	APLP1	amyloid beta precursor like protein 1	Homo sapiens	19	19q13.12	genomic	annotated
92346	3	15	1.6251047076575456	0.0828726401717663	1.5422320674857792	1.2775113954345714	2.44042369838424	2.44042369838424	Higher_in_CALR	2	C1orf105	chromosome 1 open reading frame 105	Homo sapiens	1	1q24.3	genomic	annotated
63943	3	15	1.3953231954547298	0.6182756770102362	0.7770475184444936	0.5657629334760667	2.436767048398108	2.436767048398108	Higher_in_CALR	3	FKBPL	FKBP prolyl isomerase like	Homo sapiens	6	6p21.32	genomic	annotated
83667	3	15	12.342943330756958	3.6429809739546526	8.699962356802306	1.522953672763133	2.421593455514753	2.421593455514753	Higher_in_CALR	3	SESN2	sestrin 2	Homo sapiens	1	1p35.3	genomic	annotated
4189	3	15	24.04129527940753	13.268319676495462	10.772975602912071	0.8114937443268189	2.4153340556210563	2.4153340556210563	Higher_in_CALR	3	DNAJB9	DnaJ heat shock protein family (Hsp40) member B9	Homo sapiens	7	14q24.2-q24.3	genomic	annotated
84807	3	15	58.30325782017084	19.36887678332075	38.93438103685008	1.541744934443705	2.3767632574265	2.3767632574265	Higher_in_CALR	3	NFKBID	NFKB inhibitor delta	Homo sapiens	19	19q13.12	genomic	annotated
151987	3	15	37.55876415188467	23.04043894356864	14.518325208316025	0.6815955746366642	2.366917260182425	2.366917260182425	Higher_in_CALR	3	PPP4R2	protein phosphatase 4 regulatory subunit 2	Homo sapiens	3	3p13	genomic	annotated
23130	3	15	73.17258730085544	18.71597658807309	54.45661071278235	1.91152092124662	2.3527484159876866	2.3527484159876866	Higher_in_CALR	3	ATG2A	autophagy related 2A	Homo sapiens	11	11q13.1	genomic	annotated
80149	3	15	102.82718331909555	21.941390589490343	80.88579272960523	2.1781594617495363	2.3455473334348045	2.3455473334348045	Higher_in_CALR	3	ZC3H12A	zinc finger CCCH-type containing 12A	Homo sapiens	1	1p34.3	genomic	annotated
388886	3	15	0.6417353321751004	0.2963160166042414	0.345419315570859	0.3408041037080845	2.345423736584292	2.345423736584292	Higher_in_CALR	3	LRRC75B	leucine rich repeat containing 75B	Homo sapiens	22	22q11.23	genomic	annotated
100505991	3	15	12.52186003345404	2.95954116122386	9.56231887223018	1.7718884558160912	2.342084520469658	2.342084520469658	Higher_in_CALR	3	LOC100505991	uncharacterized LOC100505991	Homo sapiens	1		genomic	annotated
79729	3	15	4.063785256345443	1.014186497480099	3.049598758865344	1.330018953142874	2.337894494539458	2.337894494539458	Higher_in_CALR	3	MNMIP1	manchette microtubule inner protein 1	Homo sapiens	1	1p34.3	genomic	annotated
29923	3	15	10.067589497467145	1.4084164683667162	8.659173029100426	2.200184247160095	2.317521747977478	2.317521747977478	Higher_in_CALR	3	HILPDA	hypoxia inducible lipid droplet associated	Homo sapiens	7	7q32.1	genomic	annotated
100132460	3	15	1.0135539887610585	0.6081293517884306	0.4054246369726276	0.3243606992420947	2.3098595399119954	2.3098595399119954	Higher_in_CALR	3	LOC100132460	hypothetical protein LOC100132460	Homo sapiens	X	Xq28	genomic	annotated
762	3	15	3.495852788432766	0.5530965394446488	2.9427562489881174	1.5334472874564242	2.289998184096848	2.289998184096848	Higher_in_CALR	2	CA4	carbonic anhydrase 4	Homo sapiens	17	17q23.1	genomic	annotated
148479	3	15	8.977880133673379	4.61011601355876	4.367764120114619	0.8307027329183052	2.282396483758117	2.282396483758117	Higher_in_CALR	3	PHF13	PHD finger protein 13	Homo sapiens	1	1p36.31	genomic	annotated
55071	3	15	4.376010964122126	2.0773262702137303	2.298684693908396	0.8048586684550545	2.272263056150372	2.272263056150372	Higher_in_CALR	3	C9orf40	chromosome 9 open reading frame 40	Homo sapiens	9	9q21.13	genomic	annotated
414236	3	15	10.039760323980008	0.6957693910453996	9.343990932934608	2.702696956008431	2.256718811913464	2.256718811913464	Higher_in_CALR	2	C10orf55	chromosome 10 putative open reading frame 55	Homo sapiens	10	10q22.2	genomic	annotated
100129101	3	15	24.90076957563493	12.511591549020263	12.389178026614664	0.9387973428570864	2.241596716921407	2.241596716921407	Higher_in_CALR	3	LOC100129101	hypothetical protein LOC100129101	Homo sapiens	1	1q32.2	genomic	annotated
5328	3	15	23.816326178647497	1.8651949724169623	21.95113120623053	3.1145843332117025	2.229258963191185	2.229258963191185	Higher_in_CALR	2	PLAU	plasminogen activator, urokinase	Homo sapiens	10	10q22.2	genomic	annotated
57162	3	15	320.2227876179284	77.43734979545847	242.78543782246987	2.033961545241413	2.206651180020392	2.206651180020392	Higher_in_CALR	3	PELI1	pellino E3 ubiquitin protein ligase 1	Homo sapiens	2	2p14	genomic	annotated
221468	3	15	2.6518457681263765	1.5520790684769354	1.099766699649441	0.5169528085455612	2.194025233453849	2.194025233453849	Higher_in_CALR	3	TMEM217	transmembrane protein 217	Homo sapiens	6	6p21.2	genomic	annotated
4683	3	15	123.17292442936848	49.73570669610754	73.43721773326094	1.2912772846452434	2.193748288421791	2.193748288421791	Higher_in_CALR	3	NBN	nibrin	Homo sapiens	8	8q21.3	genomic	annotated
6461	3	15	2.7882390927895533	1.4229264909110444	1.365312601878509	0.6447767530711419	2.1890057067905886	2.1890057067905886	Higher_in_CALR	3	SHB	SH2 domain containing adaptor protein B	Homo sapiens	9	9p13.1	genomic	annotated
80213	3	15	15.5068668142063	11.342325690581834	4.164541123624465	0.4194520365833218	2.176270061936661	2.176270061936661	Higher_in_CALR	3	TM2D3	TM2 domain containing 3	Homo sapiens	15	15q26.3	genomic	annotated
84919	3	15	281.75657068506234	112.25972348653671	169.4968471985256	1.319925637158315	2.1694683784689635	2.1694683784689635	Higher_in_CALR	3	PPP1R15B	protein phosphatase 1 regulatory subunit 15B	Homo sapiens	1	1q32.1	genomic	annotated
85391	3	15	1.1501277970107096	0.5084979572674858	0.6416298397432237	0.5113096688771878	2.156920189795826	2.156920189795826	Higher_in_CALR	3	SNORD14E	small nucleolar RNA, C/D box 14E	Homo sapiens	11	11q24.1	genomic	annotated
9263	3	15	106.62549442043178	61.61339144140139	45.01210297903039	0.781476713503185	2.152845613569504	2.152845613569504	Higher_in_CALR	3	STK17A	serine/threonine kinase 17a	Homo sapiens	7	7p13	genomic	annotated
1263	3	15	119.12213842758828	34.98268016091412	84.13945826667415	1.739127508770106	2.1471008465074166	2.1471008465074166	Higher_in_CALR	3	PLK3	polo like kinase 3	Homo sapiens	1	1p34.1	genomic	annotated
60490	3	15	16.680270145139385	7.745360099504729	8.934910045634656	1.015550623526334	2.1376708953527466	2.1376708953527466	Higher_in_CALR	3	PPCDC	phosphopantothenoylcysteine decarboxylase	Homo sapiens	15	15q24.2	genomic	annotated
2180	3	15	342.62627600558994	100.2444468614972	242.3818291440928	1.7629975789380277	2.1362216241905205	2.1362216241905205	Higher_in_CALR	3	ACSL1	acyl-CoA synthetase long chain family member 1	Homo sapiens	4	4q35.1	genomic	annotated
4791	3	15	100.42082287401756	41.47118934397584	58.94963353004172	1.2557974698734125	2.1331705796475613	2.1331705796475613	Higher_in_CALR	3	NFKB2	nuclear factor kappa B subunit 2	Homo sapiens	10	10q24.32	genomic	annotated
145788	3	15	0.77873465865729	0.2212105161201233	0.5575241425371666	0.5425393956740556	2.131499666718117	2.131499666718117	Higher_in_CALR	2	PIERCE2	piercer of microtubule wall 2	Homo sapiens	15	15q21.3	genomic	annotated
196383	3	15	90.46595512879004	45.553278830942354	44.91267629784768	0.9743520696515358	2.117354232068427	2.117354232068427	Higher_in_CALR	3	RILPL2	Rab interacting lysosomal protein like 2	Homo sapiens	12	12q24.31	genomic	annotated
53831	3	15	6.70715438839941	1.7278868955516204	4.979267492847789	1.498414462913582	2.113316777025306	2.113316777025306	Higher_in_CALR	3	GPR84	G protein-coupled receptor 84	Homo sapiens	12	12q13.13	genomic	annotated
151649	3	15	10.82250870279401	6.4737162348203015	4.348792467973709	0.661638510770616	2.107673790245578	2.107673790245578	Higher_in_CALR	3	PP2D1	protein phosphatase 2C like domain containing 1	Homo sapiens	3	3p24.3	genomic	annotated
693201	3	15	1.0047468748068	0.2864030071476739	0.7183438676591261	0.6400774051557536	2.1051150182986675	2.1051150182986675	Higher_in_CALR	2	MIR616	microRNA 616	Homo sapiens	12	12q13.3	genomic	annotated
343521	3	15	14.589488328836556	4.1961805673618935	10.393307761474665	1.5850501068796037	2.0969393206121394	2.0969393206121394	Higher_in_CALR	3	DYNLT4	dynein light chain Tctex-type 4	Homo sapiens	1	1p34.1	genomic	annotated
11040	3	15	95.53514581938336	38.632203704356826	56.90294211502655	1.2843810950389043	2.0924070730897464	2.0924070730897464	Higher_in_CALR	3	PIM2	Pim-2 proto-oncogene, serine/threonine kinase	Homo sapiens	X	Xp11.23	genomic	annotated
51256	3	15	8.287317369280816	3.250601310444228	5.036716058836588	1.1275949897659618	2.078779203126824	2.078779203126824	Higher_in_CALR	3	TBC1D7	TBC1 domain family member 7	Homo sapiens	6	6p24.1	genomic	annotated
135	3	15	66.79122817384894	18.014069532297274	48.77715864155167	1.8340312669992027	2.0759886972791604	2.0759886972791604	Higher_in_CALR	3	ADORA2A	adenosine A2a receptor	Homo sapiens	22	22q11.23	genomic	annotated
81688	3	15	88.68111623434943	65.30613077548813	23.374985458861303	0.4356619645580109	2.060640532889904	2.060640532889904	Higher_in_CALR	3	C6orf62	chromosome 6 open reading frame 62	Homo sapiens	6	6p22.3	genomic	annotated
100499177	3	15	68.68610576402246	31.27941756571702	37.40668819830544	1.110256488114656	2.051459697439744	2.051459697439744	Higher_in_CALR	3	THAP9-AS1	THAP9 antisense RNA 1	Homo sapiens	4	4q21.22	genomic	annotated
602	3	15	29.63821188877908	8.503094248886148	21.135117639892933	1.6888628581292515	2.050302500480927	2.050302500480927	Higher_in_CALR	3	BCL3	BCL3 transcription coactivator	Homo sapiens	19	19q13.32	genomic	annotated
91694	3	15	24.16953703178535	11.254502074634738	12.915034957150612	1.0383668140653757	2.04940009715902	2.04940009715902	Higher_in_CALR	3	LONRF1	LON peptidase N-terminal domain and ring finger 1	Homo sapiens	8	8p23.1	genomic	annotated
403314	3	15	0.8728051709979834	0.2367636683920058	0.6360415026059775	0.598630979113085	2.046715934635896	2.046715934635896	Higher_in_CALR	2	APOBEC4	apolipoprotein B mRNA editing enzyme catalytic polypeptide like 4	Homo sapiens	1	1q25.3	genomic	annotated
161253	3	15	3.724579880195336	1.269548083254276	2.45503179694106	1.0577809935675708	2.0445127087892656	2.0445127087892656	Higher_in_CALR	3	REM2	RRAD and GEM like GTPase 2	Homo sapiens	14	14q11.2	genomic	annotated
857	3	15	4.2405002526189	1.0525827166687636	3.1879175359501364	1.3522641743936368	2.043195916341324	2.043195916341324	Higher_in_CALR	3	CAV1	caveolin 1	Homo sapiens	7	7q31.2	genomic	annotated
6483	3	15	31.1184523271484	21.453693023084107	9.664759304064294	0.5164496275782335	2.04290540416064	2.04290540416064	Higher_in_CALR	3	ST3GAL2	ST3 beta-galactoside alpha-2,3-sialyltransferase 2	Homo sapiens	16	16q22.1	genomic	annotated
147645	3	15	1.0118096546173665	0.4277500924387785	0.5840595621785878	0.4947503344339672	2.042434122486456	2.042434122486456	Higher_in_CALR	3	VSIG10L	V-set and immunoglobulin domain containing 10 like	Homo sapiens	19	19q13.41	genomic	annotated
203228	3	15	103.07799729455068	65.32798226078106	37.75001503376963	0.6499755626309556	2.0316382038839964	2.0316382038839964	Higher_in_CALR	3	C9orf72	C9orf72-SMCR8 complex subunit	Homo sapiens	9	9p21.2	genomic	annotated
3985	3	15	142.96621772207666	45.96876860158021	96.99744912049646	1.6159566414183848	2.029675079896875	2.029675079896875	Higher_in_CALR	3	LIMK2	LIM domain kinase 2	Homo sapiens	22	22q12.2	genomic	annotated
4792	3	15	1658.5705737712633	456.0524399361151	1202.518133835148	1.8603783742051423	2.02581960966825	2.02581960966825	Higher_in_CALR	3	NFKBIA	NFKB inhibitor alpha	Homo sapiens	14	14q13.2	genomic	annotated
4084	3	15	490.52537448885215	116.94258354852816	373.582790940324	2.059181194074929	2.022885375527245	2.022885375527245	Higher_in_CALR	3	MXD1	MAX dimerization protein 1	Homo sapiens	2	2p13.3	genomic	annotated
100506260	3	15	7.404690916889369	2.5331085879683752	4.871582328920994	1.2502566749487694	2.0214443200962493	2.0214443200962493	Higher_in_CALR	3	LOC100506260	hypothetical LOC100506260	Homo sapiens	21		genomic	annotated
100289251	3	15	749.784566035281	211.61443285795204	538.170133177329	1.8201594584879464	2.003691199413882	2.003691199413882	Higher_in_CALR	3	LOC100289251	uncharacterized LOC100289251	Homo sapiens	14	14q13.2	genomic	annotated
9087	3	15	10.529132570900163	1.1104894958865434	9.41864307501362	2.449634417564177	1.9989058383166856	1.9989058383166856	Higher_in_CALR	2	TMSB4Y	thymosin beta 4 Y-linked	Homo sapiens	Y	Yq11.221	genomic	annotated
9567	3	15	89.87800653692676	47.58356860282415	42.29443793410261	0.9034627248513676	1.99527693960371	1.99527693960371	Higher_in_CALR	3	GTPBP1	GTP binding protein 1	Homo sapiens	22	22q13.1	genomic	annotated
5891	3	15	1.5624425841559395	0.5893704181591185	0.9730721659968212	0.6890642810501396	1.995056955727384	1.995056955727384	Higher_in_CALR	3	MOK	MOK protein kinase	Homo sapiens	14	14q32.31	genomic	annotated
5252	3	15	76.8852831139824	34.108154437915154	42.77712867606724	1.1495445894995386	1.99339499537428	1.99339499537428	Higher_in_CALR	3	PHF1	PHD finger protein 1	Homo sapiens	6	6p21.32	genomic	annotated
646023	3	15	23.822493652566965	4.258728688687741	19.563764963879223	2.238862083501528	1.9907354569086109	1.9907354569086109	Higher_in_CALR	3	ADORA2A-AS1	ADORA2A antisense RNA 1	Homo sapiens	22	22q11.23	genomic	annotated
286016	3	15	0.5111536180871997	0.2644785473045176	0.2466750707826821	0.2571077658528173	1.9890471612532683	1.9890471612532683	Higher_in_CALR	2	TPI1P2	triosephosphate isomerase 1 pseudogene 2	Homo sapiens	7	7q32.1	genomic	annotated
9303	3	15	2.5580879371076133	1.250435377520593	1.3076525595870203	0.6608980292904414	1.986182182725812	1.986182182725812	Higher_in_CALR	3	SNORD25	small nucleolar RNA, C/D box 25	Homo sapiens	11	11q12.3	genomic	annotated
64332	3	15	557.3142277892597	220.43277908805075	336.8814487012089	1.3342085188358066	1.981986182769371	1.981986182769371	Higher_in_CALR	3	NFKBIZ	NFKB inhibitor zeta	Homo sapiens	3	3q12.3	genomic	annotated
221079	3	15	63.95053259336351	30.426896765713163	33.52363582765034	1.047341534879017	1.9808808853094524	1.9808808853094524	Higher_in_CALR	3	ARL5B	ARF like GTPase 5B	Homo sapiens	10	10p12.31	genomic	annotated
3291	3	15	0.91316199178054	0.2400217770041057	0.6731402147764343	0.6255935779845134	1.975753125784837	1.975753125784837	Higher_in_CALR	2	HSD11B2	hydroxysteroid 11-beta dehydrogenase 2	Homo sapiens	16	16q22.1	genomic	annotated
8140	3	15	33.18955567727838	11.2118546836393	21.97770099363908	1.4852733465836407	1.975549052208984	1.975549052208984	Higher_in_CALR	3	SLC7A5	solute carrier family 7 member 5	Homo sapiens	16	16q24.2	genomic	annotated
51733	3	15	6.834184891352851	1.00229603251655	5.831888858836301	1.968127889742625	1.972720279073099	1.972720279073099	Higher_in_CALR	2	UPB1	beta-ureidopropionase 1	Homo sapiens	22	22q11.23	genomic	annotated
7130	3	15	9.466291325481606	2.157547518804817	7.308743806676789	1.7288739707204164	1.9702030662696004	1.9702030662696004	Higher_in_CALR	2	TNFAIP6	TNF alpha induced protein 6	Homo sapiens	2	2q23.3	genomic	annotated
100507111	3	15	4.318901636414793	2.585862721737685	1.7330389146771084	0.5688080988408575	1.969726686705216	1.969726686705216	Higher_in_CALR	3	LOC100507111	uncharacterized LOC100507111	Homo sapiens	19		genomic	annotated
201283	3	15	8.654458731191182	4.467891119290855	4.186567611900327	0.8202108627891151	1.966185522866137	1.966185522866137	Higher_in_CALR	3	AMZ2P1	AMZ2 pseudogene 1	Homo sapiens	17	17q24.1	genomic	annotated
10974	3	15	0.8981431344807888	0.4885550995388971	0.4095880349418916	0.3506761621067009	1.9537095069637973	1.9537095069637973	Higher_in_CALR	3	ADIRF	adipogenesis regulatory factor	Homo sapiens	10	10q23.2	genomic	annotated
7718	3	15	2.4143456241780465	1.1785049191115384	1.235840705066508	0.6482707346453038	1.9510258235468327	1.9510258235468327	Higher_in_CALR	3	ZNF165	zinc finger protein 165	Homo sapiens	6	6p22.1	genomic	annotated
64092	3	15	63.0019369201733	30.04886834877037	32.95306857140293	1.0435748798316071	1.9494688961087	1.9494688961087	Higher_in_CALR	3	SAMSN1	SAM domain, SH3 domain and nuclear localization signals 1	Homo sapiens	21	21q11.2	genomic	annotated
355	3	15	26.0413037732859	15.131091014663864	10.910212758622038	0.7453206941737545	1.9446005297895024	1.9446005297895024	Higher_in_CALR	3	FAS	Fas cell surface death receptor	Homo sapiens	10	10q23.31	genomic	annotated
1649	3	15	51.84252689955344	19.923986759087395	31.91854014046604	1.336541694913162	1.938246327597136	1.938246327597136	Higher_in_CALR	3	DDIT3	DNA damage inducible transcript 3	Homo sapiens	12	12q13.3	genomic	annotated
83694	3	15	1.9974663792678395	0.8217409129628975	1.175725466304942	0.7184257775126948	1.937888771472576	1.937888771472576	Higher_in_CALR	3	RPS6KL1	ribosomal protein S6 kinase like 1	Homo sapiens	14	14q24.3	genomic	annotated
25977	3	15	84.13158285931799	48.81702100848416	35.31456185083383	0.7730557019274933	1.9373429518736365	1.9373429518736365	Higher_in_CALR	3	NECAP1	NECAP endocytosis associated 1	Homo sapiens	12	12p13.31	genomic	annotated
55350	3	15	22.355026039810124	5.488569784522016	16.866456255288107	1.8477606352368905	1.9326055557698272	1.9326055557698272	Higher_in_CALR	3	VNN3P	vanin 3, pseudogene	Homo sapiens	6	6q23.2	genomic	annotated
400624	3	15	2.16275040989967	0.4748255700257283	1.6879248398739417	1.1006353745960729	1.9315602325425152	1.9315602325425152	Higher_in_CALR	2	LINC01973	long independently transcribed non-coding RNA 1973	Homo sapiens	17	17q25.3	genomic	annotated
29896	3	15	88.82771633805987	60.81682253590008	28.010893802159792	0.5391611574253528	1.9308881225183887	1.9308881225183887	Higher_in_CALR	3	TRA2A	transformer 2 alpha homolog	Homo sapiens	7	7p15.3	genomic	annotated
23645	3	15	380.2518106873967	135.72556676821495	244.52624391918167	1.47946114689021	1.9282677202491496	1.9282677202491496	Higher_in_CALR	3	PPP1R15A	protein phosphatase 1 regulatory subunit 15A	Homo sapiens	19	19q13.33	genomic	annotated
10318	3	15	149.01616171396896	64.44177254179473	84.57438917217422	1.196834204728801	1.9280929648948544	1.9280929648948544	Higher_in_CALR	3	TNIP1	TNFAIP3 interacting protein 1	Homo sapiens	5	5q33.1	genomic	annotated
27290	3	15	0.552418437492029	0.2178081186532324	0.3346103188387966	0.3502306367120218	1.924348280630786	1.924348280630786	Higher_in_CALR	2	SPINK4	serine peptidase inhibitor Kazal type 4	Homo sapiens	9	9p13.3	genomic	annotated
5209	3	15	92.83630436969096	40.109664890031226	52.72663947965973	1.1906685840093203	1.919750800649028	1.919750800649028	Higher_in_CALR	3	PFKFB3	6-phosphofructo-2-kinase/fructose-2,6-biphosphatase 3	Homo sapiens	10	10p15.1	genomic	annotated
3557	3	15	78.26920004289887	19.093062311304184	59.17613773159469	1.9800629605068505	1.915948067147615	1.915948067147615	Higher_in_CALR	3	IL1RN	interleukin 1 receptor antagonist	Homo sapiens	2	2q14.1	genomic	annotated
3301	3	15	78.70200506539884	52.13388356062608	26.568121504772755	0.5849838552055564	1.9130322811769376	1.9130322811769376	Higher_in_CALR	3	DNAJA1	DnaJ heat shock protein family (Hsp40) member A1	Homo sapiens	9	9p21.1	genomic	annotated
100129726	3	15	3.97840190900714	1.7039729080312758	2.2744290009758643	0.880602007680898	1.911175359878626	1.911175359878626	Higher_in_CALR	3	LINC01126	long independently transcribed non-coding RNA 1126	Homo sapiens	2	2p21	genomic	annotated
50486	3	15	531.392312986338	74.81775794513084	456.57455504120713	2.8118820414610592	1.908609966878655	1.908609966878655	Higher_in_CALR	3	G0S2	G0/G1 switch 2	Homo sapiens	1	1q32.2	genomic	annotated
5366	3	15	47.286101608258925	21.15567401843811	26.13042758982081	1.1239317747660191	1.9021700595099928	1.9021700595099928	Higher_in_CALR	3	PMAIP1	phorbol-12-myristate-13-acetate-induced protein 1	Homo sapiens	18	18q21.32	genomic	annotated
100507217	3	15	137.84470760091236	71.84188083165809	66.00282676925427	0.9306321070529756	1.9014873479538816	1.9014873479538816	Higher_in_CALR	3	CHASERR	CHD2 adjacent suppressive regulatory RNA	Homo sapiens	15	15q26.1	genomic	annotated
10693	3	15	1.5982084743074234	0.8733078418516083	0.7249006324558152	0.4719291959387072	1.901171789302766	1.901171789302766	Higher_in_CALR	3	CCT6B	chaperonin containing TCP1 subunit 6B	Homo sapiens	17	17q12	genomic	annotated
400941	3	15	7.20286687024159	1.275207575932183	5.927659294309407	1.850130040268711	1.8999295501630675	1.8999295501630675	Higher_in_CALR	2	LINC00487	long independently transcribed non-coding RNA 487	Homo sapiens	2	2p25.2	genomic	annotated
1435	3	15	4.772008526285073	1.421558524866247	3.350450001418826	1.2531375601525057	1.8993298033322008	1.8993298033322008	Higher_in_CALR	2	CSF1	colony stimulating factor 1	Homo sapiens	1	1p13.3	genomic	annotated
54490	3	15	3.0614318995236034	0.9439437257957006	2.117488173727903	1.063001998317651	1.898815460881416	1.898815460881416	Higher_in_CALR	3	UGT2B28	UDP glucuronosyltransferase family 2 member B28	Homo sapiens	4	4q13.2	genomic	annotated
5142	3	15	163.89944057648242	59.66100278994477	104.23843778653765	1.4427452518890878	1.898794758066292	1.898794758066292	Higher_in_CALR	3	PDE4B	phosphodiesterase 4B	Homo sapiens	1	1p31.3	genomic	annotated
388799	3	15	1.3098930936167632	0.4843934957001307	0.8254995979166324	0.6379524978541719	1.8982994836749256	1.8982994836749256	Higher_in_CALR	2	FAM209B	family with sequence similarity 209 member B	Homo sapiens	20	20q13.31	genomic	annotated
121260	3	15	94.0084023007712	36.94442138565616	57.06398091511503	1.3241673121190916	1.8964503622610736	1.8964503622610736	Higher_in_CALR	3	SLC15A4	solute carrier family 15 member 4	Homo sapiens	12	12q24.33	genomic	annotated
57169	3	15	211.623944159677	133.36305664009785	78.26088751957914	0.662167550735302	1.896341038326368	1.896341038326368	Higher_in_CALR	3	ZNFX1	zinc finger NFX1-type containing 1	Homo sapiens	20	20q13.13	genomic	annotated
51439	3	15	118.75463867141208	65.7506827504988	53.00395592091327	0.8432270411377987	1.8961604414166395	1.8961604414166395	Higher_in_CALR	3	FAM8A1	family with sequence similarity 8 member A1	Homo sapiens	6	6p22.3	genomic	annotated
64651	3	15	194.0812344298149	85.1503109160349	108.93092351378002	1.179147098311038	1.8958623009432127	1.8958623009432127	Higher_in_CALR	3	CSRNP1	cysteine and serine rich nuclear protein 1	Homo sapiens	3	3p22.2	genomic	annotated
28454	3	15	2.4180971236714264	1.1522138124226289	1.2658833112487975	0.6673719810681289	1.893082156015919	1.893082156015919	Higher_in_CALR	3	IGHV2-70	immunoglobulin heavy variable 2-70	Homo sapiens	14	14q32.33	genomic	annotated
9921	3	15	116.49996439089313	61.923655703965714	54.5763086869274	0.9009859243678164	1.890216816811656	1.890216816811656	Higher_in_CALR	3	RNF10	ring finger protein 10	Homo sapiens	12	12q24.31	genomic	annotated
84243	3	15	107.59318076851471	30.98331044063909	76.60987032787563	1.7635423321468258	1.888942800072532	1.888942800072532	Higher_in_CALR	3	ZDHHC18	zDHHC palmitoyltransferase 18	Homo sapiens	1	1p36.11	genomic	annotated
6348	3	15	28.575491724646536	6.227128684715795	22.348363039930742	2.032907667175349	1.886797465467933	1.886797465467933	Higher_in_CALR	3	CCL3	C-C motif chemokine ligand 3	Homo sapiens	17	17q12	genomic	annotated
26801	3	15	0.6982513507945859	0.3147391345936564	0.3835122162009294	0.3692734277162243	1.882723569135338	1.882723569135338	Higher_in_CALR	2	SNORD48	small nucleolar RNA, C/D box 48	Homo sapiens	6	6p21.33	genomic	annotated
100506229	3	15	1.1997615194061009	0.21379166507693	0.9859698543291706	0.8578263077449415	1.8814700970593847	1.8814700970593847	Higher_in_CALR	2	LINC01093	long independently transcribed non-coding RNA 1093	Homo sapiens	4	4q35.1	genomic	annotated
126549	3	15	1.8608838947120128	1.2043160334364629	0.6565678612755506	0.3761298705800215	1.8764873880190684	1.8764873880190684	Higher_in_CALR	3	ANKLE1	ankyrin repeat and LEM domain containing 1	Homo sapiens	19	19p13.11	genomic	annotated
100506727	3	15	150.05731006920757	79.62394397119932	70.43336609800825	0.905815737698684	1.8753119541835663	1.8753119541835663	Higher_in_CALR	3	LOC100506727	hypothetical protein LOC100506727	Homo sapiens	15		genomic	annotated
3157	3	15	28.09502919800963	19.10891659689324	8.986112601116396	0.5329373378768238	1.8719267621356608	1.8719267621356608	Higher_in_CALR	3	HMGCS1	3-hydroxy-3-methylglutaryl-CoA synthase 1	Homo sapiens	5	5p12	genomic	annotated
100507459	3	15	0.9841075750369124	0.4972253531811336	0.4868822218557786	0.4061988650360353	1.8710092692653395	1.8710092692653395	Higher_in_CALR	3	NRSN2-AS1	NRSN2 antisense RNA 1	Homo sapiens	20	20p13	genomic	annotated
221756	3	15	6.406478984673584	4.046657460521556	2.359821524152028	0.5534596853917582	1.8656919808711152	1.8656919808711152	Higher_in_CALR	3	SERPINB9P1	serpin family B member 9 pseudogene 1	Homo sapiens	6	6p25.2	genomic	annotated
55370	3	15	13.399713906380262	6.666592574097428	6.733121332282834	0.9093827306586252	1.860453163396409	1.860453163396409	Higher_in_CALR	3	PPP4R1L	protein phosphatase 4 regulatory subunit 1 like (pseudogene)	Homo sapiens	20	20q13.32	genomic	annotated
129881	3	15	1.7950244152076131	0.5631180592348396	1.2319063559727734	0.8384341390365383	1.858770929379952	1.858770929379952	Higher_in_CALR	3	CFAP210	cilia and flagella associated protein 210	Homo sapiens	2	2q31.1	genomic	annotated
8521	3	15	0.8778216198615983	0.1749479949885711	0.7028736248730272	0.676463121099786	1.8577340028981528	1.8577340028981528	Higher_in_CALR	2	GCM1	GCM transcription factor 1	Homo sapiens	6	6p12.1	genomic	annotated
57458	3	15	69.88183185105487	20.22894342059367	49.6528884304612	1.739383319912645	1.85728520076002	1.85728520076002	Higher_in_CALR	3	TMCC3	transmembrane and coiled-coil domain family 3	Homo sapiens	12	12q22	genomic	annotated
100505551	3	15	1.89126477992454	0.8906210435927654	1.0006437363317744	0.6128405176044249	1.8565443973524312	1.8565443973524312	Higher_in_CALR	3	LOC100505551	uncharacterized LOC100505551	Homo sapiens	7		genomic	annotated
25790	3	15	15.74408197078413	3.758625307184799	11.985456663599331	1.8150345127660867	1.8551715402393607	1.8551715402393607	Higher_in_CALR	3	CFAP45	cilia and flagella associated protein 45	Homo sapiens	1	1q23.2	genomic	annotated
202915	3	15	9.7576910586694	6.478574038706964	3.2791170199624355	0.5245333444351443	1.8535392426747328	1.8535392426747328	Higher_in_CALR	3	TMEM184A	transmembrane protein 184A	Homo sapiens	7	7p22.3	genomic	annotated
10912	3	15	2.54333500663013	0.9759101649357866	1.5674248416943437	0.8425905162722459	1.8518615881710896	1.8518615881710896	Higher_in_CALR	3	GADD45G	growth arrest and DNA damage inducible gamma	Homo sapiens	9	9q22.2	genomic	annotated
1145	3	15	8.166185007542257	3.221823545911405	4.944361461630852	1.1184551234423847	1.8504433900363573	1.8504433900363573	Higher_in_CALR	3	CHRNE	cholinergic receptor nicotinic epsilon subunit	Homo sapiens	17	17p13.2	genomic	annotated
54922	3	15	0.7255817786834192	0.2361888987784858	0.4893928799049334	0.4811836329960698	1.8492069485201224	1.8492069485201224	Higher_in_CALR	2	RASIP1	Ras interacting protein 1	Homo sapiens	19	19q13.33	genomic	annotated
9683	3	15	99.58484373797204	50.863522421603925	48.72132131636811	0.9556208359167596	1.8477114435355044	1.8477114435355044	Higher_in_CALR	3	N4BP1	NEDD4 binding protein 1	Homo sapiens	16	16q12.1	genomic	annotated
100506921	3	15	0.686997773123155	0.2765744694334166	0.4104233036897384	0.4021803688983364	1.847281602607055	1.847281602607055	Higher_in_CALR	2	LOC100506921	hypothetical LOC100506921	Homo sapiens	10		genomic	annotated
9143	3	15	0.7623126296143696	0.2951196363008782	0.4671929933134914	0.4443845046548381	1.8470944099617093	1.8470944099617093	Higher_in_CALR	2	SYNGR3	synaptogyrin 3	Homo sapiens	16	16p13.3	genomic	annotated
57095	3	15	81.06127094075754	36.73097546489204	44.3302954758655	1.1209520995848568	1.845653421613621	1.845653421613621	Higher_in_CALR	3	PITHD1	PITH domain containing 1	Homo sapiens	1	1p36.11	genomic	annotated
2310	3	15	49.0030123465643	24.895317056930484	24.107695289633813	0.9493237875802468	1.837084683268349	1.837084683268349	Higher_in_CALR	3	FOXO3B	forkhead box O3B	Homo sapiens	17	17p11.2	genomic	annotated
9304	3	15	5.05809399682603	2.8213487275616185	2.236745269264412	0.6647820422704978	1.8368639173805668	1.8368639173805668	Higher_in_CALR	3	SNORD22	small nucleolar RNA, C/D box 22	Homo sapiens	11	11q12.3	genomic	annotated
3914	3	15	4.63136186091394	1.2235423707200683	3.407819490193872	1.3406239625555754	1.835196499982491	1.835196499982491	Higher_in_CALR	2	LAMB3	laminin subunit beta 3	Homo sapiens	1	1q32.2	genomic	annotated
4928	3	15	206.7878856625684	122.8310742316162	83.95681143095211	0.7467381548664651	1.83483544201453	1.83483544201453	Higher_in_CALR	3	NUP98	nucleoporin 98 and 96 precursor	Homo sapiens	11	11p15.4	genomic	annotated
2996	3	15	5.255484806797944	1.572777793295329	3.682707013502615	1.2817948399525934	1.8288631382251328	1.8288631382251328	Higher_in_CALR	3	GYPE	glycophorin E (MNS blood group)	Homo sapiens	4	4q31.21	genomic	annotated
25853	3	15	168.58477849642546	33.84805367873212	134.73672481769333	2.2828566964714936	1.827107490012116	1.827107490012116	Higher_in_CALR	3	DCAF12	DDB1 and CUL4 associated factor 12	Homo sapiens	9	9p13.3	genomic	annotated
55909	3	15	21.2140228416278	14.67245841082944	6.541564430798358	0.503239179583336	1.825466457363913	1.825466457363913	Higher_in_CALR	3	BIN3	bridging integrator 3	Homo sapiens	8	8p21.3	genomic	annotated
55859	3	15	2.378457133405998	0.8637135319299352	1.514743601476063	0.8581844270480025	1.823191155264284	1.823191155264284	Higher_in_CALR	3	BEX1	brain expressed X-linked 1	Homo sapiens	X	Xq22	genomic	annotated
58515	3	15	20.3599884713705	11.45106882861563	8.908919642754869	0.7786412764633348	1.820476404767784	1.820476404767784	Higher_in_CALR	3	SELENOK	selenoprotein K	Homo sapiens	3	3p21.1	genomic	annotated
100506801	3	15	9.08092663822743	2.950796733665193	6.130129904562237	1.35141272991718	1.819059884395079	1.819059884395079	Higher_in_CALR	3	ECE1-AS1	ECE1 antisense RNA 1	Homo sapiens	1	1p36.12	genomic	annotated
126298	3	15	39.35742531021375	17.24900802863888	22.10841728157487	1.1450160927533355	1.818929222417088	1.818929222417088	Higher_in_CALR	3	IRGQ	immunity related GTPase Q	Homo sapiens	19	19q13.31	genomic	annotated
26795	3	15	1.4264854622439722	0.7272951356632286	0.6991903265807436	0.4903536053670039	1.81514377834198	1.81514377834198	Higher_in_CALR	3	SNORD54	small nucleolar RNA, C/D box 54	Homo sapiens	8	8q12.1	genomic	annotated
3383	3	15	145.5347489093559	50.03990931928433	95.49483959007156	1.5215451515282243	1.8140936957797733	1.8140936957797733	Higher_in_CALR	3	ICAM1	intercellular adhesion molecule 1	Homo sapiens	19	19p13.2	genomic	annotated
1051	3	15	169.66181804680596	74.4582368981596	95.20358114864636	1.177390025426161	1.8115724755680576	1.8115724755680576	Higher_in_CALR	3	CEBPB	CCAAT enhancer binding protein beta	Homo sapiens	20	20q13.13	genomic	annotated
5868	3	15	80.69773876169866	50.58454663026519	30.113192131433472	0.6633572108775416	1.810679326999873	1.810679326999873	Higher_in_CALR	3	RAB5A	RAB5A, member RAS oncogene family	Homo sapiens	3	3p24.3	genomic	annotated
9732	3	15	23.91922657164964	9.517218654726326	14.402007916923315	1.2445060663301688	1.8104659955977336	1.8104659955977336	Higher_in_CALR	3	DOCK4	dedicator of cytokinesis 4	Homo sapiens	7	7q31.1	genomic	annotated
7128	3	15	567.568446292927	183.999999273678	383.56844701924905	1.6198087712579374	1.809593390877533	1.809593390877533	Higher_in_CALR	3	TNFAIP3	TNF alpha induced protein 3	Homo sapiens	6	6q23.3	genomic	annotated
6811	3	15	41.68471046765487	23.019559050169967	18.6651514174849	0.829509727073054	1.8076723839385016	1.8076723839385016	Higher_in_CALR	3	STX5	syntaxin 5	Homo sapiens	11	11q12.3	genomic	annotated
51230	3	15	64.11696509612317	46.229370099089536	17.88759499703363	0.4633491672315353	1.806077512967001	1.806077512967001	Higher_in_CALR	3	PHF20	PHD finger protein 20	Homo sapiens	20	20q11.22-q11.23	genomic	annotated
100507025	3	15	116.41707514783091	28.62795302560397	87.78912212222694	1.986611364729585	1.8002505481243742	1.8002505481243742	Higher_in_CALR	3	LOC100507025	uncharacterized LOC100507025	Homo sapiens	6		genomic	annotated
1198	3	15	78.84973429334669	55.12876877656448	23.720965516782208	0.508547193824815	1.8000599949874214	1.8000599949874214	Higher_in_CALR	3	CLK3	CDC like kinase 3	Homo sapiens	15	15q24.1	genomic	annotated
4794	3	15	51.215116837729234	27.153840747813025	24.06127608991621	0.8911357947607295	1.799385748908891	1.799385748908891	Higher_in_CALR	3	NFKBIE	NFKB inhibitor epsilon	Homo sapiens	6	6p21.1	genomic	annotated
4814	3	15	103.71554298301336	39.95735542874157	63.75818755427178	1.3542811279144598	1.799133588654065	1.799133588654065	Higher_in_CALR	3	NINJ1	ninjurin 1	Homo sapiens	9	9q22.31	genomic	annotated
2878	3	15	5.6926944092285865	1.7116727378842995	3.981021671344287	1.3034040665874087	1.7987623552765757	1.7987623552765757	Higher_in_CALR	2	GPX3	glutathione peroxidase 3	Homo sapiens	5	5q33.1	genomic	annotated
8660	3	15	58.13490971867543	28.47320906007028	29.66170065860515	1.0046059123895184	1.7926318482447212	1.7926318482447212	Higher_in_CALR	3	IRS2	insulin receptor substrate 2	Homo sapiens	13	13q34	genomic	annotated
100505895	3	15	3.628499550836265	0.9308740190943084	2.6976255317419566	1.2612905440005555	1.7835440084274825	1.7835440084274825	Higher_in_CALR	3	LOC100505895	hypothetical LOC100505895	Homo sapiens	7		genomic	annotated
79706	3	15	27.393552486994803	20.033652027799903	7.3599004591949	0.4328640006934918	1.7785300262781982	1.7785300262781982	Higher_in_CALR	3	PRKRIP1	PRKR interacting protein 1	Homo sapiens	7	7q22.1	genomic	annotated
56616	3	15	21.97576690416044	17.561306278262986	4.414460625897448	0.3078147720382533	1.7785241270107204	1.7785241270107204	Higher_in_CALR	3	DIABLO	diablo IAP-binding mitochondrial protein	Homo sapiens	12	12q24.31	genomic	annotated
84289	3	15	15.767112003188734	10.842325644940477	4.924786358248257	0.5016817867574552	1.7772943162657415	1.7772943162657415	Higher_in_CALR	3	ING5	inhibitor of growth family member 5	Homo sapiens	2	2q37.3	genomic	annotated
3576	3	15	1517.84017639244	141.68176654004031	1376.1584098523997	3.4120971786556487	1.775997431705822	1.775997431705822	Higher_in_CALR	3	CXCL8	C-X-C motif chemokine ligand 8	Homo sapiens	4	4q13.3	genomic	annotated
4192	3	15	1.2268026432228396	0.652187782390529	0.5746148608323106	0.4305960326112167	1.775139075303232	1.775139075303232	Higher_in_CALR	3	MDK	midkine	Homo sapiens	11	11p11.2	genomic	annotated
3399	3	15	2.4115255005567664	1.0635392160278585	1.347986284528908	0.7252961442807921	1.77339361386282	1.77339361386282	Higher_in_CALR	3	ID3	inhibitor of DNA binding 3	Homo sapiens	1	1p36.12	genomic	annotated
79838	3	15	2.698268354384032	1.010708204094361	1.687560150289671	0.8791461820823658	1.769319853708525	1.769319853708525	Higher_in_CALR	3	TMC5	transmembrane channel like 5	Homo sapiens	16	16p12.3	genomic	annotated
597	3	15	163.05436869768337	45.63566975414194	117.41869894354144	1.8146682709181352	1.767650374543741	1.767650374543741	Higher_in_CALR	3	BCL2A1	BCL2 related protein A1	Homo sapiens	15	15q25.1	genomic	annotated
100505618	3	15	8.52204832712759	4.102485143312856	4.419563183814735	0.9000718743733054	1.7670954094398748	1.7670954094398748	Higher_in_CALR	3	LOC100505618	hypothetical protein LOC100505618	Homo sapiens	16		genomic	annotated
222487	3	15	29.831605654836853	6.986387594414272	22.84521806042258	1.948795028889928	1.7651656249364474	1.7651656249364474	Higher_in_CALR	3	ADGRG3	adhesion G protein-coupled receptor G3	Homo sapiens	16	16q21	genomic	annotated
221687	3	15	2.113449173598629	0.574023031831264	1.539426141767365	0.98405707653568	1.764273197247133	1.764273197247133	Higher_in_CALR	3	RNF182	ring finger protein 182	Homo sapiens	6	6p23	genomic	annotated
133	3	15	38.20078686867053	13.326200134390728	24.87458673427981	1.4522266120386722	1.7626865976278203	1.7626865976278203	Higher_in_CALR	3	ADM	adrenomedullin	Homo sapiens	11	11p15.4	genomic	annotated
6563	3	15	13.947762394267682	3.4517076346595963	10.496054759608086	1.747498784221606	1.762569525394941	1.762569525394941	Higher_in_CALR	3	SLC14A1	solute carrier family 14 member 1 (Kidd blood group)	Homo sapiens	18	18q12.3	genomic	annotated
5329	3	15	83.53552867455876	40.45088122266093	43.08464745189783	1.0281550331868985	1.7552757176774083	1.7552757176774083	Higher_in_CALR	3	PLAUR	plasminogen activator, urokinase receptor	Homo sapiens	19	19q13.31	genomic	annotated
6617	3	15	4.91332618848239	3.339543640971299	1.5737825475110911	0.4464265280108748	1.7549484752404083	1.7549484752404083	Higher_in_CALR	3	SNAPC1	small nuclear RNA activating complex polypeptide 1	Homo sapiens	14	14q23.2	genomic	annotated
11163	3	15	103.81878355086242	68.62587638857079	35.19290716229163	0.5902017842950302	1.754735119169317	1.754735119169317	Higher_in_CALR	3	NUDT4	nudix hydrolase 4	Homo sapiens	12	12q22	genomic	annotated
5130	3	15	34.4504814962022	25.87587519058855	8.574606305613653	0.3994934869631246	1.7533086257327783	1.7533086257327783	Higher_in_CALR	3	PCYT1A	phosphate cytidylyltransferase 1A, choline	Homo sapiens	3	3q29	genomic	annotated
8178	3	15	55.6276724119214	21.25317294588593	34.37449946603547	1.347496175477259	1.753204290677293	1.753204290677293	Higher_in_CALR	3	ELL	elongation factor for RNA polymerase II	Homo sapiens	19	19p13.11	genomic	annotated
63908	3	15	23.80825652002357	16.00505231661704	7.803204203406526	0.5448569042086575	1.7495840651640868	1.7495840651640868	Higher_in_CALR	3	NAPB	NSF attachment protein beta	Homo sapiens	20	20p11.21	genomic	annotated
2309	3	15	198.81052000212745	91.3768733379946	107.43364666413284	1.1130289213584126	1.7438549428428065	1.7438549428428065	Higher_in_CALR	3	FOXO3	forkhead box O3	Homo sapiens	6	6q21	genomic	annotated
94056	3	15	45.07749589227094	27.13092610695859	17.94656978531235	0.7119052659816987	1.7412243524397613	1.7412243524397613	Higher_in_CALR	3	SYAP1	synapse associated protein 1	Homo sapiens	X	Xp22.2	genomic	annotated
5008	3	15	28.16753042238872	8.570993743634993	19.59653667875373	1.6076226095364996	1.739955084044178	1.739955084044178	Higher_in_CALR	3	OSM	oncostatin M	Homo sapiens	22	22q12.2	genomic	annotated
158830	3	15	7.696253503698746	3.826513144393575	3.869740359305172	0.8494126889397999	1.7394028011149347	1.7394028011149347	Higher_in_CALR	3	CXorf65	chromosome X open reading frame 65	Homo sapiens	X	Xq13.1	genomic	annotated
27232	3	15	1.723569878695403	0.8872083051118521	0.8363615735835509	0.5292452102844434	1.7367617291877635	1.7367617291877635	Higher_in_CALR	3	GNMT	glycine N-methyltransferase	Homo sapiens	6	6p21.1	genomic	annotated
4312	3	15	9.8279471721699	2.6275366142024725	7.2004105579674285	1.5776976728173224	1.7357772282963322	1.7357772282963322	Higher_in_CALR	3	MMP1	matrix metallopeptidase 1	Homo sapiens	11	11q22.2	genomic	annotated
144195	3	15	57.45512856948816	28.345378903510746	29.10974966597741	0.9941962692598398	1.732264454733563	1.732264454733563	Higher_in_CALR	3	SLC2A14	solute carrier family 2 member 14	Homo sapiens	12	12p13.31	genomic	annotated
9704	3	15	23.64403510927703	13.71910085855186	9.92493425072517	0.7435489515183504	1.7313533373358383	1.7313533373358383	Higher_in_CALR	3	DHX34	DExH-box helicase 34	Homo sapiens	19	19q13.32	genomic	annotated
654817	3	15	139.16125738681396	52.63019662695455	86.5310607598594	1.3859701746231137	1.7309143847933186	1.7309143847933186	Higher_in_CALR	3	NCF1C	neutrophil cytosolic factor 1C (pseudogene)	Homo sapiens	7	7q11.23	genomic	annotated
257000	3	15	0.6514357438079803	0.2159154245864165	0.4355203192215637	0.4416779537250769	1.72741076505809	1.72741076505809	Higher_in_CALR	2	TINCR	TINCR ubiquitin domain containing	Homo sapiens	19	19p13.3	genomic	annotated
51343	3	15	30.46163069050627	16.291835190839137	14.169795499667131	0.863502458114362	1.7184718000413786	1.7184718000413786	Higher_in_CALR	3	FZR1	fizzy and cell division cycle 20 related 1	Homo sapiens	19	19p13.3	genomic	annotated
1048	3	15	1.148133324392183	0.4519273820401855	0.6962059423519975	0.5651142383713332	1.7168713558571862	1.7168713558571862	Higher_in_CALR	3	CEACAM5	CEA cell adhesion molecule 5	Homo sapiens	19	19q13.2	genomic	annotated
56994	3	15	17.560216093952334	12.77492815672348	4.785287937228853	0.4301687132305973	1.714741659147723	1.714741659147723	Higher_in_CALR	3	CHPT1	choline phosphotransferase 1	Homo sapiens	12	12q23.2	genomic	annotated
3460	3	15	133.9272476905705	82.94242801145596	50.98481967911455	0.6847096222056628	1.71408815987623	1.71408815987623	Higher_in_CALR	3	IFNGR2	interferon gamma receptor 2	Homo sapiens	21	21q22.11	genomic	annotated
8482	3	15	9.163566018331435	4.548485775091376	4.615080243240061	0.8732406715132597	1.7113977717097857	1.7113977717097857	Higher_in_CALR	3	SEMA7A	semaphorin 7A (JohnMiltonHagen blood group)	Homo sapiens	15	15q24.1	genomic	annotated
10769	3	15	4.772497031312287	2.012385602622031	2.7601114286902555	0.9382890709841684	1.7111599842569338	1.7111599842569338	Higher_in_CALR	3	PLK2	polo like kinase 2	Homo sapiens	5	5q11.2	genomic	annotated
5662	3	15	3.1052713639560694	1.4201039193587373	1.685167444597332	0.7624085910242433	1.7110448991324283	1.7110448991324283	Higher_in_CALR	3	PSD	pleckstrin and Sec7 domain containing	Homo sapiens	10	10q24.32	genomic	annotated
440498	3	15	6.2382065627040335	3.974750679551882	2.2634558831521514	0.5410080560140043	1.7081487263420847	1.7081487263420847	Higher_in_CALR	3	HSBP1L1	heat shock factor binding protein 1 like 1	Homo sapiens	18	18q23	genomic	annotated
9536	3	15	8.366707257701071	1.7125996788442912	6.65410757885678	1.78786582392367	1.7062594319740008	1.7062594319740008	Higher_in_CALR	2	PTGES	prostaglandin E synthase	Homo sapiens	9	9q34.11	genomic	annotated
10488	3	15	17.86867777609953	11.56097487370403	6.307702902395501	0.5870448914999602	1.7041155675747748	1.7041155675747748	Higher_in_CALR	3	CREB3	cAMP responsive element binding protein 3	Homo sapiens	9	9p13.3	genomic	annotated
200298	3	15	17.404539743091757	5.55746770202305	11.847072041068706	1.4888509697464525	1.7023297257248309	1.7023297257248309	Higher_in_CALR	3	LINC00528	long independently transcribed non-coding RNA 528	Homo sapiens	22	22q11.21	genomic	annotated
399474	3	15	52.71584307695006	23.68658716805033	29.029255908899728	1.1216202599767318	1.699649494971753	1.699649494971753	Higher_in_CALR	3	TMEM200B	transmembrane protein 200B	Homo sapiens	1	1p35.3	genomic	annotated
51762	3	15	255.31836656263204	157.53327546609677	97.78509109653528	0.6931511712857503	1.6977970053692806	1.6977970053692806	Higher_in_CALR	3	RAB8B	RAB8B, member RAS oncogene family	Homo sapiens	15	15q22.2	genomic	annotated
84557	3	15	4.352511454324983	1.8239124131557856	2.5285990411691968	0.922520635487004	1.693693334543011	1.693693334543011	Higher_in_CALR	3	MAP1LC3A	microtubule associated protein 1 light chain 3 alpha	Homo sapiens	20	20q11.22	genomic	annotated
56154	3	15	1.003043714472864	0.2631167316171547	0.7399269828557093	0.6652059341739862	1.692934578653314	1.692934578653314	Higher_in_CALR	2	TEX15	testis expressed 15, meiosis and synapsis associated	Homo sapiens	8	8p12	genomic	annotated
9700	3	15	1.37429754304957	0.6076680495090316	0.7666294935405384	0.5625311921514836	1.688707365064146	1.688707365064146	Higher_in_CALR	2	ESPL1	extra spindle pole bodies like 1, separase	Homo sapiens	12	12q13.13	genomic	annotated
79665	3	15	41.97019643787543	25.937939222326666	16.032257215548764	0.6736968848998419	1.688122618604105	1.688122618604105	Higher_in_CALR	3	DHX40	DEAH-box helicase 40	Homo sapiens	17	17q23.1	genomic	annotated
654816	3	15	139.1354995965457	57.90383644463313	81.23166315191258	1.2503889645507602	1.6871797856360806	1.6871797856360806	Higher_in_CALR	3	NCF1B	neutrophil cytosolic factor 1B (pseudogene)	Homo sapiens	7	7q11.23	genomic	annotated
79647	3	15	97.24106794018265	63.5247018682594	33.71636607192323	0.6064746733001769	1.6854058453182337	1.6854058453182337	Higher_in_CALR	3	AKIRIN1	akirin 1	Homo sapiens	1	1p34.3	genomic	annotated
1844	3	15	58.91826087001067	27.60770123581941	31.310559634191257	1.0665921751769822	1.6843871935972383	1.6843871935972383	Higher_in_CALR	3	DUSP2	dual specificity phosphatase 2	Homo sapiens	2	2q11.2	genomic	annotated
100507241	3	15	1.1380897421462863	0.6668209829413246	0.4712687592049617	0.3592232418623486	1.6842254591002377	1.6842254591002377	Higher_in_CALR	3	LOC100507241	uncharacterized LOC100507241	Homo sapiens	6		genomic	annotated
3459	3	15	174.3621651699863	105.42810414559789	68.93406102438841	0.7204583470195391	1.6830918276233389	1.6830918276233389	Higher_in_CALR	3	IFNGR1	interferon gamma receptor 1	Homo sapiens	6	6q23.3	genomic	annotated
4162	3	15	1.3586726839308032	0.4248927589234028	0.9337799250074004	0.7271218853631087	1.682978771671461	1.682978771671461	Higher_in_CALR	2	MCAM	melanoma cell adhesion molecule	Homo sapiens	11	11q23.3	genomic	annotated
84251	3	15	0.5422228527382553	0.2629912997947156	0.2792315529435397	0.2881665501344124	1.6806547149556743	1.6806547149556743	Higher_in_CALR	2	SGIP1	SH3GL interacting endocytic adaptor 1	Homo sapiens	1	1p31.3	genomic	annotated
4729	3	15	32.0443263325543	23.157512711515345	8.886813621038954	0.4519306635736528	1.6767300945367338	1.6767300945367338	Higher_in_CALR	3	NDUFV2	NADH:ubiquinone oxidoreductase core subunit V2	Homo sapiens	18	18p11.22	genomic	annotated
415116	3	15	130.18953891988264	62.11916132223766	68.07037759764498	1.0555027425562669	1.675878797234337	1.675878797234337	Higher_in_CALR	3	PIM3	Pim-3 proto-oncogene, serine/threonine kinase	Homo sapiens	22	22q13.33	genomic	annotated
63916	3	15	58.621055018186375	42.64560679069892	15.975448227487457	0.4499854599298993	1.6757832487165425	1.6757832487165425	Higher_in_CALR	3	ELMO2	engulfment and cell motility 2	Homo sapiens	20	20q13.12	genomic	annotated
148423	3	15	17.335117623710065	13.376452934606872	3.958664689103193	0.3509017540461734	1.669682234631581	1.669682234631581	Higher_in_CALR	3	C1orf52	chromosome 1 open reading frame 52	Homo sapiens	1	1p22.3	genomic	annotated
5277	3	15	46.3751278759572	23.092949302531245	23.282178573425952	0.9755188276892888	1.6689805580799153	1.6689805580799153	Higher_in_CALR	3	PIGA	phosphatidylinositol glycan anchor biosynthesis class A	Homo sapiens	X	Xp22.2	genomic	annotated
440145	3	15	8.025448715915273	4.654257399461484	3.371191316453789	0.6746610992321411	1.667114683438127	1.667114683438127	Higher_in_CALR	3	MZT1	mitotic spindle organizing protein 1	Homo sapiens	13	13q21.33	genomic	annotated
3306	3	15	8.418904297149238	2.2997373691993466	6.119166927949891	1.5132080377367496	1.665679618522748	1.665679618522748	Higher_in_CALR	3	HSPA2	heat shock protein family A (Hsp70) member 2	Homo sapiens	14	14q23.3	genomic	annotated
28791	3	15	0.7794601654805939	0.2190064720919386	0.5604536933886552	0.5457338517198448	1.6650404190039017	1.6650404190039017	Higher_in_CALR	2	IGLV3-27	immunoglobulin lambda variable 3-27	Homo sapiens	22	22q11.22	genomic	annotated
28581	3	15	2.4400445548338	1.133447949150232	1.306596605683568	0.6892403377931575	1.6643295528136526	1.6643295528136526	Higher_in_CALR	3	TRBV11-2	T cell receptor beta variable 11-2	Homo sapiens	7	7q34	genomic	annotated
100507423	3	15	7.49691120362193	4.957281623940426	2.5396295796815043	0.5122843256667453	1.6615665498346726	1.6615665498346726	Higher_in_CALR	3	MKNK1-AS1	MKNK1 antisense RNA 1	Homo sapiens	1	1p33	genomic	annotated
7062	3	15	1.6425954141367904	0.4334494753498557	1.2091459387869348	0.8824645078689479	1.6610611543755882	1.6610611543755882	Higher_in_CALR	3	TCHH	trichohyalin	Homo sapiens	1	1q21.3	genomic	annotated
117531	3	15	1.2723975702652457	0.3145818430001549	0.9578157272650908	0.7896113017074693	1.6604873372934346	1.6604873372934346	Higher_in_CALR	2	TMC1	transmembrane channel like 1	Homo sapiens	9	9q21.13	genomic	annotated
9382	3	15	37.316234422394	27.14051823786801	10.175716184525982	0.4453068877174964	1.6566995146659464	1.6566995146659464	Higher_in_CALR	3	COG1	component of oligomeric golgi complex 1	Homo sapiens	17	17q25.1	genomic	annotated
400223	3	15	17.084222053931548	8.539522886457526	8.544699167474022	0.9227425199361812	1.6563522103147712	1.6563522103147712	Higher_in_CALR	3	C14orf181	chromosome 14 open reading frame 181	Homo sapiens	14	14q24.1	genomic	annotated
100506670	3	15	5.117382940619563	1.5370743021155708	3.580308638503992	1.2697488182713668	1.6561403567455264	1.6561403567455264	Higher_in_CALR	3	LOC100506670	uncharacterized LOC100506670	Homo sapiens	16		genomic	annotated
54820	3	15	39.50259349576653	24.754889909599548	14.747703586166985	0.6531679175928051	1.654518363297188	1.654518363297188	Higher_in_CALR	3	NDE1	nudE neurodevelopment protein 1	Homo sapiens	16	16p13.11	genomic	annotated
200232	3	15	2.3880711809943698	0.9928732487144616	1.3951979322799082	0.7656142305987533	1.6534218230987168	1.6534218230987168	Higher_in_CALR	3	FAM209A	family with sequence similarity 209 member A	Homo sapiens	20	20q13.31	genomic	annotated
220972	3	15	98.42539794541024	37.42636837251711	60.99902957289313	1.3715177958007336	1.6524643682476816	1.6524643682476816	Higher_in_CALR	3	MARCHF8	membrane associated ring-CH-type finger 8	Homo sapiens	10	10q11.21-q11.22	genomic	annotated
26789	3	15	2.012912763012627	1.0554171330304656	0.9574956299821612	0.5517276923739065	1.6512917833697467	1.6512917833697467	Higher_in_CALR	3	SNORD59A	small nucleolar RNA, C/D box 59A	Homo sapiens	12	12q13.3	genomic	annotated
89795	3	15	1.6914604476866235	0.3087144423423919	1.3827460053442318	1.0402388846217825	1.650401508618415	1.650401508618415	Higher_in_CALR	2	NAV3	neuron navigator 3	Homo sapiens	12	12q21.2	genomic	annotated
100302740	3	15	6.70017038373095	1.84200052723855	4.8581698564924	1.4379835468352828	1.649098771851005	1.649098771851005	Higher_in_CALR	3	FAS-AS1	FAS antisense RNA 1	Homo sapiens	10	10q23.31	genomic	annotated
7090	3	15	127.6047006623859	55.39849292008911	72.20620774229678	1.189214859364018	1.6482609486491826	1.6482609486491826	Higher_in_CALR	3	TLE3	TLE family member 3, transcriptional corepressor	Homo sapiens	15	15q23	genomic	annotated
8767	3	15	38.13481722593053	24.207209175883595	13.927608050046938	0.634616308371478	1.6460784883884052	1.6460784883884052	Higher_in_CALR	3	RIPK2	receptor interacting serine/threonine kinase 2	Homo sapiens	8	8q21.3	genomic	annotated
23533	3	15	129.8557842000696	74.38934207509533	55.466442124974265	0.7955452103769298	1.644304363374121	1.644304363374121	Higher_in_CALR	3	PIK3R5	phosphoinositide-3-kinase regulatory subunit 5	Homo sapiens	17	17p13.1	genomic	annotated
158931	3	15	0.7776070108512781	0.5177490782244516	0.2598579326268265	0.2280031148191269	1.642035409250021	1.642035409250021	Higher_in_CALR	3	TCEAL6	transcription elongation factor A like 6	Homo sapiens	X	Xq22.1	genomic	annotated
23011	3	15	51.3531202576746	33.80049452643266	17.55262573124194	0.5891677172765748	1.6419031861065498	1.6419031861065498	Higher_in_CALR	3	RAB21	RAB21, member RAS oncogene family	Homo sapiens	12	12q21.1	genomic	annotated
100505640	3	15	0.554108905094801	0.2089524320056339	0.3451564730891671	0.3623301242248424	1.6413835836824329	1.6413835836824329	Higher_in_CALR	2	LOC100505640	hypothetical LOC100505640	Homo sapiens	19		genomic	annotated
653645	3	15	3.907328144440303	2.556803532427232	1.3505246120130714	0.4643564588370354	1.6408943329413743	1.6408943329413743	Higher_in_CALR	3	TBC1D3P1-DHX40P1	TBC1D3P1-DHX40P1 readthrough, transcribed pseudogene	Homo sapiens	17	17q23.1	genomic	annotated
9587	3	15	13.3191572045567	8.623399353006445	4.6957578515502565	0.5733280768611322	1.6385368916463303	1.6385368916463303	Higher_in_CALR	3	MAD2L1BP	MAD2L1 binding protein	Homo sapiens	6	6p21.1	genomic	annotated
100506979	3	15	96.5216340871022	35.81878535679141	60.702848730310805	1.4052802668774511	1.6380500364842792	1.6380500364842792	Higher_in_CALR	3	LOC100506979	hypothetical LOC100506979	Homo sapiens	6		genomic	annotated
2077	3	15	15.25290720647777	7.778281440077776	7.474625766399995	0.8886873702011031	1.6380205008527668	1.6380205008527668	Higher_in_CALR	3	ERF	ETS2 repressor factor	Homo sapiens	19	19q13.2	genomic	annotated
4616	3	15	103.11101833049038	39.39813039246757	63.71288793802281	1.3657623284072242	1.636288218734664	1.636288218734664	Higher_in_CALR	3	GADD45B	growth arrest and DNA damage inducible beta	Homo sapiens	19	19p13.3	genomic	annotated
54541	3	15	227.66344935823088	58.94176970814579	168.7216796500851	1.9315921935975384	1.6356835477211369	1.6356835477211369	Higher_in_CALR	3	DDIT4	DNA damage inducible transcript 4	Homo sapiens	10	10q22.1	genomic	annotated
10804	3	15	2.716780539852357	0.5740199680168314	2.142760571835525	1.2395996626928285	1.6349899795637708	1.6349899795637708	Higher_in_CALR	2	GJB6	gap junction protein beta 6	Homo sapiens	13	13q12.11	genomic	annotated
10268	3	15	1.2023441972837103	0.5029811045484459	0.6993630927352644	0.5512130888542831	1.6337538260487656	1.6337538260487656	Higher_in_CALR	3	RAMP3	receptor activity modifying protein 3	Homo sapiens	7	7p13	genomic	annotated
338651	3	15	0.9177371340641782	0.3712388297446355	0.5464983043195426	0.4839251140833074	1.6323716258194911	1.6323716258194911	Higher_in_CALR	2	KRTAP5-AS1	KRTAP5-1/KRTAP5-2 antisense RNA 1	Homo sapiens	11	11p15.5	genomic	annotated
25901	3	15	15.261198055626332	10.378190072450176	4.883007983176155	0.5151624663980003	1.6305145364451508	1.6305145364451508	Higher_in_CALR	3	CCDC28A	coiled-coil domain containing 28A	Homo sapiens	6	6q24.1	genomic	annotated
28231	3	15	0.955606317319808	0.3521583624080622	0.6034479549117459	0.5323518434761192	1.6272591651013522	1.6272591651013522	Higher_in_CALR	2	SLCO4A1	solute carrier organic anion transporter family member 4A1	Homo sapiens	20	20q13.33	genomic	annotated
28667	3	15	1.97702535964436	0.806639060816081	1.1703862988282787	0.7205632048329788	1.6266984254191668	1.6266984254191668	Higher_in_CALR	3	TRAV16	T cell receptor alpha variable 16	Homo sapiens	14	14q11.2	genomic	annotated
84222	3	15	2.414812316220344	1.5364564104124618	0.8783559058078818	0.4289919201333765	1.6201772131444994	1.6201772131444994	Higher_in_CALR	3	TMEM191A	transmembrane protein 191A (pseudogene)	Homo sapiens	22	22q11.21	genomic	annotated
84419	3	15	4.442200000699674	1.0685839506678596	3.3736160500318144	1.3955464679863578	1.6194629382621348	1.6194629382621348	Higher_in_CALR	2	COXFA4L3	cytochrome c oxidase associated subunit FA4L3	Homo sapiens	15	15q21.1	genomic	annotated
728229	3	15	1.5546491936933031	0.7678994435249277	0.7867497501683757	0.5310889749080236	1.6194100106702345	1.6194100106702345	Higher_in_CALR	3	TMEM191B	transmembrane protein 191B	Homo sapiens	22	22q11.21	genomic	annotated
10865	3	15	55.62629118481734	26.35465582236036	29.271635362456983	1.04968563789168	1.6188577999466598	1.6188577999466598	Higher_in_CALR	3	ARID5A	AT-rich interaction domain 5A	Homo sapiens	2	2q11.2	genomic	annotated
84971	3	15	12.762227255031933	7.720245280162288	5.041981974869643	0.6582733518705548	1.6178632246585511	1.6178632246585511	Higher_in_CALR	3	ATG4D	autophagy related 4D cysteine peptidase	Homo sapiens	19	19p13.2	genomic	annotated
2752	3	15	790.8917810629273	384.3069445392932	406.58483652363407	1.039295098386873	1.6173413902848892	1.6173413902848892	Higher_in_CALR	3	GLUL	glutamate-ammonia ligase	Homo sapiens	1	1q25.3	genomic	annotated
6349	3	15	23.068035835945	3.372284163010125	19.69575167293487	2.4606593373268657	1.6115861347344826	1.6115861347344826	Higher_in_CALR	3	CCL3L1	C-C motif chemokine ligand 3 like 1	Homo sapiens	17	17q21.1	genomic	annotated
51759	3	15	105.1817236429784	63.98782488519429	41.193898757784105	0.7082940984505726	1.611414078122506	1.611414078122506	Higher_in_CALR	3	C9orf78	chromosome 9 open reading frame 78	Homo sapiens	9	9q34.11	genomic	annotated
1108	3	15	195.74200963115868	132.37291930319142	63.36909032796726	0.5608392797959469	1.609867006069524	1.609867006069524	Higher_in_CALR	3	CHD4	chromodomain helicase DNA binding protein 4	Homo sapiens	12	12p13.31	genomic	annotated
23135	3	15	53.67742822897864	24.38079727046692	29.29663095851172	1.1072079985674854	1.6080999362934645	1.6080999362934645	Higher_in_CALR	3	KDM6B	lysine demethylase 6B	Homo sapiens	17	17p13.1	genomic	annotated
100505766	3	15	0.8978696187561267	0.3249289267891539	0.5729406919669727	0.5184659132288714	1.6075888687901847	1.6075888687901847	Higher_in_CALR	2	LOC100505766	hypothetical LOC100505766	Homo sapiens	5		genomic	annotated
414062	3	15	17.527363182975773	2.713377251049016	14.813985931926757	2.3188537767488784	1.6038440253718114	1.6038440253718114	Higher_in_CALR	3	CCL3L3	C-C motif chemokine ligand 3 like 3	Homo sapiens	17	17q12	genomic	annotated
7355	3	15	7.826997904813207	4.853641398385885	2.973356506427322	0.5925884881872516	1.6029132316910548	1.6029132316910548	Higher_in_CALR	3	SLC35A2	solute carrier family 35 member A2	Homo sapiens	X	Xp11.23	genomic	annotated
440359	3	15	0.9363036300210072	0.4384116696262882	0.4978919603947189	0.4288285676670762	1.6027291150942415	1.6027291150942415	Higher_in_CALR	3	YBX3P1	Y-box binding protein 3 pseudogene 1	Homo sapiens	16	16p11.2	genomic	annotated
56882	3	15	322.01132265894466	237.3958935965057	84.61542906243895	0.4382253518488754	1.6011842735872126	1.6011842735872126	Higher_in_CALR	3	CDC42SE1	CDC42 small effector 1	Homo sapiens	1	1q21.3	genomic	annotated
51312	3	15	234.7386584966455	61.85587946345128	172.88277903319425	1.907068759767464	1.6003631441328	1.6003631441328	Higher_in_CALR	3	SLC25A37	solute carrier family 25 member 37	Homo sapiens	8	8p21.2	genomic	annotated
3422	3	15	67.4003943713222	38.64482133311087	28.755573038211324	0.786872219242948	1.5994065420787116	1.5994065420787116	Higher_in_CALR	3	IDI1	isopentenyl-diphosphate delta isomerase 1	Homo sapiens	10	10p15.3	genomic	annotated
399716	3	15	1.4520588632579503	0.4411544655837444	1.0109043976742058	0.7667686377658739	1.5952941353649543	1.5952941353649543	Higher_in_CALR	2	LINC02656	long independently transcribed non-coding RNA 2656	Homo sapiens	10	10p15.1	genomic	annotated
6535	3	15	7.372414138972847	1.5630790750005334	5.809335063972313	1.7077656871234954	1.5932780992099804	1.5932780992099804	Higher_in_CALR	3	SLC6A8	solute carrier family 6 member 8	Homo sapiens	X	Xq28	genomic	annotated
23764	3	15	45.48969600088813	19.04042824865258	26.44926775223555	1.2139976538578914	1.5923773993606485	1.5923773993606485	Higher_in_CALR	3	MAFF	MAF bZIP transcription factor F	Homo sapiens	22	22q13.1	genomic	annotated
51429	3	15	66.3763583449126	40.05664433715022	26.319714007762386	0.7146267365247851	1.5915126756961164	1.5915126756961164	Higher_in_CALR	3	SNX9	sorting nexin 9	Homo sapiens	6	6q25.3	genomic	annotated
56000	3	15	3.591237456803428	0.6619411875635459	2.929296269239882	1.466013720326493	1.5912671856444216	1.5912671856444216	Higher_in_CALR	2	NXF3	nuclear RNA export factor 3	Homo sapiens	X	Xq22.1	genomic	annotated
100423025	3	15	0.8485663742425927	0.329338746044916	0.5192276281976766	0.4756980622704608	1.587995368963691	1.587995368963691	Higher_in_CALR	2	MIR3198-1	microRNA 3198-1	Homo sapiens	22	22q11.21	genomic	annotated
619189	3	15	16.346038512691777	10.440714124298635	5.905324388393142	0.6004291104972657	1.586357186764238	1.586357186764238	Higher_in_CALR	3	SERINC4	serine incorporator 4	Homo sapiens	15	15q15.3	genomic	annotated
202018	3	15	32.555937966377634	25.34623480063264	7.209703165745001	0.3489712865405368	1.5856016446117762	1.5856016446117762	Higher_in_CALR	3	TAPT1	transmembrane anterior posterior transformation 1	Homo sapiens	4	4p15.32	genomic	annotated
5187	3	15	63.94453506107343	20.6186146871024	43.32592037397103	1.58693405251958	1.5814471576388227	1.5814471576388227	Higher_in_CALR	3	PER1	period circadian regulator 1	Homo sapiens	17	17p13.1	genomic	annotated
55633	3	15	10.759424633537275	6.9624497360503135	3.796974897486964	0.5625332082351724	1.5814207965318683	1.5814207965318683	Higher_in_CALR	3	TBC1D22B	TBC1 domain family member 22B	Homo sapiens	6	6p21.2	genomic	annotated
7030	3	15	43.01718799331883	28.79880515136901	14.218382841949822	0.5628124988124208	1.581179123779164	1.581179123779164	Higher_in_CALR	3	TFE3	transcription factor binding to IGHM enhancer 3	Homo sapiens	X	Xp11.23	genomic	annotated
80219	3	15	32.6832811177394	20.50357712781504	12.17970398992436	0.6474560068104571	1.578141604664695	1.578141604664695	Higher_in_CALR	3	COQ10B	coenzyme Q10B	Homo sapiens	2	2q33.1	genomic	annotated
9819	3	15	43.38693694170797	26.30349560871791	17.083441332990063	0.7010494862902918	1.5774247038755564	1.5774247038755564	Higher_in_CALR	3	TSC22D2	TSC22 domain family member 2	Homo sapiens	3	3q25.1	genomic	annotated
23366	3	15	1.49638683271763	0.6958993347495441	0.8004874979680858	0.5577909703765769	1.5767504676933823	1.5767504676933823	Higher_in_CALR	3	MATCAP2	microtubule associated tyrosine carboxypeptidase 2	Homo sapiens	7	7p14.2	genomic	annotated
100128071	3	15	0.9821004096872232	0.4395765992423831	0.5425238104448402	0.4613854926276227	1.5764857191713733	1.5764857191713733	Higher_in_CALR	2	FAM229A	family with sequence similarity 229 member A	Homo sapiens	1	1p35.1	genomic	annotated
23275	3	15	12.62375309370571	7.741000830757023	4.882752262948688	0.6402538134900748	1.5764579831946566	1.5764579831946566	Higher_in_CALR	3	POFUT2	protein O-fucosyltransferase 2	Homo sapiens	21	21q22.3	genomic	annotated
57018	3	15	386.0338086351867	243.16314885960244	142.87065977558424	0.6646141227004012	1.5738029582036888	1.5738029582036888	Higher_in_CALR	3	CCNL1	cyclin L1	Homo sapiens	3	3q25.31	genomic	annotated
6785	3	15	0.9814552422709468	0.4307185898401103	0.5507366524308364	0.4698204454860819	1.5727314743055798	1.5727314743055798	Higher_in_CALR	2	ELOVL4	ELOVL fatty acid elongase 4	Homo sapiens	6	6q14.1	genomic	annotated
100124516	3	15	0.7750781995145903	0.396479976688277	0.3785982228263133	0.3460876948795342	1.5701402424905777	1.5701402424905777	Higher_in_CALR	3	SNORD58C	small nucleolar RNA, C/D box 58C	Homo sapiens	18	18q21.1	genomic	annotated
4601	3	15	84.53461377850746	34.472086620801186	50.06252715770628	1.2698241634646728	1.5687455009021118	1.5687455009021118	Higher_in_CALR	3	MXI1	MAX interactor 1, dimerization protein	Homo sapiens	10	10q25.2	genomic	annotated
100507237	3	15	2.0860292860490097	1.1827643753830988	0.903264910665911	0.4995953500021339	1.5685346054911529	1.5685346054911529	Higher_in_CALR	3	LOC100507237	hypothetical LOC100507237	Homo sapiens	19		genomic	annotated
5894	3	15	104.1216962650392	70.32104966035581	33.80064660468339	0.5596606196303044	1.5680548239158951	1.5680548239158951	Higher_in_CALR	3	RAF1	Raf-1 proto-oncogene, serine/threonine kinase	Homo sapiens	3	3p25.2	genomic	annotated
9429	3	15	3.00668158408515	0.7762458799341566	2.230435704150993	1.1735765584852476	1.567576586750646	1.567576586750646	Higher_in_CALR	3	ABCG2	ATP binding cassette subfamily G member 2 (JR blood group)	Homo sapiens	4	4q22.1	genomic	annotated
9516	3	15	274.2636687532409	124.29354717554996	149.97012157769095	1.1355020900011503	1.5673530521371175	1.5673530521371175	Higher_in_CALR	3	LITAF	lipopolysaccharide induced TNF factor	Homo sapiens	16	16p13.13	genomic	annotated
100302224	3	15	1.591860516801493	0.8453079866245248	0.7465525301769682	0.4901264545637664	1.567236172320562	1.567236172320562	Higher_in_CALR	3	MIR2110	microRNA 2110	Homo sapiens	10	10q25.3	genomic	annotated
23588	3	15	25.90854247602537	18.644434071873857	7.264108404151514	0.4539436418879781	1.566055630255541	1.566055630255541	Higher_in_CALR	3	KLHDC2	kelch domain containing 2	Homo sapiens	14	14q21.3	genomic	annotated
2641	3	15	1.430885224769903	0.7881320887060838	0.6427531360638193	0.4430284656971407	1.5640427334989897	1.5640427334989897	Higher_in_CALR	3	GCG	glucagon	Homo sapiens	2	2q24.2	genomic	annotated
100507309	3	15	8.08941358962806	3.477809967376091	4.61160362225197	1.0213939175368338	1.562547127464741	1.562547127464741	Higher_in_CALR	3	LOC100507309	uncharacterized LOC100507309	Homo sapiens	10		genomic	annotated
1393	3	15	1.4261031260336872	0.7070477987032742	0.719055327330413	0.5071374206566409	1.560870819264342	1.560870819264342	Higher_in_CALR	3	CRHBP	corticotropin releasing hormone binding protein	Homo sapiens	5	5q13.3	genomic	annotated
100506293	3	15	5.22920433897679	3.4307309685487746	1.7984733704280154	0.4915031686135918	1.5576045844742794	1.5576045844742794	Higher_in_CALR	3	LOC100506293	uncharacterized LOC100506293	Homo sapiens	1		genomic	annotated
9467	3	15	98.38874775414172	57.79559548523699	40.593152268904745	0.7573744435875458	1.557034424430648	1.557034424430648	Higher_in_CALR	3	SH3BP5	SH3 domain binding protein 5	Homo sapiens	3	3p25.1	genomic	annotated
1850	3	15	7.790352053170447	1.9916843707507048	5.798667682419742	1.554962970622163	1.554004283704692	1.554004283704692	Higher_in_CALR	3	DUSP8	dual specificity phosphatase 8	Homo sapiens	11	11p15.5	genomic	annotated
6580	3	15	1.207539121521305	0.4714988089196629	0.7360403126016419	0.5851526307103556	1.5539786849640456	1.5539786849640456	Higher_in_CALR	2	SLC22A1	solute carrier family 22 member 1	Homo sapiens	6	6q25.3	genomic	annotated
91316	3	15	33.208201702591	22.4388433872238	10.7693583153672	0.5454408844803238	1.5535145313559098	1.5535145313559098	Higher_in_CALR	3	GUSBP11	GUSB pseudogene 11	Homo sapiens	22	22q11.23	genomic	annotated
64852	3	15	4.427626943266014	2.8847510525949787	1.5428758906710351	0.4824994144654406	1.5532962466430065	1.5532962466430065	Higher_in_CALR	3	TUT1	terminal uridylyl transferase 1, U6 snRNA-specific	Homo sapiens	11	11q12.3	genomic	annotated
650	3	15	1.178394704600419	0.3300032982754099	0.8483914063250091	0.711835557020458	1.5531964351621137	1.5531964351621137	Higher_in_CALR	2	BMP2	bone morphogenetic protein 2	Homo sapiens	20	20p12.3	genomic	annotated
5272	3	15	83.82388435115377	64.51342609972245	19.31045825143132	0.3726799519815031	1.553114464619456	1.553114464619456	Higher_in_CALR	3	SERPINB9	serpin family B member 9	Homo sapiens	6	6p25.2	genomic	annotated
92482	3	15	47.70067771565366	31.247962053839824	16.452715661813837	0.5947338582191719	1.5529682422763065	1.5529682422763065	Higher_in_CALR	3	BBIP1	BBSome interacting protein 1	Homo sapiens	10	10q25.2	genomic	annotated
5423	3	15	17.302350332553832	12.25216083632532	5.050189496228512	0.4658013088792199	1.5496471808144558	1.5496471808144558	Higher_in_CALR	3	POLB	DNA polymerase beta	Homo sapiens	8	8p11.21	genomic	annotated
5127	3	15	44.89355654947767	27.89216983928219	17.001386710195476	0.6676130573919998	1.549507738377988	1.549507738377988	Higher_in_CALR	3	CDK16	cyclin dependent kinase 16	Homo sapiens	X	Xp11.3	genomic	annotated
10950	3	15	14.030358347910491	6.290750947687963	7.73960740022253	1.0437400808590955	1.5484412899773423	1.5484412899773423	Higher_in_CALR	3	BTG3	BTG anti-proliferation factor 3	Homo sapiens	21	21q21.1	genomic	annotated
374907	3	15	10.491714013986892	4.064855485127654	6.426858528859239	1.182000984623386	1.5470980703080228	1.5470980703080228	Higher_in_CALR	3	B3GNT8	UDP-GlcNAc:betaGal beta-1,3-N-acetylglucosaminyltransferase 8	Homo sapiens	19	19q13.2	genomic	annotated
57515	3	15	166.61602641773734	108.85920512866952	57.756821289067815	0.6095043387118935	1.546281796261502	1.546281796261502	Higher_in_CALR	3	SERINC1	serine incorporator 1	Homo sapiens	6	6q22.31	genomic	annotated
100127974	3	15	15.132752298741195	9.495654820628792	5.637097478112404	0.62020040911223	1.54466423111515	1.54466423111515	Higher_in_CALR	3	LOC100127974	uncharacterized LOC100127974	Homo sapiens	12	12p13.31	genomic	annotated
10135	3	15	1985.8845783815004	573.8288355912501	1412.0557427902504	1.789303726560476	1.5438158864970992	1.5438158864970992	Higher_in_CALR	3	NAMPT	nicotinamide phosphoribosyltransferase	Homo sapiens	7	7q22.3	genomic	annotated
54883	3	15	35.428369905586266	22.29782781336643	13.130542092219835	0.6448669882658882	1.542694918743785	1.542694918743785	Higher_in_CALR	3	CWC25	CWC25 spliceosome associated protein	Homo sapiens	17	17q12	genomic	annotated
54972	3	15	4.80490845912433	3.156405388613915	1.648503070510415	0.4819369444494641	1.5424576594735224	1.5424576594735224	Higher_in_CALR	3	TMEM132A	transmembrane protein 132A	Homo sapiens	11	11q12.2	genomic	annotated
407026	3	15	1.53861661290193	0.6193898596722103	0.9192267532297198	0.6485921838958095	1.5421465292063912	1.5421465292063912	Higher_in_CALR	2	MIR29C	microRNA 29c	Homo sapiens	1	1q32.2	genomic	annotated
10569	3	15	76.34833768878906	47.96012333811848	28.38821435067058	0.6597630943040729	1.5403400123416644	1.5403400123416644	Higher_in_CALR	3	SLU7	spliceosome associated SLU7	Homo sapiens	5	5q33.3	genomic	annotated
400499	3	15	13.276991188304818	3.996477478739673	9.280513709565144	1.514708712890224	1.5396646405982537	1.5396646405982537	Higher_in_CALR	3	APOLTP	apolipoprotein lipid transfer particle homolog	Homo sapiens	16	16p13.13	genomic	annotated
100128644	3	15	1.59091134436946	0.631904135249859	0.959007209119601	0.6669033403528652	1.5389654611016053	1.5389654611016053	Higher_in_CALR	2	LOC100128644	LMNE6487	Homo sapiens	3	3p25.1	genomic	annotated
3091	3	15	620.7126691179001	257.9009789795252	362.8116901383749	1.2638475575871215	1.538012935604372	1.538012935604372	Higher_in_CALR	3	HIF1A	hypoxia inducible factor 1 subunit alpha	Homo sapiens	14	14q23.2	genomic	annotated
728233	3	15	18.24993295862214	10.82849322594046	7.42143973268168	0.7025871138721635	1.5375570443386242	1.5375570443386242	Higher_in_CALR	3	PI4KAP1	phosphatidylinositol 4-kinase alpha pseudogene 1	Homo sapiens	22	22q11.21	genomic	annotated
51444	3	15	83.69197940571236	62.60059576442167	21.09138364129069	0.4131850686143119	1.537370384679577	1.537370384679577	Higher_in_CALR	3	RNF138	ring finger protein 138	Homo sapiens	18	18q12.1	genomic	annotated
645687	3	15	3.303915828236897	0.5692953654144247	2.7346204628224724	1.4555329481982886	1.5357455053064797	1.5357455053064797	Higher_in_CALR	2	LINC00520	long independently transcribed non-coding RNA 520	Homo sapiens	14	14q22.3	genomic	annotated
6732	3	15	49.58787780498824	28.28221843994132	21.30565936504692	0.7887668611227694	1.5347926525121582	1.5347926525121582	Higher_in_CALR	3	SRPK1	SRSF protein kinase 1	Homo sapiens	6	6p21.31	genomic	annotated
100129973	3	15	4.11831081877139	2.401331857003532	1.7169789617678584	0.5895679883032423	1.532191570852787	1.532191570852787	Higher_in_CALR	3	CERNA1	competing endogenous lncRNA 1 for miR-4707-5p and miR-4767	Homo sapiens	15	15q21.2	genomic	annotated
2321	3	15	2.792036869921464	1.4993201331386332	1.2927167367828305	0.6014372862974096	1.5297168931238754	1.5297168931238754	Higher_in_CALR	3	FLT1	fms related receptor tyrosine kinase 1	Homo sapiens	13	13q12.3	genomic	annotated
147650	3	15	1.8215185075750304	0.5805558396811837	1.2409626678938466	0.836039807561351	1.5291362973672429	1.5291362973672429	Higher_in_CALR	2	SPACA6	sperm acrosome associated 6	Homo sapiens	19	19q13.41	genomic	annotated
7328	3	15	120.48937533180336	62.606832231924194	57.88254309987918	0.9335765067943972	1.5287112421308284	1.5287112421308284	Higher_in_CALR	3	UBE2H	ubiquitin conjugating enzyme E2 H	Homo sapiens	7	7q32.2	genomic	annotated
22927	3	15	22.53311715733153	14.16397358180748	8.36914357552405	0.6340445819852736	1.5284426719219932	1.5284426719219932	Higher_in_CALR	3	HABP4	hyaluronan binding protein 4	Homo sapiens	9	9q22.32	genomic	annotated
221692	3	15	13.65902370306562	6.311164080036551	7.347859623029071	1.0036159878041326	1.527055436534214	1.527055436534214	Higher_in_CALR	3	PHACTR1	phosphatase and actin regulator 1	Homo sapiens	6	6p24.1	genomic	annotated
55593	3	15	50.003398657355966	32.949899509184085	17.05349914817188	0.5871860814326277	1.5264366441815844	1.5264366441815844	Higher_in_CALR	3	OTUD5	OTU deubiquitinase 5	Homo sapiens	X	Xp11.23	genomic	annotated
51526	3	15	50.44311179641843	31.49568239491869	18.947429401499733	0.6627298697440009	1.526309211476664	1.526309211476664	Higher_in_CALR	3	OSER1	oxidative stress responsive serine rich 1	Homo sapiens	20	20q13.12	genomic	annotated
100506401	3	15	0.6491285898675244	0.2334197094992186	0.4157088803683058	0.4190400912510594	1.524903868713836	1.524903868713836	Higher_in_CALR	2	LOC100506401	hypothetical LOC100506401	Homo sapiens	7		genomic	annotated
100506496	3	15	0.5023180230543406	0.2289976856271422	0.2733203374271984	0.2897080478334857	1.5236099496644202	1.5236099496644202	Higher_in_CALR	2	LOC100506496	uncharacterized LOC100506496	Homo sapiens	6		genomic	annotated
8569	3	15	38.20187863509693	27.232224688022423	10.969653947074509	0.4735799758674917	1.5224763419858922	1.5224763419858922	Higher_in_CALR	3	MKNK1	MAPK interacting serine/threonine kinase 1	Homo sapiens	1	1p33	genomic	annotated
11227	3	15	1.2483214605363997	0.4224804882202174	0.8258409723161823	0.6604394603674989	1.5193829463529671	1.5193829463529671	Higher_in_CALR	3	GALNT5	polypeptide N-acetylgalactosaminyltransferase 5	Homo sapiens	2	2q24.1	genomic	annotated
4141	3	15	44.77496226300057	33.72979679668351	11.04516546631706	0.3983847270953982	1.516159797353174	1.516159797353174	Higher_in_CALR	3	MARS1	methionyl-tRNA synthetase 1	Homo sapiens	12	12q13.3	genomic	annotated
8510	3	15	2.1772445255961466	1.1914858777758448	0.9857586478203018	0.5358667443648786	1.515925822532899	1.515925822532899	Higher_in_CALR	3	MMP23B	matrix metallopeptidase 23B	Homo sapiens	1	1p36.33	genomic	annotated
440563	3	15	4.268842395786863	3.0870507733296337	1.1817916224572294	0.3664258597166463	1.5134190638786194	1.5134190638786194	Higher_in_CALR	3	HNRNPCL2	heterogeneous nuclear ribonucleoprotein C like 2	Homo sapiens	1	1p36.21	genomic	annotated
3845	3	15	85.11433449397266	56.58682948971554	28.52750500425712	0.5805145120272632	1.513024597823101	1.513024597823101	Higher_in_CALR	3	KRAS	KRas proto-oncogene, GTPase	Homo sapiens	12	12p12.1	genomic	annotated
100313892	3	15	2.921728381947021	0.959314836401231	1.96241354554579	1.0011403796912242	1.512999520949347	1.512999520949347	Higher_in_CALR	3	MIR761	microRNA 761	Homo sapiens	1	1p32.3	genomic	annotated
100130476	3	15	22.163547294858983	10.493480602308402	11.67006669255058	1.0110404469315242	1.5113953055882077	1.5113953055882077	Higher_in_CALR	3	WAKMAR2	wound and keratinocyte migration associated lncRNA 2	Homo sapiens	6	6q23.3	genomic	annotated
100130311	3	15	17.644829077422717	8.181728717615497	9.46310035980722	1.0219378594889506	1.5097301673360857	1.5097301673360857	Higher_in_CALR	3	C17orf107	chromosome 17 open reading frame 107	Homo sapiens	17	17p13.2	genomic	annotated
2872	3	15	87.3419291843714	59.000875922921146	28.34105326145025	0.5581147757990337	1.5093000907826724	1.5093000907826724	Higher_in_CALR	3	MKNK2	MAPK interacting serine/threonine kinase 2	Homo sapiens	19	19p13.3	genomic	annotated
9589	3	15	112.25184232064235	79.43751838647002	32.81432393417235	0.4935940412384543	1.5089407374617736	1.5089407374617736	Higher_in_CALR	3	WTAP	WT1 associated protein	Homo sapiens	6	6q25.3	genomic	annotated
7286	3	15	3.035728952442863	1.512273518840513	1.52345543360235	0.6838357400719566	1.5081446844225377	1.5081446844225377	Higher_in_CALR	3	TUFT1	tuftelin 1	Homo sapiens	1	1q21.3	genomic	annotated
257068	3	15	9.600701782853667	4.292538983104331	5.308162799749336	1.0021278807904874	1.5068392750709156	1.5068392750709156	Higher_in_CALR	3	PLCXD2	phosphatidylinositol specific phospholipase C X domain containing 2	Homo sapiens	3	3q13.2	genomic	annotated
100506988	3	15	9.248025134752467	5.3082082232828665	3.9398169114696016	0.7000437322632389	1.5058185892813842	1.5058185892813842	Higher_in_CALR	3	LOC100506988	hypothetical protein LOC100506988	Homo sapiens	16		genomic	annotated
388210	3	15	2.767904885439203	0.910226524343182	1.857678361096021	0.9800188164512909	1.5052278882077348	1.5052278882077348	Higher_in_CALR	2	LOC388210	uncharacterized LOC388210	Homo sapiens	16	16p13.13	genomic	annotated
8915	3	15	23.282692054668065	16.761549518836286	6.521142535831778	0.4511709241177968	1.502091726866395	1.502091726866395	Higher_in_CALR	3	BCL10	BCL10 immune signaling adaptor	Homo sapiens	1	1p22.3	genomic	annotated
8813	3	15	23.58396400676904	18.13104743454294	5.452916572226098	0.3618016956729999	1.5012808895970515	1.5012808895970515	Higher_in_CALR	3	DPM1	dolichyl-phosphate mannosyltransferase subunit 1, catalytic	Homo sapiens	20	20q13.13	genomic	annotated
10938	3	15	138.38410593751132	77.72628347738132	60.65782246013001	0.8241487811350634	1.5012724386179632	1.5012724386179632	Higher_in_CALR	3	EHD1	EH domain containing 1	Homo sapiens	11	11q13.1	genomic	annotated
84301	3	15	32.04559900450843	21.537506763554937	10.508092240953497	0.5521302225459914	1.5011565323345928	1.5011565323345928	Higher_in_CALR	3	DDI2	DDI proteasomal shuttling factor 2	Homo sapiens	1	1p36.21	genomic	annotated
285429	3	15	1.1428148787253116	0.5051060418729098	0.6377088368524019	0.5096420833315789	1.500886156283595	1.500886156283595	Higher_in_CALR	3	DCAF4L1	DDB1 and CUL4 associated factor 4 like 1	Homo sapiens	4	4p13	genomic	annotated
101	3	15	93.72637076844713	55.63681989755301	38.08955087089412	0.7420258500988961	1.4993393237398094	1.4993393237398094	Higher_in_CALR	3	ADAM8	ADAM metallopeptidase domain 8	Homo sapiens	10	10q26.3	genomic	annotated
51278	3	15	197.69864597317937	99.22925594950026	98.46939002367913	0.987278362693088	1.4979484764141155	1.4979484764141155	Higher_in_CALR	3	IER5	immediate early response 5	Homo sapiens	1	1q25.3	genomic	annotated
131909	3	15	0.8457355661026473	0.2796071101378785	0.5661284559647688	0.5284949625698596	1.4971445049237893	1.4971445049237893	Higher_in_CALR	2	ARB2BP	ARB2 family member B, pseudogene	Homo sapiens	3	3q12.3	genomic	annotated
100293704	3	15	1.9972253610467647	1.0223517003552796	0.9748736606914856	0.5675936507295098	1.4962766609728282	1.4962766609728282	Higher_in_CALR	3	LOC100293704	serine/arginine repetitive matrix protein 3-like	Homo sapiens	12		genomic	annotated
23766	3	15	0.8281467236564474	0.3654450377107586	0.4627016859456888	0.421010619570686	1.495429770338336	1.495429770338336	Higher_in_CALR	2	GABARAPL3	GABA type A receptor associated protein like 3 (pseudogene)	Homo sapiens	15	15q26.1	genomic	annotated
2643	3	15	53.94193822939707	34.58676809737003	19.35517013202704	0.6265668895976342	1.4952127399728918	1.4952127399728918	Higher_in_CALR	3	GCH1	GTP cyclohydrolase 1	Homo sapiens	14	14q22.2	genomic	annotated
7140	3	15	2.5826160379351	1.408420992451202	1.174195045483898	0.5729258354183617	1.493561496237635	1.493561496237635	Higher_in_CALR	3	TNNT3	troponin T3, fast skeletal type	Homo sapiens	11	11p15.5	genomic	annotated
10267	3	15	2.69740152957152	1.1357634775106882	1.5616380520608315	0.7917598391108107	1.4929379313498092	1.4929379313498092	Higher_in_CALR	3	RAMP1	receptor activity modifying protein 1	Homo sapiens	2	2q37.3	genomic	annotated
91966	3	15	7.90656236293989	5.448856555048549	2.457705807891341	0.4658253274840978	1.4928951259352965	1.4928951259352965	Higher_in_CALR	3	EOLA1	endothelium and lymphocyte associated ASCH domain 1	Homo sapiens	X	Xq28	genomic	annotated
27314	3	15	24.2261053855944	14.98522804558032	9.240877340014077	0.6581781625542837	1.4915651632057574	1.4915651632057574	Higher_in_CALR	3	RAB30	RAB30, member RAS oncogene family	Homo sapiens	11	11q14.1	genomic	annotated
729359	3	15	5.79722333752903	2.2123973706870164	3.584825966842014	1.0812951624885778	1.4907359863846588	1.4907359863846588	Higher_in_CALR	2	PLIN4	perilipin 4	Homo sapiens	19	19p13.3	genomic	annotated
2527	3	15	2.31944544440961	0.6140671872171493	1.7053782571924607	1.0402416076028351	1.4905222875641195	1.4905222875641195	Higher_in_CALR	2	FUT5	fucosyltransferase 5	Homo sapiens	19	19p13.3	genomic	annotated
4793	3	15	19.579359040326565	11.99271601912432	7.586643021202244	0.6634950034050835	1.490177490610657	1.490177490610657	Higher_in_CALR	3	NFKBIB	NFKB inhibitor beta	Homo sapiens	19	19q13.2	genomic	annotated
1843	3	15	872.4191804847343	422.3225757551808	450.0966047295535	1.0449167838729867	1.489089511179628	1.489089511179628	Higher_in_CALR	3	DUSP1	dual specificity phosphatase 1	Homo sapiens	5	5q35.1	genomic	annotated
629	3	15	2.9562095179558465	2.0968042374070404	0.8594052805488062	0.3533386453849614	1.486826715232057	1.486826715232057	Higher_in_CALR	3	CFB	complement factor B	Homo sapiens	6	6p21.33	genomic	annotated
23	3	15	50.38038264677306	38.46205500197518	11.918327644797884	0.3807515475806138	1.4857457296802838	1.4857457296802838	Higher_in_CALR	3	ABCF1	ATP binding cassette subfamily F member 1	Homo sapiens	6	6p21.33	genomic	annotated
113791	3	15	237.80855250957103	113.99496787685432	123.81358463271673	1.0542837741945157	1.4847654402812285	1.4847654402812285	Higher_in_CALR	3	PIK3IP1	phosphoinositide-3-kinase interacting protein 1	Homo sapiens	22	22q12.2	genomic	annotated
100506008	3	15	17.51930437546554	8.942856556781	8.57644781868454	0.897297609938414	1.4845576071755626	1.4845576071755626	Higher_in_CALR	3	LOC100506008	hypothetical LOC100506008	Homo sapiens	5		genomic	annotated
440672	3	15	55.87319235144317	39.27189120573573	16.601301145707446	0.4979755623511437	1.4832963035712736	1.4832963035712736	Higher_in_CALR	3	NUDT4B	nudix hydrolase 4B	Homo sapiens	1	1q21.2	genomic	annotated
721	3	15	2.6830670052853107	1.809476647702202	0.8735903575831088	0.3906062354246413	1.4825639649276463	1.4825639649276463	Higher_in_CALR	3	C4B	complement C4B (Chido/Rodgers blood group)	Homo sapiens	6	6p21.33	genomic	annotated
7320	3	15	49.24411491651933	29.482878916111	19.761236000408328	0.7209554608608615	1.4820179274500491	1.4820179274500491	Higher_in_CALR	3	UBE2B	ubiquitin conjugating enzyme E2 B	Homo sapiens	5	5q31.1	genomic	annotated
92154	3	15	7.173228057337543	3.4132020526008544	3.760026004736688	0.8890801898475553	1.4805924236383332	1.4805924236383332	Higher_in_CALR	3	MTSS2	MTSS I-BAR domain containing 2	Homo sapiens	16	16q22.1	genomic	annotated
59343	3	15	41.017773729337	32.370295243435514	8.647478485901487	0.332435273439426	1.4798571633498738	1.4798571633498738	Higher_in_CALR	3	SENP2	SUMO specific peptidase 2	Homo sapiens	3	3q27.2	genomic	annotated
9903	3	15	14.741460711841093	9.058375455271657	5.683085256569436	0.6461721084702803	1.4778089921402002	1.4778089921402002	Higher_in_CALR	3	KLHL21	kelch like family member 21	Homo sapiens	1	1p36.31	genomic	annotated
100506922	3	15	10.123166861578206	6.281463652053298	3.841703209524908	0.6112672124537633	1.4777585471005936	1.4777585471005936	Higher_in_CALR	3	MAP3K2-DT	MAP3K2 divergent transcript	Homo sapiens	2	2q14.3	genomic	annotated
100505665	3	15	8.66272997507593	6.2893878830568	2.37334209201913	0.4066331747182099	1.477313278606085	1.477313278606085	Higher_in_CALR	3	LOC100505665	hypothetical LOC100505665	Homo sapiens	1		genomic	annotated
81788	3	15	29.331703028579483	14.0935242082362	15.238178820343284	1.0068968008752863	1.4771706625987473	1.4771706625987473	Higher_in_CALR	3	NUAK2	NUAK family kinase 2	Homo sapiens	1	1q32.1	genomic	annotated
6046	3	15	177.25071499751368	135.5867404248197	41.66397457269397	0.3840904272086529	1.4771602893649454	1.4771602893649454	Higher_in_CALR	3	BRD2	bromodomain containing 2	Homo sapiens	6	6p21.32	genomic	annotated
2935	3	15	160.53725668197	88.53220362002834	72.00505306194167	0.8513883437630767	1.475788877140011	1.475788877140011	Higher_in_CALR	3	GSPT1	G1 to S phase transition 1	Homo sapiens	16	16p13.13	genomic	annotated
100507039	3	15	19.949921968564016	5.277806824050466	14.672115144513551	1.7386123291902171	1.4744489836589258	1.4744489836589258	Higher_in_CALR	3	LOC100507039	uncharacterized LOC100507039	Homo sapiens	2		genomic	annotated
1846	3	15	7.454849857749146	2.796789438572353	4.658060419176793	1.1549991427650754	1.4744481997258074	1.4744481997258074	Higher_in_CALR	3	DUSP4	dual specificity phosphatase 4	Homo sapiens	8	8p12	genomic	annotated
9885	3	15	50.95495978858164	36.48593775435457	14.469022034227066	0.4709119867482183	1.473656502770054	1.473656502770054	Higher_in_CALR	3	OSBPL2	oxysterol binding protein like 2	Homo sapiens	20	20q13.33	genomic	annotated
51513	3	15	4.340233778909327	1.555745487142579	2.784488291766748	1.0631587267706262	1.4736207634535756	1.4736207634535756	Higher_in_CALR	2	ETV7	ETS variant transcription factor 7	Homo sapiens	6	6p21.31	genomic	annotated
6990	3	15	30.66028111359749	17.769950883630415	12.89033022996708	0.7542491903168678	1.4709407110126962	1.4709407110126962	Higher_in_CALR	3	DYNLT3	dynein light chain Tctex-type 3	Homo sapiens	X	Xp11.4	genomic	annotated
4254	3	15	9.71711873880961	1.864440404920716	7.852678333888894	1.903591866508392	1.4687763528918183	1.4687763528918183	Higher_in_CALR	3	KITLG	KIT ligand	Homo sapiens	12	12q21.32	genomic	annotated
1407	3	15	18.32289608148081	10.137096721654316	8.185799359826495	0.794938146781857	1.4678293034448202	1.4678293034448202	Higher_in_CALR	3	CRY1	cryptochrome circadian regulator 1	Homo sapiens	12	12q23.3	genomic	annotated
27250	3	15	204.34635205879704	129.33809932112956	75.00825273766748	0.6558004564659647	1.467807942384945	1.467807942384945	Higher_in_CALR	3	PDCD4	programmed cell death 4	Homo sapiens	10	10q25.2	genomic	annotated
734	3	15	39.28635159057727	23.508565959152545	15.777785631424724	0.7170050862078341	1.4677029318851649	1.4677029318851649	Higher_in_CALR	3	OSGIN2	oxidative stress induced growth inhibitor family member 2	Homo sapiens	8	8q21.3	genomic	annotated
833	3	15	23.901397331514502	18.33767765171619	5.563719679798311	0.3648121552834285	1.467543101792002	1.467543101792002	Higher_in_CALR	3	CARS1	cysteinyl-tRNA synthetase 1	Homo sapiens	11	11p15.4	genomic	annotated
100129387	3	15	38.19358274794673	25.36484437912393	12.828738368822798	0.5720019769191165	1.4672698158617274	1.4672698158617274	Higher_in_CALR	3	GABPB1-AS1	GABPB1 antisense RNA 1	Homo sapiens	15	15q21.2	genomic	annotated
149478	3	15	2.0255009449426464	1.0289415090848253	0.9965594358578213	0.5764467600009409	1.466404793226186	1.466404793226186	Higher_in_CALR	2	BTBD19	BTB domain containing 19	Homo sapiens	1	1p34.1	genomic	annotated
2161	3	15	1.5761837993542998	0.7694803253607089	0.8067034739935909	0.5419098063546745	1.463732707397926	1.463732707397926	Higher_in_CALR	3	F12	coagulation factor XII	Homo sapiens	5	5q35.3	genomic	annotated
2794	3	15	41.22676257450576	29.109943303276506	12.116819271229256	0.4879176518954375	1.462411539756184	1.462411539756184	Higher_in_CALR	3	GNL1	G protein nucleolar 1	Homo sapiens	6	6p21.33	genomic	annotated
9111	3	15	47.19362147426137	30.596056111716862	16.597565362544508	0.6090977260947277	1.4621808458419732	1.4621808458419732	Higher_in_CALR	3	NMI	N-myc and STAT interactor	Homo sapiens	2	2q23.3	genomic	annotated
10782	3	15	18.499725922877364	13.229589294511994	5.2701366283653694	0.45455982413409	1.460702169172246	1.460702169172246	Higher_in_CALR	3	ZNF274	zinc finger protein 274	Homo sapiens	19	19q13.43	genomic	annotated
119385	3	15	1.3063886369819395	0.7840765498416197	0.5223120871403198	0.3704581154722779	1.4597349368587034	1.4597349368587034	Higher_in_CALR	3	AGAP11	ArfGAP with GTPase domain, ankyrin repeat and PH domain 11	Homo sapiens	10	10q23.2	genomic	annotated
90007	3	15	62.7805004448333	32.80169550776727	29.97880493706603	0.9160198030067104	1.4593605174088065	1.4593605174088065	Higher_in_CALR	3	MIDN	midnolin	Homo sapiens	19	19p13.3	genomic	annotated
148696	3	15	19.69028189350545	9.116574694360596	10.573707199144849	1.0322324013252846	1.4582946746224192	1.4582946746224192	Higher_in_CALR	3	LOC148696	uncharacterized LOC148696	Homo sapiens	1	1q32.2	genomic	annotated
56137	3	15	1.9218103603761	1.275185905152869	0.6466244552232312	0.3608781107370207	1.4559594453513025	1.4559594453513025	Higher_in_CALR	3	PCDHA12	protocadherin alpha 12	Homo sapiens	5	5q31.3	genomic	annotated
26227	3	15	5.241398412774074	2.869825721400651	2.371572691373423	0.6896007117866108	1.4556380208450737	1.4556380208450737	Higher_in_CALR	3	PHGDH	phosphoglycerate dehydrogenase	Homo sapiens	1	1p12	genomic	annotated
3792	3	15	2.6867539537191	0.6700934633345865	2.0166604903845133	1.1424222947722815	1.4552583659798473	1.4552583659798473	Higher_in_CALR	3	KEL	Kell metallo-endopeptidase (Kell blood group)	Homo sapiens	7	7q34	genomic	annotated
11217	3	15	107.42672154458704	66.77027191999211	40.65644962459494	0.6779958845490892	1.454686501158441	1.454686501158441	Higher_in_CALR	3	AKAP2	A-kinase anchoring protein 2	Homo sapiens	9	9q31.3	genomic	annotated
2114	3	15	68.52221038077457	44.39181496307401	24.130395417700555	0.6150417770738876	1.45408880083284	1.45408880083284	Higher_in_CALR	3	ETS2	ETS proto-oncogene 2, transcription factor	Homo sapiens	21	21q22.2	genomic	annotated
51582	3	15	183.063170586494	107.93758137101538	75.12558921547863	0.756699243064828	1.4536233447354392	1.4536233447354392	Higher_in_CALR	3	AZIN1	antizyme inhibitor 1	Homo sapiens	8	8q22.3	genomic	annotated
445815	3	15	107.40738836799729	66.7333929724405	40.67399539555679	0.678523913413069	1.4535564545756574	1.4535564545756574	Higher_in_CALR	3	PALM2AKAP2	PALM2 and AKAP2 fusion	Homo sapiens	9	9q31.3	genomic	annotated
2189	3	15	6.913847041498907	4.495621507201068	2.41822553429784	0.526096534514767	1.453252702932052	1.453252702932052	Higher_in_CALR	3	FANCG	FA complementation group G	Homo sapiens	9	9p13.3	genomic	annotated
841	3	15	174.845465880113	116.97789563308883	57.867570247024176	0.5757915547900412	1.4525876056780596	1.4525876056780596	Higher_in_CALR	3	CASP8	caspase 8	Homo sapiens	2	2q33.1	genomic	annotated
26212	3	15	11.92923167385856	3.765360868171306	8.163870805687253	1.439979169948455	1.4513772352761585	1.4513772352761585	Higher_in_CALR	3	OR2B6	olfactory receptor family 2 subfamily B member 6	Homo sapiens	6	6p22.1	genomic	annotated
100505771	3	15	6.910509931771801	3.942671451718825	2.967838480052976	0.6784796863957663	1.4500072655763443	1.4500072655763443	Higher_in_CALR	3	MHENCR	melanoma highly expressed competing endogenous lncRNA for miR-425 and miR-489	Homo sapiens	20	20q13.33	genomic	annotated
9818	3	15	37.637399885807966	28.396159600214187	9.24124028559378	0.3943703213942617	1.449893505656026	1.449893505656026	Higher_in_CALR	3	NUP58	nucleoporin 58	Homo sapiens	13	13q12.13	genomic	annotated
7169	3	15	13.562174684860992	6.962735037197199	6.599439647663792	0.8708898633530477	1.4494240559551952	1.4494240559551952	Higher_in_CALR	3	TPM2	tropomyosin 2	Homo sapiens	9	9p13.3	genomic	annotated
145200	3	15	0.8120286996292784	0.4222630775938779	0.3897656220354004	0.3494174589836114	1.4489196919505207	1.4489196919505207	Higher_in_CALR	2	LINC00239	long independently transcribed non-coding RNA 239	Homo sapiens	14	14q32.31	genomic	annotated
407006	3	15	1.3797679912243197	0.7318140111366442	0.6479539800876755	0.4585369293317188	1.4486393966466249	1.4486393966466249	Higher_in_CALR	3	MIR221	microRNA 221	Homo sapiens	X	Xp11.3	genomic	annotated
10581	3	15	380.4554090647384	192.91148309344987	187.5439259712885	0.9761161806010694	1.4463586753406674	1.4463586753406674	Higher_in_CALR	3	IFITM2	interferon induced transmembrane protein 2	Homo sapiens	11	11p15.5	genomic	annotated
25865	3	15	35.32638223691473	23.397284918943605	11.929097317971127	0.5742970894899733	1.4456343338340218	1.4456343338340218	Higher_in_CALR	3	PRKD2	protein kinase D2	Homo sapiens	19	19q13.32	genomic	annotated
1870	3	15	18.302168653892867	7.317344541881585	10.984824112011282	1.2145680462195707	1.4449802517873196	1.4449802517873196	Higher_in_CALR	3	E2F2	E2F transcription factor 2	Homo sapiens	1	1p36.12	genomic	annotated
23210	3	15	63.393650685250805	33.00860413076622	30.385046554484585	0.9210186509297512	1.4449510033119446	1.4449510033119446	Higher_in_CALR	3	JMJD6	jumonji domain containing 6, arginine demethylase and lysine hydroxylase	Homo sapiens	17	17q25.1	genomic	annotated
100507670	3	15	1.4702537075231634	0.7306639237091676	0.7395897838139959	0.5133336254146914	1.4445684459240968	1.4445684459240968	Higher_in_CALR	2	ZNF687-AS1	ZNF687 antisense RNA 1	Homo sapiens	1	1q21.3	genomic	annotated
57621	3	15	31.28929348026553	22.34046075166059	8.948832728604941	0.4682228329854059	1.4433682402725827	1.4433682402725827	Higher_in_CALR	3	ZBTB2	zinc finger and BTB domain containing 2	Homo sapiens	6	6q25.1	genomic	annotated
8896	3	15	57.88207189979274	39.28539007815086	18.59668182164188	0.5475717117762331	1.443120099582667	1.443120099582667	Higher_in_CALR	3	BUD31	BUD31 spliceosome associated protein	Homo sapiens	7	7q22.1	genomic	annotated
64319	3	15	35.45253696139692	19.557468454639853	15.89506850675707	0.826356609194999	1.4405337786670565	1.4405337786670565	Higher_in_CALR	3	FBRS	fibrosin	Homo sapiens	16	16p11.2	genomic	annotated
727869	3	15	1.0152159752852337	0.5467137657826132	0.4685022095026204	0.3817282270188162	1.4397541297869954	1.4397541297869954	Higher_in_CALR	3	LOC727869	uncharacterized LOC727869	Homo sapiens	11	11q22.2	genomic	annotated
693130	3	15	1.4182823418962294	0.6594685207212928	0.7588138211749366	0.5432614310206001	1.4376808738483255	1.4376808738483255	Higher_in_CALR	3	MIR548D1	microRNA 548d-1	Homo sapiens	8	8q24.13	genomic	annotated
9043	3	15	108.26837454661356	68.87779921142725	39.39057533518633	0.6449698267523329	1.4371705861574562	1.4371705861574562	Higher_in_CALR	3	SPAG9	sperm associated antigen 9	Homo sapiens	17	17q21.33	genomic	annotated
54462	3	15	123.06328673933896	84.87120494687183	38.19208179246712	0.5308299100811009	1.436428755263296	1.436428755263296	Higher_in_CALR	3	CCSER2	coiled-coil serine rich protein 2	Homo sapiens	10	10q23.1	genomic	annotated
4783	3	15	66.90185601857387	39.70084976253296	27.201006256040912	0.7383920936523447	1.4361105300765846	1.4361105300765846	Higher_in_CALR	3	NFIL3	nuclear factor, interleukin 3 regulated	Homo sapiens	9	9q22.31	genomic	annotated
23592	3	15	56.97542231631814	43.514023331753016	13.461398984565122	0.3811815216183101	1.4318255417936303	1.4318255417936303	Higher_in_CALR	3	LEMD3	LEM domain containing 3	Homo sapiens	12	12q14.3	genomic	annotated
100505881	3	15	28.657692394001632	9.823875715343176	18.83381667865845	1.4541891700881018	1.431762078038837	1.431762078038837	Higher_in_CALR	3	MAGI2-AS3	MAGI2 antisense RNA 3	Homo sapiens	7	7q21.11	genomic	annotated
158160	3	15	2.617919252469273	1.7879027797995728	0.8300164726697004	0.375979956943719	1.4313623587322013	1.4313623587322013	Higher_in_CALR	3	HSD17B7P2	hydroxysteroid 17-beta dehydrogenase 7 pseudogene 2	Homo sapiens	10	10p11.1	genomic	annotated
2034	3	15	4.35595894880261	2.474035305975842	1.881923642826768	0.6245324870825724	1.431314697517766	1.431314697517766	Higher_in_CALR	3	EPAS1	endothelial PAS domain protein 1	Homo sapiens	2	2p21	genomic	annotated
5914	3	15	64.408286410283	34.64781311453148	29.76047329575152	0.8756598442771271	1.430134219356199	1.430134219356199	Higher_in_CALR	3	RARA	retinoic acid receptor alpha	Homo sapiens	17	17q21.2	genomic	annotated
2526	3	15	37.40145709091826	24.55553346502885	12.845923625889409	0.5875253455494276	1.4282311151559233	1.4282311151559233	Higher_in_CALR	3	FUT4	fucosyltransferase 4	Homo sapiens	11	11q21	genomic	annotated
23138	3	15	7.692873655896999	3.118213379725212	4.574660276171787	1.0778145931011212	1.4273798138812148	1.4273798138812148	Higher_in_CALR	3	N4BP3	NEDD4 binding protein 3	Homo sapiens	5	5q35.3	genomic	annotated
8365	3	15	61.21731161644774	26.760650674444832	34.456660942002905	1.1642746747258697	1.42726521734019	1.42726521734019	Higher_in_CALR	3	H4C8	H4 clustered histone 8	Homo sapiens	6	6p22.2	genomic	annotated
5500	3	15	222.71048086230567	162.66929899223385	60.041181870071824	0.4508491212586589	1.426914722178367	1.426914722178367	Higher_in_CALR	3	PPP1CB	protein phosphatase 1 catalytic subunit beta	Homo sapiens	2	2p23.2	genomic	annotated
57210	3	15	16.686095979797194	7.74511450554911	8.940981474248083	1.0160664438312152	1.4267132773295514	1.4267132773295514	Higher_in_CALR	3	SLC45A4	solute carrier family 45 member 4	Homo sapiens	8	8q24.3	genomic	annotated
9560	3	15	10.706815823077967	4.074961448315607	6.631854374762362	1.2058799575376384	1.4265941785121763	1.4265941785121763	Higher_in_CALR	3	CCL4L2	C-C motif chemokine ligand 4 like 2	Homo sapiens	17	17q12	genomic	annotated
9489	3	15	30.145717390839604	19.841384255716942	10.30433313512266	0.579582700341895	1.4244926264585205	1.4244926264585205	Higher_in_CALR	3	PGS1	phosphatidylglycerophosphate synthase 1	Homo sapiens	17	17q25.3	genomic	annotated
23710	3	15	89.72186577958904	43.18272304897785	46.53914273061119	1.037967974010118	1.4244109432049294	1.4244109432049294	Higher_in_CALR	3	GABARAPL1	GABA type A receptor associated protein like 1	Homo sapiens	12	12p13.2	genomic	annotated
6337	3	15	0.8730375129128829	0.4239162213143794	0.4491212915985035	0.395515528719122	1.422257775155829	1.422257775155829	Higher_in_CALR	2	SCNN1A	sodium channel epithelial 1 subunit alpha	Homo sapiens	12	12p13.31	genomic	annotated
25843	3	15	41.33227590225447	29.89394226125697	11.438333640997492	0.4544340744161586	1.4220939698326218	1.4220939698326218	Higher_in_CALR	3	MOB4	MOB family member 4, phocein	Homo sapiens	2	2q33.1	genomic	annotated
100505696	3	15	99.10338216789071	62.06563390360165	37.03774826428908	0.6665647564032104	1.420777495112777	1.420777495112777	Higher_in_CALR	3	SH3BP5-AS1	SH3BP5 antisense RNA 1	Homo sapiens	3	3p25.1	genomic	annotated
100128260	3	15	1.0333569530095237	0.3169654459013656	0.7163915071081578	0.6266460073991601	1.4198557449742704	1.4198557449742704	Higher_in_CALR	2	WASIR1	WASH and IL9R antisense RNA 1	Homo sapiens	X, Y	Xq28 and Yq12	genomic	annotated
100507015	3	15	12.720720940544894	6.652874026346067	6.067846914198826	0.8422827315395716	1.418153662592708	1.418153662592708	Higher_in_CALR	3	LOC100507015	uncharacterized LOC100507015	Homo sapiens	3		genomic	annotated
653361	3	15	168.02084173855667	89.1278192044833	78.89302253407337	0.9071567665382468	1.4175015317615889	1.4175015317615889	Higher_in_CALR	3	NCF1	neutrophil cytosolic factor 1	Homo sapiens	7	7q11.23	genomic	annotated
100287049	3	15	4.278566184669573	3.093338713205856	1.1852274714637168	0.3668680529722907	1.4168118706070398	1.4168118706070398	Higher_in_CALR	3	DCAF8-DT	DCAF8 divergent transcript	Homo sapiens	1	1q23.2	genomic	annotated
9972	3	15	129.67315842476984	95.71507337307928	33.958085051690546	0.4341501662908991	1.415791241191906	1.415791241191906	Higher_in_CALR	3	NUP153	nucleoporin 153	Homo sapiens	6	6p22.3	genomic	annotated
401472	3	15	0.60688812516456	0.2963790811298486	0.3105090440347114	0.3097818430564372	1.415365315703655	1.415365315703655	Higher_in_CALR	2	GASAL1	growth arrest associated lncRNA 1	Homo sapiens	8	8q22.3	genomic	annotated
8704	3	15	1.3465562978718506	0.7757762706716684	0.5707800272001822	0.4020952449089474	1.4148624675448118	1.4148624675448118	Higher_in_CALR	3	B4GALT2	beta-1,4-galactosyltransferase 2	Homo sapiens	1	1p34.1	genomic	annotated
221421	3	15	1.5145816769828429	0.8783137232039433	0.6362679537788996	0.4208803672376586	1.412414741293805	1.412414741293805	Higher_in_CALR	3	RSPH9	radial spoke head component 9	Homo sapiens	6	6p21.1	genomic	annotated
7538	3	15	302.63136601324464	173.74430479551077	128.88706121773387	0.7970753965320609	1.4123187505940802	1.4123187505940802	Higher_in_CALR	3	ZFP36	ZFP36 zinc finger CCCH-type	Homo sapiens	19	19q13.2	genomic	annotated
51125	3	15	59.57645771910882	40.29821784511221	19.27823987399661	0.552677691361529	1.410492577538045	1.410492577538045	Higher_in_CALR	3	GOLGA7	golgin A7	Homo sapiens	8	8p11.21	genomic	annotated
8912	3	15	1.3376490397381395	0.685530775127286	0.6521182646108535	0.4718553798659515	1.4102932990452746	1.4102932990452746	Higher_in_CALR	3	CACNA1H	calcium voltage-gated channel subunit alpha1 H	Homo sapiens	16	16p13.3	genomic	annotated
84684	3	15	2.562137416979265	0.7510596271744007	1.811077789804864	1.0245149611880986	1.4086611892769034	1.4086611892769034	Higher_in_CALR	2	INSM2	INSM transcriptional repressor 2	Homo sapiens	14	14q13.2	genomic	annotated
51763	3	15	44.33446798680037	32.15342686782368	12.181041118976694	0.4514503539327084	1.406203736641272	1.406203736641272	Higher_in_CALR	3	INPP5K	inositol polyphosphate-5-phosphatase K	Homo sapiens	17	17p13.3	genomic	annotated
8227	3	15	107.57362538686787	74.86589274823511	32.70773263863278	0.517150347576937	1.4044241665224249	1.4044241665224249	Higher_in_CALR	3	AKAP17A	A-kinase anchoring protein 17A	Homo sapiens	X, Y	X;Y	genomic	annotated
56929	3	15	60.5371538014092	38.776697597915245	21.76045620349396	0.6295342146019989	1.4041091341531493	1.4041091341531493	Higher_in_CALR	3	FEM1C	fem-1 homolog C	Homo sapiens	5	5q22.3	genomic	annotated
9541	3	15	65.10500890511427	35.79441351923298	29.31059538588129	0.8452728525735038	1.4027513990349545	1.4027513990349545	Higher_in_CALR	3	CIRSR	corepressor of RBPJ and splicing regulator	Homo sapiens	2	2q31.1	genomic	annotated
388372	3	15	9.241550083339837	3.718737529038776	5.522812554301061	1.117961255640449	1.4023496461103402	1.4023496461103402	Higher_in_CALR	3	CCL4L1	C-C motif chemokine ligand 4 like 1	Homo sapiens	17	17q12	genomic	annotated
54813	3	15	27.6805441145406	20.9052755721524	6.775268542388197	0.3887940303408266	1.4021851045596936	1.4021851045596936	Higher_in_CALR	3	KLHL28	kelch like family member 28	Homo sapiens	14	14q21.2	genomic	annotated
4856	3	15	3.7878012510162926	1.061677366712566	2.7261238843037265	1.2155446829919194	1.4021474679595296	1.4021474679595296	Higher_in_CALR	2	CCN3	cellular communication network factor 3	Homo sapiens	8	8q24.12	genomic	annotated
80237	3	15	16.4161664448818	9.411363324541105	7.004803120340695	0.7422681045264792	1.4013097305688824	1.4013097305688824	Higher_in_CALR	3	ELL3	elongation factor for RNA polymerase II 3	Homo sapiens	15	15q15.3	genomic	annotated
23042	3	15	68.26281694955723	54.18229512763051	14.080521821926723	0.3278756016420026	1.40059950155066	1.40059950155066	Higher_in_CALR	3	PDXDC1	pyridoxal dependent decarboxylase domain containing 1	Homo sapiens	16	16p13.11	genomic	annotated
23315	3	15	32.19131233496277	17.52845469894216	14.662857636020608	0.8410631091122474	1.4004852126888632	1.4004852126888632	Higher_in_CALR	3	SLC9A8	solute carrier family 9 member A8	Homo sapiens	20	20q13.13	genomic	annotated
28804	3	15	2.41846676715055	1.1599440212160834	1.2585227459344668	0.6623554772678291	1.400072820273562	1.400072820273562	Higher_in_CALR	3	IGLV3-9	immunoglobulin lambda variable 3-9	Homo sapiens	22	22q11.22	genomic	annotated
5133	3	15	2.151943719498113	0.7649385458861651	1.3870051736119482	0.8366238239536592	1.398710870626726	1.398710870626726	Higher_in_CALR	3	PDCD1	programmed cell death 1	Homo sapiens	2	2q37.3	genomic	annotated
6515	3	15	463.800106400178	257.58554868560145	206.21455771457653	0.845968748066003	1.3958538710517987	1.3958538710517987	Higher_in_CALR	3	SLC2A3	solute carrier family 2 member 3	Homo sapiens	12	12p13.31	genomic	annotated
678	3	15	222.20028599953	123.0713224952862	99.12896350424371	0.8471691823468994	1.394462802020171	1.394462802020171	Higher_in_CALR	3	ZFP36L2	ZFP36 like 2 zinc finger CCCH-type	Homo sapiens	2	2p21	genomic	annotated
170954	3	15	86.04516103064918	55.8994502147938	30.145710815855388	0.6133493858489807	1.3908683371256194	1.3908683371256194	Higher_in_CALR	3	PPP1R18	protein phosphatase 1 regulatory subunit 18	Homo sapiens	6	6p21.33	genomic	annotated
6568	3	15	7.32093175523426	3.709757120225051	3.611174635009208	0.8210924237580497	1.390197097777908	1.390197097777908	Higher_in_CALR	3	SLC17A1	solute carrier family 17 member 1	Homo sapiens	6	6p22.2	genomic	annotated
100507006	3	15	18.92969423720991	9.083956474481989	9.845737762727923	0.9828577802181996	1.3890251738472157	1.3890251738472157	Higher_in_CALR	3	LOC100507006	uncharacterized LOC100507006	Homo sapiens	2	2p14	genomic	annotated
23214	3	15	168.23066501069326	98.23285884156888	69.99780616912437	0.7701011895363559	1.3887287706383054	1.3887287706383054	Higher_in_CALR	3	XPO6	exportin 6	Homo sapiens	16	16p12.1	genomic	annotated
140032	3	15	0.5384448803787697	0.1150672858480152	0.4233775945307544	0.464341987046191	1.3875387767833205	1.3875387767833205	Higher_in_CALR	2	RPS4Y2	ribosomal protein S4 Y-linked 2	Homo sapiens	Y	Yq11.223	genomic	annotated
3656	3	15	19.30655319677041	11.1296804692253	8.176872727545113	0.7434038333587658	1.386813018802415	1.386813018802415	Higher_in_CALR	3	IRAK2	interleukin 1 receptor associated kinase 2	Homo sapiens	3	3p25.3	genomic	annotated
79609	3	15	11.610956021867734	8.689470499530103	2.9214855223376315	0.3801879148855129	1.3866464603900208	1.3866464603900208	Higher_in_CALR	3	VCPKMT	valosin containing protein lysine methyltransferase	Homo sapiens	14	14q21.3	genomic	annotated
100506295	3	15	1.287070161335705	0.7345752318795816	0.5524949294561233	0.3989182100891244	1.3852710501022258	1.3852710501022258	Higher_in_CALR	3	LOC100506295	uncharacterized LOC100506295	Homo sapiens	17		genomic	annotated
149095	3	15	0.6533605615381467	0.4088321592200598	0.2445284023180868	0.2309016321060755	1.385159922032147	1.385159922032147	Higher_in_CALR	2	DCST1	DC-STAMP domain containing 1	Homo sapiens	1	1q21.3	genomic	annotated
100506631	3	15	0.827321072653695	0.2804702850438698	0.5468507876098252	0.5130563737662492	1.3848188811557425	1.3848188811557425	Higher_in_CALR	2	LOC100506631	uncharacterized LOC100506631	Homo sapiens	6		genomic	annotated
204851	3	15	238.18118849918665	174.14492888232843	64.03625961685822	0.4495547094459908	1.3845995889295044	1.3845995889295044	Higher_in_CALR	3	HIPK1	homeodomain interacting protein kinase 1	Homo sapiens	1	1p13.2	genomic	annotated
57549	3	15	1.0833750198276924	0.3951354962135734	0.6882395236141189	0.5785173123183426	1.3822425713355155	1.3822425713355155	Higher_in_CALR	2	IGSF9	immunoglobulin superfamily member 9	Homo sapiens	1	1q23.2	genomic	annotated
1831	3	15	374.80581534054	206.55530395071617	168.25051138982383	0.856491592044665	1.3808320370502472	1.3808320370502472	Higher_in_CALR	3	TSC22D3	TSC22 domain family member 3	Homo sapiens	X	Xq22.3	genomic	annotated
6450	3	15	0.9423780718022786	0.3598783982123213	0.5824996735899572	0.5143463897977183	1.3807800320718406	1.3807800320718406	Higher_in_CALR	2	SH3BGR	SH3 domain binding glutamate rich protein	Homo sapiens	21	21q22.2	genomic	annotated
23594	3	15	0.9020319355383888	0.5970143308505155	0.3050176046878732	0.2521642107023039	1.3796350325578308	1.3796350325578308	Higher_in_CALR	3	ORC6	origin recognition complex subunit 6	Homo sapiens	16	16q11.2	genomic	annotated
1022	3	15	16.834725949737233	11.063763151636016	5.770962798101218	0.5640090378667937	1.3793083681969305	1.3793083681969305	Higher_in_CALR	3	CDK7	cyclin dependent kinase 7	Homo sapiens	5	5q13.2	genomic	annotated
55716	3	15	26.9793121608193	16.95505244691258	10.024259713906725	0.639970628804452	1.3790892737158038	1.3790892737158038	Higher_in_CALR	3	LMBR1L	limb development membrane protein 1 like	Homo sapiens	12	12q13.12	genomic	annotated
25775	3	15	8.898491976113108	5.671319997356155	3.227171978756953	0.5692365055471407	1.3781572969974651	1.3781572969974651	Higher_in_CALR	3	YWHAH-AS1	YWHAH antisense RNA 1	Homo sapiens	22	22q12.3	genomic	annotated
57608	3	15	1.97407303828763	0.6968320284704766	1.2772410098171534	0.8095963202580125	1.3780082199346344	1.3780082199346344	Higher_in_CALR	3	JCAD	junctional cadherin 5 associated	Homo sapiens	10	10p11.23	genomic	annotated
440519	3	15	4.267691370731019	2.426176317427004	1.8415150533040152	0.6205714247625931	1.377637951608374	1.377637951608374	Higher_in_CALR	3	ZNF724	zinc finger protein 724	Homo sapiens	19	19p12	genomic	annotated
9337	3	15	60.31645306255626	45.20960315285562	15.106849909700642	0.408081544942056	1.377468129177444	1.377468129177444	Higher_in_CALR	3	CNOT8	CCR4-NOT transcription complex subunit 8	Homo sapiens	5	5q33.2	genomic	annotated
254170	3	15	51.82482291170751	35.08925967438829	16.73556323731922	0.5496464772515166	1.377229129597886	1.377229129597886	Higher_in_CALR	3	FBXO33	F-box protein 33	Homo sapiens	14	14q21.1	genomic	annotated
100289495	3	15	1.9868081188967568	1.0927017391164788	0.8941063797802777	0.5132378506450705	1.3771179423690303	1.3771179423690303	Higher_in_CALR	3	LOC100289495	uncharacterized LOC100289495	Homo sapiens	6	6q27	genomic	annotated
80094	3	15	3.0274170116094994	1.710415454844218	1.3170015567652815	0.5713408551835477	1.3767913683141624	1.3767913683141624	Higher_in_CALR	3	BIN3-IT1	BIN3 intronic transcript 1	Homo sapiens	8	8p21.3	genomic	annotated
80232	3	15	247.08285495586497	156.6630344437979	90.41982051206708	0.6539775872162625	1.3746454228344265	1.3746454228344265	Higher_in_CALR	3	WDR26	WD repeat domain 26	Homo sapiens	1	1q42.11-q42.12	genomic	annotated
26051	3	15	91.1400797864227	47.58018501106	43.5598947753627	0.9234608629156896	1.3742097061138825	1.3742097061138825	Higher_in_CALR	3	PPP1R16B	protein phosphatase 1 regulatory subunit 16B	Homo sapiens	20	20q11.23	genomic	annotated
92610	3	15	10.585559162772418	7.150599451094448	3.43495971167797	0.5073496017200227	1.3739416483472096	1.3739416483472096	Higher_in_CALR	3	TIFA	TRAF interacting protein with forkhead associated domain	Homo sapiens	4	4q25	genomic	annotated
399844	3	15	16.48833909882356	8.352765972586045	8.135573126237514	0.9029282866226596	1.372788851717452	1.372788851717452	Higher_in_CALR	3	LINC01002	long independently transcribed non-coding RNA 1002	Homo sapiens	19	19p13.3	genomic	annotated
730256	3	15	34.048768040184434	24.45683938781144	9.591928652372992	0.4613104230586788	1.3710939693952826	1.3710939693952826	Higher_in_CALR	3	LOC730256	uncharacterized LOC730256	Homo sapiens	1	1q21.1	genomic	annotated
271	3	15	105.86120338592606	62.66827269701711	43.19293068890895	0.7470916389096773	1.370536196596068	1.370536196596068	Higher_in_CALR	3	AMPD2	adenosine monophosphate deaminase 2	Homo sapiens	1	1p13.3	genomic	annotated
729040	3	15	1.2043651427683415	0.4166289302139643	0.7877362125543772	0.6379013091509091	1.370524992953844	1.370524992953844	Higher_in_CALR	2	LOC729040	uncharacterized LOC729040	Homo sapiens	5	5q14.3	genomic	annotated
100506844	3	15	1.562153280083847	0.9251631299607278	0.6369901501231191	0.4123760883797801	1.3704986826141914	1.3704986826141914	Higher_in_CALR	3	GIHCG	GIHCG inhibitor of miR-200b/200a/429 expression	Homo sapiens	12	12q14.1	genomic	annotated
91746	3	15	217.513343093489	136.06180322038054	81.45153987310846	0.6728948050860311	1.3701048819034587	1.3701048819034587	Higher_in_CALR	3	YTHDC1	YTH N6-methyladenosine RNA binding protein C1	Homo sapiens	4	4q13.2	genomic	annotated
100505715	3	15	5.28785213177902	3.620550810329026	1.667301321449994	0.4445024470285861	1.3694869735079158	1.3694869735079158	Higher_in_CALR	3	CATED	CATED platinum resistance associated lncRNA regulator of DHX36	Homo sapiens	19	19q13.31	genomic	annotated
7127	3	15	199.3152726371048	114.62490782244508	84.69036481465974	0.7928202052446691	1.3692562918559747	1.3692562918559747	Higher_in_CALR	3	TNFAIP2	TNF alpha induced protein 2	Homo sapiens	14	14q32.32	genomic	annotated
7323	3	15	329.5421671032643	248.5557531014	80.98641400186438	0.4054721641698338	1.3688213431037606	1.3688213431037606	Higher_in_CALR	3	UBE2D3	ubiquitin conjugating enzyme E2 D3	Homo sapiens	4	4q24	genomic	annotated
84164	3	15	44.1358932552518	29.708651541655563	14.42724171359624	0.5556299961009463	1.3683330718902302	1.3683330718902302	Higher_in_CALR	3	ASCC2	activating signal cointegrator 1 complex subunit 2	Homo sapiens	22	22q12.2	genomic	annotated
10252	3	15	3.73300465793931	1.883940697315985	1.8490639606233248	0.7147148432510659	1.3682469176756198	1.3682469176756198	Higher_in_CALR	3	SPRY1	sprouty RTK signaling antagonist 1	Homo sapiens	4	4q28.1	genomic	annotated
474338	3	15	7.919358588726276	5.555949867736259	2.3634087209900168	0.444135143979115	1.3675348024337293	1.3675348024337293	Higher_in_CALR	3	SUMO1P3	SUMO1 pseudogene 3	Homo sapiens	1	1q23.2	genomic	annotated
255394	3	15	46.413019760092936	27.786757462031144	18.6262622980618	0.7198779889909073	1.3665821162033165	1.3665821162033165	Higher_in_CALR	3	TCP11L2	t-complex 11 like 2	Homo sapiens	12	12q23.3	genomic	annotated
9895	3	15	40.83587133190127	24.483373917974625	16.352497413926642	0.7151841844761861	1.3663942437199883	1.3663942437199883	Higher_in_CALR	3	TECPR2	tectonin beta-propeller repeat containing 2	Homo sapiens	14	14q32.31	genomic	annotated
54033	3	15	1.985732329419173	1.0974502315931849	0.8882820978259887	0.5094482550858681	1.3660977452512848	1.3660977452512848	Higher_in_CALR	3	RBM11	RNA binding motif protein 11	Homo sapiens	21	21q11.2	genomic	annotated
1486	3	15	37.21545495246087	24.238491751646126	12.97696320081474	0.5985305079806356	1.3652002032218975	1.3652002032218975	Higher_in_CALR	3	CTBS	chitobiase	Homo sapiens	1	1p22.3	genomic	annotated
85450	3	15	95.05337903410803	54.1785296194474	40.87484941466064	0.7997293542281776	1.3618409781801966	1.3618409781801966	Higher_in_CALR	3	ITPRIP	inositol 1,4,5-trisphosphate receptor interacting protein	Homo sapiens	10	10q25.1	genomic	annotated
9643	3	15	39.28102729685744	29.39227940124333	9.888747895614106	0.4063955971068713	1.36141205965976	1.36141205965976	Higher_in_CALR	3	MORF4L2	mortality factor 4 like 2	Homo sapiens	X	Xq22.2	genomic	annotated
7095	3	15	94.67125053434592	68.97003057826578	25.701219956080152	0.4513483339955089	1.3613751712227926	1.3613751712227926	Higher_in_CALR	3	SEC62	SEC62 preprotein translocation factor	Homo sapiens	3	3q26.2	genomic	annotated
343069	3	15	4.74134235342544	3.626525225630844	1.1148171277945966	0.3114590283463458	1.3613551436596996	1.3613551436596996	Higher_in_CALR	3	HNRNPCL1	heterogeneous nuclear ribonucleoprotein C like 1	Homo sapiens	1	1p36.21	genomic	annotated
10501	3	15	5.079272295195254	1.176355729185764	3.902916566009489	1.4819842527183429	1.3611315056124926	1.3611315056124926	Higher_in_CALR	2	SEMA6B	semaphorin 6B	Homo sapiens	19	19p13.3	genomic	annotated
72	3	15	0.6826569809669101	0.1834977998780723	0.4991591810888377	0.5076840810853651	1.361000941214456	1.361000941214456	Higher_in_CALR	2	ACTG2	actin gamma 2, smooth muscle	Homo sapiens	2	2p13.1	genomic	annotated
100272217	3	15	1.162398193790033	0.7427956841303989	0.4196025096596341	0.3112287662585385	1.3601620990789982	1.3601620990789982	Higher_in_CALR	3	LOC100272217	uncharacterized LOC100272217	Homo sapiens	9	9q34.11	genomic	annotated
100132999	3	15	26.593657082089265	17.609592119026615	8.98406496306265	0.5682902396197766	1.3599815928592105	1.3599815928592105	Higher_in_CALR	3	LOC100132999	uncharacterized LOC100132999	Homo sapiens	1	1q21.2	genomic	annotated
81555	3	15	17.2192694792748	13.477359133864908	3.741910345409893	0.3316666545976781	1.3597596499300593	1.3597596499300593	Higher_in_CALR	3	YIPF5	Yip1 domain family member 5	Homo sapiens	5	5q31.3	genomic	annotated
100505869	3	15	2.448000632322984	0.9048298735346956	1.5431707587882877	0.8560978872493058	1.35970024932656	1.35970024932656	Higher_in_CALR	2	CFAP58-DT	CFAP58 divergent transcript	Homo sapiens	10	10q25.1	genomic	annotated
8565	3	15	41.40452984932546	29.412546480481144	11.99198336884432	0.479551768339558	1.3596977399675136	1.3596977399675136	Higher_in_CALR	3	YARS1	tyrosyl-tRNA synthetase 1	Homo sapiens	1	1p35.1	genomic	annotated
55466	3	15	15.566362991804931	9.407881199089257	6.158481792715676	0.6705805059404093	1.3593746210407331	1.3593746210407331	Higher_in_CALR	3	DNAJA4	DnaJ heat shock protein family (Hsp40) member A4	Homo sapiens	15	15q25.1	genomic	annotated
1453	3	15	39.37263360475867	25.26412821295379	14.10850539180488	0.6202840025729888	1.3585176368135594	1.3585176368135594	Higher_in_CALR	3	CSNK1D	casein kinase 1 delta	Homo sapiens	17	17q25.3	genomic	annotated
124817	3	15	27.0904708396393	20.837162373924134	6.253308465715165	0.363295408768594	1.355896463378799	1.355896463378799	Higher_in_CALR	3	CNTD1	cyclin N-terminal domain containing 1	Homo sapiens	17	17q21.2-q21.31	genomic	annotated
2801	3	15	35.19025382951393	25.22546947470886	9.964784354805069	0.4646326270434411	1.3553706604489737	1.3553706604489737	Higher_in_CALR	3	GOLGA2	golgin A2	Homo sapiens	9	9q34.11	genomic	annotated
10748	3	15	5.941712970266816	2.6626385550199765	3.27907441524684	0.9224083763607434	1.354553407606984	1.354553407606984	Higher_in_CALR	3	KLRA1P	killer cell lectin like receptor A1, pseudogene	Homo sapiens	12	12p13.2	genomic	annotated
1105	3	15	354.35719312246465	195.6097100233159	158.74748309914875	0.8539353283003894	1.3544998680557423	1.3544998680557423	Higher_in_CALR	3	CHD1	chromodomain helicase DNA binding protein 1	Homo sapiens	5	5q15-q21.1	genomic	annotated
391322	3	15	1.3124345976846137	0.7246141315180765	0.5878204661665372	0.4231389559981304	1.3544190686116768	1.3544190686116768	Higher_in_CALR	3	LOC391322	D-dopachrome tautomerase-like	Homo sapiens	22	22q11.23	genomic	annotated
8653	3	15	133.49788846387554	30.1546370168448	103.34325144703074	2.110064710261283	1.3533489430434262	1.3533489430434262	Higher_in_CALR	2	DDX3Y	DEAD-box helicase 3 Y-linked	Homo sapiens	Y	Yq11.221	genomic	annotated
23479	3	15	122.78891427189215	76.2885158491437	46.50039842274846	0.6795561540489725	1.3530991813435207	1.3530991813435207	Higher_in_CALR	3	ISCU	iron-sulfur cluster assembly enzyme	Homo sapiens	12	12q23.3	genomic	annotated
57700	3	15	67.3768544977666	42.07029575394154	25.306558743825057	0.6668148265308451	1.3519048624253054	1.3519048624253054	Higher_in_CALR	3	FHIP2A	FHF complex subunit HOOK interacting protein 2A	Homo sapiens	10	10q25.3	genomic	annotated
116369	3	15	2.612562728608913	1.3685804265053925	1.2439823021035203	0.608999978527645	1.351774186511948	1.351774186511948	Higher_in_CALR	3	SLC26A8	solute carrier family 26 member 8	Homo sapiens	6	6p21.31	genomic	annotated
201625	3	15	5.075432057341197	2.0218671491076274	3.0535649082335694	1.007546773900985	1.351613380830763	1.351613380830763	Higher_in_CALR	3	DNAH12	dynein axonemal heavy chain 12	Homo sapiens	3	3p14.3	genomic	annotated
8125	3	15	117.34245992782736	88.57306977761145	28.769390150215912	0.4018308340706191	1.3514348417815651	1.3514348417815651	Higher_in_CALR	3	ANP32A	acidic nuclear phosphoprotein 32 family member A	Homo sapiens	15	15q23	genomic	annotated
9363	3	15	3.61886276945426	1.948176272522928	1.6706864969313324	0.6477148967943527	1.351347440336434	1.351347440336434	Higher_in_CALR	3	RAB33A	RAB33A, member RAS oncogene family	Homo sapiens	X	Xq26.1	genomic	annotated
85390	3	15	1.84978031133597	1.1229558111068083	0.7268245002291618	0.4247763645068814	1.3512809198719633	1.3512809198719633	Higher_in_CALR	3	SNORD14D	small nucleolar RNA, C/D box 14D	Homo sapiens	11	11q24.1	genomic	annotated
2035	3	15	552.2711597192557	277.311380058925	274.9597796603307	0.9912868214063124	1.351108069177995	1.351108069177995	Higher_in_CALR	3	EPB41	erythrocyte membrane protein band 4.1	Homo sapiens	1	1p35.3	genomic	annotated
100507204	3	15	3.371669802775444	2.096217291218596	1.2754525115568476	0.4976777139545394	1.3506677295406673	1.3506677295406673	Higher_in_CALR	3	LOC100507204	uncharacterized LOC100507204	Homo sapiens	8		genomic	annotated
10294	3	15	54.62572706411421	43.3851659626293	11.240561101484907	0.3256746963330075	1.349941532163034	1.349941532163034	Higher_in_CALR	3	DNAJA2	DnaJ heat shock protein family (Hsp40) member A2	Homo sapiens	16	16q11.2	genomic	annotated
22934	3	15	17.184487267271468	11.879964954112436	5.304522313159032	0.4975795799651892	1.3498980817144297	1.3498980817144297	Higher_in_CALR	3	RPIA	ribose 5-phosphate isomerase A	Homo sapiens	2	2p11.2	genomic	annotated
51567	3	15	30.047783873937664	20.24833808551261	9.799445788425054	0.5471402886389258	1.349426798334792	1.349426798334792	Higher_in_CALR	3	TDP2	tyrosyl-DNA phosphodiesterase 2	Homo sapiens	6	6p22.3	genomic	annotated
55362	3	15	13.210808653225872	8.00172235959277	5.209086293633103	0.6587156787407191	1.349259836191721	1.349259836191721	Higher_in_CALR	3	TMEM63B	transmembrane protein 63B	Homo sapiens	6	6p21.1	genomic	annotated
100289230	3	15	6.116545886884786	4.11124992884859	2.0052959580361964	0.4775010415840488	1.34863361987379	1.34863361987379	Higher_in_CALR	3	LOC100289230	uncharacterized LOC100289230	Homo sapiens	5	5q21.1	genomic	annotated
9861	3	15	46.00882793047296	36.11009551249332	9.898732417979645	0.3411199961215514	1.3447330979923842	1.3447330979923842	Higher_in_CALR	3	PSMD6	proteasome 26S subunit, non-ATPase 6	Homo sapiens	3	3p14.1	genomic	annotated
100507089	3	15	1.5243359551566409	0.9220075917560532	0.6023283634005878	0.3932898917622339	1.3441636989261965	1.3441636989261965	Higher_in_CALR	3	LOC100507089	hypothetical protein LOC100507089	Homo sapiens	22		genomic	annotated
93621	3	15	60.95080701971883	49.95206860791597	10.99873841180286	0.2819823564691779	1.3405737542656186	1.3405737542656186	Higher_in_CALR	3	MRFAP1	Morf4 family associated protein 1	Homo sapiens	4	4p16.1	genomic	annotated
9798	3	15	95.07747785470646	65.35127972515679	29.726198129549672	0.5340739878239891	1.3376293734358462	1.3376293734358462	Higher_in_CALR	3	IST1	IST1 factor associated with ESCRT-III	Homo sapiens	16	16q22.2	genomic	annotated
9261	3	15	142.56312589124147	91.61139021306316	50.951735678178295	0.6324236957147678	1.3371865836550347	1.3371865836550347	Higher_in_CALR	3	MAPKAPK2	MAPK activated protein kinase 2	Homo sapiens	1	1q32.1	genomic	annotated
1604	3	15	193.2257955999843	129.83324513930586	63.39255046067845	0.5700056405470493	1.3367432829617896	1.3367432829617896	Higher_in_CALR	3	CD55	CD55 molecule (Cromer blood group)	Homo sapiens	1	1q32.2	genomic	annotated
720	3	15	2.669023793283693	1.8698166888825525	0.7992071044011411	0.3544376734564074	1.336688304376379	1.336688304376379	Higher_in_CALR	3	C4A	complement C4A (Chido/Rodgers blood group)	Homo sapiens	6	6p21.33	genomic	annotated
115362	3	15	218.25964446274767	128.72879017992997	89.5308542828177	0.7571416166274583	1.336345025996566	1.336345025996566	Higher_in_CALR	3	GBP5	guanylate binding protein 5	Homo sapiens	1	1p22.2	genomic	annotated
132864	3	15	38.38727401752167	28.326269934386826	10.061004083134849	0.4255359883166436	1.33526421258995	1.33526421258995	Higher_in_CALR	3	CPEB2	cytoplasmic polyadenylation element binding protein 2	Homo sapiens	4	4p15.32	genomic	annotated
100507413	3	15	3.9580824026004433	2.343061237781453	1.6150211648189905	0.568612466696987	1.335089636070888	1.335089636070888	Higher_in_CALR	3	LOC100507413	hypothetical LOC100507413	Homo sapiens	13		genomic	annotated
284656	3	15	0.5498484523455823	0.2783883472029453	0.271460105142637	0.2778009894934121	1.3349947702305394	1.3349947702305394	Higher_in_CALR	2	EPHA10	EPH receptor A10	Homo sapiens	1	1p34.3	genomic	annotated
29075	3	15	1.2736182502094466	0.8379486117943051	0.4356696384151415	0.3068936100791781	1.3340215345137885	1.3340215345137885	Higher_in_CALR	3	LINC00652	long independently transcribed non-coding RNA 652	Homo sapiens	20	20p11.23	genomic	annotated
55432	3	15	131.41434710453095	59.62173545250543	71.79261165202551	1.1271523880628944	1.33337302223657	1.33337302223657	Higher_in_CALR	3	YOD1	YOD1 deubiquitinase	Homo sapiens	1	1q32.1	genomic	annotated
5493	3	15	1.3725943827156366	0.7052370932538269	0.6673572894618097	0.476493136299942	1.3316929241085786	1.3316929241085786	Higher_in_CALR	2	PPL	periplakin	Homo sapiens	16	16p13.3	genomic	annotated
84124	3	15	68.0406336762005	47.29224405236989	20.74838962383061	0.5156542016055523	1.3316358761164602	1.3316358761164602	Higher_in_CALR	3	ZNF394	zinc finger protein 394	Homo sapiens	7	7q22.1	genomic	annotated
4790	3	15	105.3366858159079	76.24593454257709	29.09075127333081	0.4611084968972907	1.32812666890099	1.32812666890099	Higher_in_CALR	3	NFKB1	nuclear factor kappa B subunit 1	Homo sapiens	4	4q24	genomic	annotated
22904	3	15	62.3387667154827	39.9403664606265	22.3984002548562	0.6295647604714185	1.3275977357706257	1.3275977357706257	Higher_in_CALR	3	SBNO2	strawberry notch homolog 2	Homo sapiens	19	19p13.3	genomic	annotated
440689	3	15	135.61396631452843	83.01636704316256	52.597599271365866	0.70136267209796	1.325766659213104	1.325766659213104	Higher_in_CALR	3	H2BC18	H2B clustered histone 18	Homo sapiens	1	1q21.2	genomic	annotated
57649	3	15	58.57937670781767	32.8917968626841	25.687579845133563	0.8138769037320515	1.3256930335847212	1.3256930335847212	Higher_in_CALR	3	PHF12	PHD finger protein 12	Homo sapiens	17	17q11.2	genomic	annotated
402055	3	15	7.234023722936006	5.647454443896745	1.586569279039261	0.3087956201052058	1.3255336748967663	1.3255336748967663	Higher_in_CALR	3	SRRD	SRR1 domain containing	Homo sapiens	22	22q12.1	genomic	annotated
22898	3	15	142.40829315453857	78.63455280736416	63.77374034717441	0.8486620102499307	1.325316543299315	1.325316543299315	Higher_in_CALR	3	DENND3	DENN domain containing 3	Homo sapiens	8	8q24.3	genomic	annotated
6498	3	15	85.02221822417363	43.76333277428933	41.2588854498843	0.94239188041798	1.3247522925725108	1.3247522925725108	Higher_in_CALR	3	SKIL	SKI like proto-oncogene	Homo sapiens	3	3q26.2	genomic	annotated
406976	3	15	0.856767486377842	0.4341512534263124	0.4226162329515295	0.3725959785999067	1.3245991116532867	1.3245991116532867	Higher_in_CALR	2	MIR199A1	microRNA 199a-1	Homo sapiens	19	19p13.2	genomic	annotated
677	3	15	139.89061609224635	77.7469349941721	62.143681098074254	0.839279848482243	1.3236289389425666	1.3236289389425666	Higher_in_CALR	3	ZFP36L1	ZFP36 like 1 zinc finger CCCH-type	Homo sapiens	14	14q24.1	genomic	annotated
26765	3	15	1.966538462605996	0.9822887474917236	0.9842497151142724	0.5816133620449558	1.3235442320623474	1.3235442320623474	Higher_in_CALR	3	SNORD12C	small nucleolar RNA, C/D box 12C	Homo sapiens	20	20q13.13	genomic	annotated
100507668	3	15	3.040688439149283	1.95679632341006	1.0838921157392236	0.4505662475671843	1.3234449761719378	1.3234449761719378	Higher_in_CALR	3	LOC100507668	uncharacterized LOC100507668	Homo sapiens	19		genomic	annotated
55700	3	15	47.2480737873153	32.7511128967841	14.4969608905312	0.5155362728282409	1.3218281608831632	1.3218281608831632	Higher_in_CALR	3	MAP7D1	MAP7 domain containing 1	Homo sapiens	1	1p34.3	genomic	annotated
26511	3	15	21.7116090600094	16.332848492876302	5.378760567133096	0.389921153426954	1.3214853378825329	1.3214853378825329	Higher_in_CALR	3	CHIC2	cysteine rich hydrophobic domain 2	Homo sapiens	4	4q12	genomic	annotated
7319	3	15	33.051757727364595	25.2296167304594	7.822140996905198	0.3765325440790006	1.32133560145922	1.32133560145922	Higher_in_CALR	3	UBE2A	ubiquitin conjugating enzyme E2 A	Homo sapiens	X	Xq24	genomic	annotated
201627	3	15	63.93181756660827	47.77907970337204	16.152737863236226	0.4126630541387595	1.3211465011966534	1.3211465011966534	Higher_in_CALR	3	DENND6A	DENN domain containing 6A	Homo sapiens	3	3p14.3	genomic	annotated
94120	3	15	37.2057176158654	24.957630856037603	12.2480867598278	0.5576298435785629	1.3208074463811057	1.3208074463811057	Higher_in_CALR	3	SYTL3	synaptotagmin like 3	Homo sapiens	6	6q25.3	genomic	annotated
54764	3	15	81.2733781223477	58.33602616674923	22.937351955598466	0.4715173710418012	1.320698530477002	1.320698530477002	Higher_in_CALR	3	ZRANB1	zinc finger RANBP2-type containing 1	Homo sapiens	10	10q26.13	genomic	annotated
28684	3	15	2.1245721177995165	1.1942404609276616	0.9303316568718548	0.5099370036354514	1.3188921457955904	1.3188921457955904	Higher_in_CALR	3	TRAV8-2	T cell receptor alpha variable 8-2	Homo sapiens	14	14q11.2	genomic	annotated
54861	3	15	239.975934095332	161.73100883046513	78.24492526486688	0.566399887243981	1.3184745939188909	1.3184745939188909	Higher_in_CALR	3	SNRK	SNF related kinase	Homo sapiens	3	3p22.1	genomic	annotated
114915	3	15	17.11712249654546	10.906648020484388	6.210474476061071	0.6055865130060076	1.317487862364074	1.317487862364074	Higher_in_CALR	3	EPB41L4A-AS1	EPB41L4A antisense RNA 1	Homo sapiens	5	5q22.1	genomic	annotated
440503	3	15	2.3138214294620734	0.701327603427449	1.6124938260346244	0.9618348932039787	1.317013862780114	1.317013862780114	Higher_in_CALR	2	PLIN5	perilipin 5	Homo sapiens	19	19p13.3	genomic	annotated
64135	3	15	50.1373768825536	26.734536087463763	23.40284079508984	0.8826945648466387	1.3166764067672867	1.3166764067672867	Higher_in_CALR	3	IFIH1	interferon induced with helicase C domain 1	Homo sapiens	2	2q24.2	genomic	annotated
768213	3	15	1.3737062421742117	0.9112561385762707	0.4624501035979409	0.3126202701730441	1.3165047662380407	1.3165047662380407	Higher_in_CALR	3	MIR671	microRNA 671	Homo sapiens	7	7q36.1	genomic	annotated
2047	3	15	3.7692759288692232	1.4606022211866674	2.308673707682556	0.9547588011766844	1.3160164715372416	1.3160164715372416	Higher_in_CALR	2	EPHB1	EPH receptor B1	Homo sapiens	3	3q22.2	genomic	annotated
9619	3	15	21.07831200836073	11.608942470511012	9.469369537849714	0.8081825955493063	1.3152141284490864	1.3152141284490864	Higher_in_CALR	3	ABCG1	ATP binding cassette subfamily G member 1	Homo sapiens	21	21q22.3	genomic	annotated
55647	3	15	17.493631584485765	9.743788778114286	7.749842806371479	0.7835257069039026	1.3138391228003332	1.3138391228003332	Higher_in_CALR	3	RAB20	RAB20, member RAS oncogene family	Homo sapiens	13	13q34	genomic	annotated
6503	3	15	134.692116747629	82.88370968507203	51.80840706255697	0.6938743375881078	1.3137712132060289	1.3137712132060289	Higher_in_CALR	3	SLA	Src like adaptor	Homo sapiens	8	8q24.22	genomic	annotated
2222	3	15	49.88645673736403	39.86074443717576	10.025712300188276	0.3165662502561686	1.3131558644932242	1.3131558644932242	Higher_in_CALR	3	FDFT1	farnesyl-diphosphate farnesyltransferase 1	Homo sapiens	8	8p23.1	genomic	annotated
5900	3	15	55.7033339436486	31.457832719836183	24.24550122381242	0.8048668915132566	1.3131283872717776	1.3131283872717776	Higher_in_CALR	3	RALGDS	ral guanine nucleotide dissociation stimulator	Homo sapiens	9	9q34.13-q34.2	genomic	annotated
26065	3	15	143.66682810420136	120.82181636983032	22.845011734371028	0.2479616315358015	1.3123850636022487	1.3123850636022487	Higher_in_CALR	3	LSM14A	LSM14A mRNA processing body assembly factor	Homo sapiens	19	19q13.11	genomic	annotated
645426	3	15	1.458873512806181	0.9008707877957352	0.5580027250104458	0.3713370552669675	1.311465331559608	1.311465331559608	Higher_in_CALR	3	TMEM191C	transmembrane protein 191C	Homo sapiens	22	22q11.21	genomic	annotated
4501	3	15	8.082514861600343	4.4576560007692985	3.624858860831045	0.7348103577351686	1.3094492181112318	1.3094492181112318	Higher_in_CALR	3	MT1X	metallothionein 1X	Homo sapiens	16	16q13	genomic	annotated
9925	3	15	21.594275595720067	13.249325770550444	8.344949825169623	0.6650636454283898	1.3088449388652417	1.3088449388652417	Higher_in_CALR	3	ZBTB5	zinc finger and BTB domain containing 5	Homo sapiens	9	9p13.2	genomic	annotated
100506048	3	15	1.1793545615511165	0.6369467546726376	0.5424078068784789	0.4128935334494876	1.3083076641020828	1.3083076641020828	Higher_in_CALR	3	LOC100506048	uncharacterized LOC100506048	Homo sapiens	4		genomic	annotated
10211	3	15	86.88543160760253	58.60296913294826	28.282462474654267	0.560239835198395	1.3075950048622829	1.3075950048622829	Higher_in_CALR	3	FLOT1	flotillin 1	Homo sapiens	6	6p21.33	genomic	annotated
51629	3	15	83.46538950425456	25.980642501204887	57.48474700304968	1.646435600290605	1.307540840187697	1.307540840187697	Higher_in_CALR	3	SLC25A39	solute carrier family 25 member 39	Homo sapiens	17	17q21.31	genomic	annotated
196792	3	15	2.45056551364066	1.7685885918269717	0.6819769218136882	0.3176821374694976	1.3074128832907783	1.3074128832907783	Higher_in_CALR	3	FAM24B	family with sequence similarity 24 member B	Homo sapiens	10	10q26.13	genomic	annotated
22856	3	15	58.84521231593303	42.753306627542216	16.091905688390817	0.4518437827652573	1.3064855909027195	1.3064855909027195	Higher_in_CALR	3	CHSY1	chondroitin sulfate synthase 1	Homo sapiens	15	15q26.3	genomic	annotated
9846	3	15	89.66518648632469	53.76863628430943	35.896550202015256	0.7271987343827098	1.305898333606277	1.305898333606277	Higher_in_CALR	3	GAB2	GRB2 associated binding protein 2	Homo sapiens	11	11q14.1	genomic	annotated
100313887	3	15	0.7307914038646718	0.4475131800876987	0.2832782237769731	0.2578553761208365	1.305728739292196	1.305728739292196	Higher_in_CALR	3	MIR2277	microRNA 2277	Homo sapiens	5	5q15	genomic	annotated
54205	3	15	55.72970936306927	42.52858178084976	13.201127582219506	0.382141456864506	1.3051259761352425	1.3051259761352425	Higher_in_CALR	3	CYCS	cytochrome c, somatic	Homo sapiens	7	7p15.3	genomic	annotated
54855	3	15	327.864090363443	120.94691155693404	206.91717880650896	1.431238263943997	1.3044263563882457	1.3044263563882457	Higher_in_CALR	3	TENT5C	terminal nucleotidyltransferase 5C	Homo sapiens	1	1p12	genomic	annotated
23528	3	15	66.7184038938952	43.20887830286536	23.50952559102984	0.6152118399314928	1.304018477610882	1.304018477610882	Higher_in_CALR	3	ZNF281	zinc finger protein 281	Homo sapiens	1	1q32.1	genomic	annotated
692196	3	15	4.463506757731886	2.9319900739740614	1.5315166837578245	0.4745675641197033	1.3036196119670924	1.3036196119670924	Higher_in_CALR	3	SNORD76	small nucleolar RNA, C/D box 76	Homo sapiens	1	1q25.1	genomic	annotated
23787	3	15	72.99885105295667	47.166894013411365	25.8319570395453	0.6194609744362181	1.3035578174735878	1.3035578174735878	Higher_in_CALR	3	MTCH1	mitochondrial carrier 1	Homo sapiens	6	6p21.2	genomic	annotated
5971	3	15	25.30787742218113	13.971561865677396	11.336315556503736	0.8132701190572211	1.3021261824765764	1.3021261824765764	Higher_in_CALR	3	RELB	RELB proto-oncogene, NF-kB subunit	Homo sapiens	19	19q13.32	genomic	annotated
2175	3	15	40.04400152569177	30.223005348408584	9.820996177283185	0.3945619816772394	1.3018028352334612	1.3018028352334612	Higher_in_CALR	3	FANCA	FA complementation group A	Homo sapiens	16	16q24.3	genomic	annotated
84002	3	15	27.417340680331915	12.609057749103584	14.80828293122833	1.0622043698667043	1.3013214484400089	1.3013214484400089	Higher_in_CALR	3	B3GNT5	UDP-GlcNAc:betaGal beta-1,3-N-acetylglucosaminyltransferase 5	Homo sapiens	3	3q27.1	genomic	annotated
2275	3	15	13.245281756384754	7.493188578099572	5.752093178285183	0.7461059686612752	1.3006530848973084	1.3006530848973084	Higher_in_CALR	3	FHL3	four and a half LIM domains 3	Homo sapiens	1	1p34.3	genomic	annotated
2086	3	15	25.12047497517473	13.949875643934032	11.170599331240698	0.8050476472683732	1.3003837975701782	1.3003837975701782	Higher_in_CALR	3	ERV3-1	endogenous retrovirus group 3 member 1, envelope	Homo sapiens	7	7q11.21	genomic	annotated
644656	3	15	2.566113669485153	1.5807753543934928	0.9853383150916604	0.4665481230627515	1.299209590097532	1.299209590097532	Higher_in_CALR	3	ZNF143-AS1	ZNF143 antisense RNA 1	Homo sapiens	11	11p15.4	genomic	annotated
283991	3	15	68.44461994703774	44.26016989980922	24.18445004722852	0.6176209289747359	1.2982238898161549	1.2982238898161549	Higher_in_CALR	3	UBALD2	UBA like domain containing 2	Homo sapiens	17	17q25.1	genomic	annotated
8870	3	15	68.3744334126091	28.734709987661624	39.63972342494747	1.2222560790680754	1.2979230617152624	1.2979230617152624	Higher_in_CALR	3	IER3	immediate early response 3	Homo sapiens	6	6p21.33	genomic	annotated
100132169	3	15	1.3010879878749968	0.4426308001883273	0.8584571876866695	0.6736140188688449	1.2978018540862253	1.2978018540862253	Higher_in_CALR	2	WASIR2	WASIR family lncRNA 2	Homo sapiens	16	16p13.3	genomic	annotated
79818	3	15	12.932053930443823	9.151643605806305	3.78041032463752	0.456694636241846	1.2967661724284218	1.2967661724284218	Higher_in_CALR	3	ZNF552	zinc finger protein 552	Homo sapiens	19	19q13.43	genomic	annotated
27161	3	15	49.95136784449824	33.78713114446163	16.164236700036604	0.5505671711896714	1.2966409037563522	1.2966409037563522	Higher_in_CALR	3	AGO2	argonaute RISC catalytic component 2	Homo sapiens	8	8q24.3	genomic	annotated
100113393	3	15	4.894310797043197	2.7565154799766387	2.137795317066558	0.6499280859536642	1.2959056849343606	1.2959056849343606	Higher_in_CALR	3	SNORD12B	small nucleolar RNA, C/D box 12B	Homo sapiens	20	20q13.13	genomic	annotated
79019	3	15	0.5442280098754483	0.2881946609835868	0.2560333488918614	0.2615351688750119	1.2946588866698585	1.2946588866698585	Higher_in_CALR	2	CENPM	centromere protein M	Homo sapiens	22	22q13.2	genomic	annotated
200186	3	15	25.82639799168972	14.472243852673737	11.354154139015986	0.7939709175180742	1.2928490273068254	1.2928490273068254	Higher_in_CALR	3	CRTC2	CREB regulated transcription coactivator 2	Homo sapiens	1	1q21.3	genomic	annotated
25829	3	15	11.40960719989748	8.159044305354403	3.2505628945430765	0.4381884765108581	1.2927755854570608	1.2927755854570608	Higher_in_CALR	3	TMEM184B	transmembrane protein 184B	Homo sapiens	22	22q13.1	genomic	annotated
56900	3	15	55.0605767334672	39.37784889237335	15.68272784109385	0.4734225325025116	1.2926691384107365	1.2926691384107365	Higher_in_CALR	3	TMEM167B	transmembrane protein 167B	Homo sapiens	1	1p13.3	genomic	annotated
57599	3	15	74.3412663372564	49.3383589102092	25.0029074270472	0.5817820986233535	1.2925961311479714	1.2925961311479714	Higher_in_CALR	3	WDR48	WD repeat domain 48	Homo sapiens	3	3p22.2	genomic	annotated
55853	3	15	13.89451049043169	8.00048374582841	5.894026744603281	0.7267062613898037	1.2925175249898655	1.2925175249898655	Higher_in_CALR	3	IDI2-AS1	IDI2 antisense RNA 1	Homo sapiens	10	10p15.3	genomic	annotated
81857	3	15	9.02752454058746	5.923857389223731	3.1036671513637275	0.5343175819813153	1.2920740918759273	1.2920740918759273	Higher_in_CALR	3	MED25	mediator complex subunit 25	Homo sapiens	19	19q13.33	genomic	annotated
407004	3	15	5.55613329371009	2.70304323397613	2.85309005973396	0.8241337929393986	1.2915451406801175	1.2915451406801175	Higher_in_CALR	3	MIR22	microRNA 22	Homo sapiens	17	17p13.3	genomic	annotated
1912	3	15	51.60770375253323	31.75583858256305	19.851865169970186	0.6835219964229697	1.291100243819454	1.291100243819454	Higher_in_CALR	3	PHC2	polyhomeotic homolog 2	Homo sapiens	1	1p35.1	genomic	annotated
6397	3	15	208.74928364713364	114.12795024212238	94.62133340501126	0.8654277565052384	1.2910787789516096	1.2910787789516096	Higher_in_CALR	3	SEC14L1	SEC14 like lipid binding 1	Homo sapiens	17	17q25.2-q25.3	genomic	annotated
155370	3	15	55.33220667627984	38.932473111626265	16.399733564653573	0.4963975625083305	1.2902745021841195	1.2902745021841195	Higher_in_CALR	3	SBDSP1	SBDS pseudogene 1	Homo sapiens	7	7q11.23	genomic	annotated
79660	3	15	27.50209468151492	14.982170098902854	12.519924582612065	0.8346046357035743	1.2902496507489376	1.2902496507489376	Higher_in_CALR	3	PPP1R3B	protein phosphatase 1 regulatory subunit 3B	Homo sapiens	8	8p23.1	genomic	annotated
9967	3	15	189.0651984578677	147.8218146147042	41.243383843163485	0.3529083788980154	1.2900966281523845	1.2900966281523845	Higher_in_CALR	3	THRAP3	thyroid hormone receptor associated protein 3	Homo sapiens	1	1p34.3	genomic	annotated
25945	3	15	1.581966928850976	0.890612515949699	0.6913544129012771	0.4496168110552974	1.2892438617970374	1.2892438617970374	Higher_in_CALR	3	NECTIN3	nectin cell adhesion molecule 3	Homo sapiens	3	3q13.13	genomic	annotated
100506303	3	15	1.031653792675591	0.311578609747046	0.720075182928545	0.6313502997872915	1.2890437501785077	1.2890437501785077	Higher_in_CALR	2	LOC100506303	uncharacterized LOC100506303	Homo sapiens	14		genomic	annotated
57118	3	15	15.423242635636862	9.897214264296968	5.526028371339894	0.5917796283364574	1.2880158764728469	1.2880158764728469	Higher_in_CALR	3	CAMK1D	calcium/calmodulin dependent protein kinase ID	Homo sapiens	10	10p13	genomic	annotated
148534	3	15	12.625296296525692	4.747048276736356	7.878248019789336	1.245394529805694	1.28800082263564	1.28800082263564	Higher_in_CALR	3	TLCD4	TLC domain containing 4	Homo sapiens	1	1p21.3	genomic	annotated
1031	3	15	7.232842208589069	4.788262135230847	2.444580073358222	0.508260316298133	1.2868814898278476	1.2868814898278476	Higher_in_CALR	3	CDKN2C	cyclin dependent kinase inhibitor 2C	Homo sapiens	1	1p32.3	genomic	annotated
65983	3	15	4.432557028085124	2.691226294292848	1.7413307337922754	0.5575312279821931	1.2857095185846168	1.2857095185846168	Higher_in_CALR	3	GRAMD2B	GRAM domain containing 2B	Homo sapiens	5	5q23.2	genomic	annotated
56548	3	15	8.79834127470617	5.761378478630509	3.0369627960756604	0.5352201348410279	1.285273339172104	1.285273339172104	Higher_in_CALR	3	CHST7	carbohydrate sulfotransferase 7	Homo sapiens	X	Xp11.3	genomic	annotated
3005	3	15	146.59377638886858	63.6141717001849	82.97960468868368	1.1917093600958584	1.2852590949563858	1.2852590949563858	Higher_in_CALR	3	H1-0	H1.0 linker histone	Homo sapiens	22	22q13.1	genomic	annotated
100128737	3	15	1.99889803208961	1.4534485520672435	0.5454494800223664	0.2896214498945499	1.285194990330491	1.285194990330491	Higher_in_CALR	3	LOC100128737	uncharacterized LOC100128737	Homo sapiens	7	7q22.3	genomic	annotated
94241	3	15	101.55240833944846	67.86100991466398	33.69139842478448	0.574602127725437	1.2851684064234696	1.2851684064234696	Higher_in_CALR	3	TP53INP1	tumor protein p53 inducible nuclear protein 1	Homo sapiens	8	8q22.1	genomic	annotated
177	3	15	10.487452950695015	7.962174633370202	2.5252783173248154	0.3581382090035729	1.2849361610894567	1.2849361610894567	Higher_in_CALR	3	AGER	advanced glycosylation end-product specific receptor	Homo sapiens	6	6p21.32	genomic	annotated
387893	3	15	23.4923189222983	14.88458074040946	8.60773818188884	0.6247023622367038	1.2841869457009576	1.2841869457009576	Higher_in_CALR	3	KMT5A	lysine methyltransferase 5A	Homo sapiens	12	12q24.31	genomic	annotated
57471	3	15	32.8260498823345	14.66620350977666	18.15984637255784	1.1104791080648986	1.283672455733623	1.283672455733623	Higher_in_CALR	3	ERMN	ermin	Homo sapiens	2	2q24.1	genomic	annotated
80345	3	15	8.989121495474796	6.50254515612193	2.486576339352866	0.4129777070538458	1.2818920791297088	1.2818920791297088	Higher_in_CALR	3	ZSCAN16	zinc finger and SCAN domain containing 16	Homo sapiens	6	6p22.1	genomic	annotated
1743	3	15	38.67724229739627	29.35921053293758	9.318031764458688	0.386177481914987	1.281744129670356	1.281744129670356	Higher_in_CALR	3	DLST	dihydrolipoamide S-succinyltransferase	Homo sapiens	14	14q24.3	genomic	annotated
4355	3	15	0.9281935418114536	0.3164946646889645	0.6116988771224892	0.5505481942533254	1.281266520390438	1.281266520390438	Higher_in_CALR	2	MPP2	MAGUK p55 scaffold protein 2	Homo sapiens	17	17q21.31	genomic	annotated
400058	3	15	1.6326194785667552	0.7219740883439407	0.9106453902228144	0.612435574145187	1.2809735139524348	1.2809735139524348	Higher_in_CALR	3	MKRN9P	makorin ring finger protein 9, pseudogene	Homo sapiens	12	12q21.32	genomic	annotated
100505606	3	15	0.9750091487980588	0.5621822999469277	0.4128268488511312	0.3382965166723134	1.2802828885327702	1.2802828885327702	Higher_in_CALR	3	LOC100505606	uncharacterized LOC100505606	Homo sapiens	10		genomic	annotated
8395	3	15	17.85620998706896	8.07557731948436	9.780632667584602	1.0549784055016178	1.2796857898560177	1.2796857898560177	Higher_in_CALR	3	PIP5K1B	phosphatidylinositol-4-phosphate 5-kinase type 1 beta	Homo sapiens	9	9q21.11	genomic	annotated
100287902	3	15	6.93100727009629	4.696837119659546	2.2341701504367446	0.4773429475082289	1.27942973968159	1.27942973968159	Higher_in_CALR	3	LGALS8-AS1	LGALS8 antisense RNA 1	Homo sapiens	1	1q43	genomic	annotated
56662	3	15	1.2445521644830906	0.374558723464214	0.8699934410188765	0.7074590830469962	1.2791625516077365	1.2791625516077365	Higher_in_CALR	2	VTRNA1-3	vault RNA 1-3	Homo sapiens	5	5q31.3	genomic	annotated
5208	3	15	11.309310687215207	8.599291947873438	2.71001873934177	0.3587500737423177	1.2784682391279245	1.2784682391279245	Higher_in_CALR	3	PFKFB2	6-phosphofructo-2-kinase/fructose-2,6-biphosphatase 2	Homo sapiens	1	1q32.1	genomic	annotated
25897	3	15	127.23227504934108	83.39654416033113	43.83573088900994	0.6035035923000809	1.2783746377978396	1.2783746377978396	Higher_in_CALR	3	RNF19A	ring finger protein 19A, RBR E3 ubiquitin protein ligase	Homo sapiens	8	8q22.2	genomic	annotated
6100	3	15	8.23134885897178	6.404596841239609	1.8267520177321703	0.3181202787489106	1.2778994767257192	1.2778994767257192	Higher_in_CALR	3	RP9	RP9 pre-mRNA splicing factor	Homo sapiens	7	7p14.3	genomic	annotated
9294	3	15	5.884959061956086	3.069605224522921	2.815353837433165	0.7585592246714201	1.277689036169649	1.277689036169649	Higher_in_CALR	3	S1PR2	sphingosine-1-phosphate receptor 2	Homo sapiens	19	19p13.2	genomic	annotated
388906	3	15	0.5248948332855563	0.2821665564794813	0.242728276806075	0.2501260647860001	1.2767696800468396	1.2767696800468396	Higher_in_CALR	2	OGFRP1	opioid growth factor receptor pseudogene 1	Homo sapiens	22	22q13.2	genomic	annotated
89853	3	15	12.404823462139218	7.731706237494753	4.673117224644465	0.6184167201606416	1.2754489449462376	1.2754489449462376	Higher_in_CALR	3	MVB12B	multivesicular body subunit 12B	Homo sapiens	9	9q33.3	genomic	annotated
8420	3	15	36.21802708640404	25.492527283358164	10.72549980304587	0.4904161029735103	1.2748267943616285	1.2748267943616285	Higher_in_CALR	3	SNHG3	small nucleolar RNA host gene 3	Homo sapiens	1	1p35.3	genomic	annotated
378805	3	15	109.6352198166708	65.87611490750324	43.759104909167576	0.7262477856243184	1.2739355916670605	1.2739355916670605	Higher_in_CALR	3	LINC-PINT	long independently transcribed non-coding RNA, p53 induced transcript	Homo sapiens	7	7q32.3	genomic	annotated
10043	3	15	50.25498784699687	33.42885745314107	16.8261303938558	0.5740741016025419	1.2730449752050164	1.2730449752050164	Higher_in_CALR	3	TOM1	target of myb1 membrane trafficking protein	Homo sapiens	22	22q12.3	genomic	annotated
406934	3	15	2.9172391597603067	1.791398430496423	1.1258407292638837	0.488849149740318	1.272325267425916	1.272325267425916	Higher_in_CALR	3	MIR142	microRNA 142	Homo sapiens	17	17q22	genomic	annotated
27143	3	15	1.014720802164337	0.5546515372675046	0.4600692648968324	0.3739886774689349	1.2718266016127426	1.2718266016127426	Higher_in_CALR	2	PALD1	phosphatase domain containing paladin 1	Homo sapiens	10	10q22.1	genomic	annotated
22994	3	15	6.204977072791633	4.873060519166294	1.331916553625339	0.2948813353416177	1.2705848269746105	1.2705848269746105	Higher_in_CALR	3	CEP131	centrosomal protein 131	Homo sapiens	17	17q25.3	genomic	annotated
51303	3	15	14.634640894808715	9.007873080318074	5.626767814490643	0.6436106845179501	1.2698563419372009	1.2698563419372009	Higher_in_CALR	3	FKBP11	FKBP prolyl isomerase 11	Homo sapiens	12	12q13.12	genomic	annotated
1906	3	15	0.7239894470476026	0.3430058063074609	0.3809836407401417	0.360285401292606	1.2692795268178274	1.2692795268178274	Higher_in_CALR	2	EDN1	endothelin 1	Homo sapiens	6	6p24.1	genomic	annotated
645431	3	15	5.668570457596304	2.719738334648532	2.948832122947772	0.8421763854308177	1.2650768795849028	1.2650768795849028	Higher_in_CALR	3	FUT8-AS1	FUT8 antisense RNA 1	Homo sapiens	14	14q23.3	genomic	annotated
143384	3	15	74.45455386123807	57.58501524351077	16.869538617727294	0.36507627122855	1.264415543375609	1.264415543375609	Higher_in_CALR	3	CACUL1	CDK2 associated cullin domain 1	Homo sapiens	10	10q26.11	genomic	annotated
54877	3	15	118.24616447746166	73.44335459505282	44.80280988240884	0.6797278898052808	1.2605589167951698	1.2605589167951698	Higher_in_CALR	3	ZCCHC2	zinc finger CCHC-type containing 2	Homo sapiens	18	18q21.33	genomic	annotated
126272	3	15	1.82438538569597	1.2223569867321045	0.6020283989638655	0.3458463752830034	1.26003064469491	1.26003064469491	Higher_in_CALR	3	EID2B	EP300 interacting inhibitor of differentiation 2B	Homo sapiens	19	19q13.2	genomic	annotated
201725	3	15	5.832475170595913	4.615469336215576	1.2170058343803367	0.2830017050580879	1.2577056907199011	1.2577056907199011	Higher_in_CALR	3	C4orf46	chromosome 4 open reading frame 46	Homo sapiens	4	4q32.1	genomic	annotated
11082	3	15	2.48803099164867	0.7870355891170564	1.7009954025316136	0.9648444925391644	1.2566542714864672	1.2566542714864672	Higher_in_CALR	2	ESM1	endothelial cell specific molecule 1	Homo sapiens	5	5q11.2	genomic	annotated
78994	3	15	15.235165718067504	11.587107611853067	3.648058106214437	0.3671753061699987	1.2562575553525277	1.2562575553525277	Higher_in_CALR	3	PRR14	proline rich 14	Homo sapiens	16	16p11.2	genomic	annotated
54800	3	15	92.5219709204543	61.84980993315394	30.67216098730035	0.5733969524027032	1.254892091220114	1.254892091220114	Higher_in_CALR	3	KLHL24	kelch like family member 24	Homo sapiens	3	3q27.1	genomic	annotated
338699	3	15	6.227051120999563	4.9651527423913455	1.2618983786082172	0.2768480196016161	1.2540993231721356	1.2540993231721356	Higher_in_CALR	3	ANKRD42	ankyrin repeat domain 42	Homo sapiens	11	11q14.1	genomic	annotated
54981	3	15	15.2668458917713	10.864503276815096	4.402342614956202	0.4552828410496508	1.253496705002503	1.253496705002503	Higher_in_CALR	3	NMRK1	nicotinamide riboside kinase 1	Homo sapiens	9	9q21.13	genomic	annotated
693197	3	15	6.817931130026344	3.3754032008739925	3.442527929152352	0.8373709057652663	1.253314633668015	1.253314633668015	Higher_in_CALR	3	MIR612	microRNA 612	Homo sapiens	11	11q13.1	genomic	annotated
573	3	15	40.49173352952944	27.62476523465729	12.866968294872144	0.5355600734095809	1.2531426034131623	1.2531426034131623	Higher_in_CALR	3	BAG1	BAG cochaperone 1	Homo sapiens	9	9p13.3	genomic	annotated
22931	3	15	79.02982754024346	61.902318506267264	17.127509033976196	0.3474246061581567	1.2521730397101156	1.2521730397101156	Higher_in_CALR	3	RAB18	RAB18, member RAS oncogene family	Homo sapiens	10	10p12.1	genomic	annotated
6322	3	15	16.7654708669972	9.37597342351882	7.389497443478381	0.775829237792482	1.251301532974208	1.251301532974208	Higher_in_CALR	3	SCML1	Scm polycomb group protein like 1	Homo sapiens	X	Xp22.13	genomic	annotated
100506746	3	15	1.902479191998704	1.2713737661604108	0.6311054258382927	0.3537205959622425	1.251164518210911	1.251164518210911	Higher_in_CALR	3	AFF1-AS1	AFF1 antisense RNA 1	Homo sapiens	4	4q21.3	genomic	annotated
4122	3	15	90.6791677461843	66.88951439700774	23.78965334917656	0.4334051815281254	1.2508956371137554	1.2508956371137554	Higher_in_CALR	3	MAN2A2	mannosidase alpha class 2A member 2	Homo sapiens	15	15q26.1	genomic	annotated
100505492	3	15	39.5998219760801	28.237508919662464	11.362313056417635	0.4736530047210028	1.250653150451937	1.250653150451937	Higher_in_CALR	3	LOC100505492	uncharacterized LOC100505492	Homo sapiens	3		genomic	annotated
23219	3	15	20.90083292728524	17.89472783336699	3.006105093918244	0.213002001469845	1.2494262891710846	1.2494262891710846	Higher_in_CALR	3	FBXO28	F-box protein 28	Homo sapiens	1	1q42.11	genomic	annotated
51696	3	15	193.0004463117607	128.23796406568195	64.76248224607875	0.5860300428616547	1.2484564783211871	1.2484564783211871	Higher_in_CALR	3	HECA	HECA ribonucleoprotein granule regulator	Homo sapiens	6	6q24.1	genomic	annotated
283652	3	15	2.544625341462687	1.4738103381258214	1.0708150033368655	0.5188982499232286	1.2484487255208117	1.2484487255208117	Higher_in_CALR	3	SLC24A5	solute carrier family 24 member 5	Homo sapiens	15	15q21.1	genomic	annotated
100507315	3	15	11.232777802448496	6.955444372777017	4.2773334296714784	0.6207376227454633	1.247112110932133	1.247112110932133	Higher_in_CALR	3	LOC100507315	hypothetical LOC100507315	Homo sapiens	14		genomic	annotated
114614	3	15	1.6851073863519233	1.098063271117754	0.5870441152341692	0.3559216017208284	1.2465180927526724	1.2465180927526724	Higher_in_CALR	3	MIR155HG	MIR155 host gene	Homo sapiens	21		genomic	annotated
1942	3	15	1.2629381768534456	0.4573524246692672	0.8055857521841784	0.6348473711850465	1.2464124847910534	1.2464124847910534	Higher_in_CALR	2	EFNA1	ephrin A1	Homo sapiens	1	1q22	genomic	annotated
55744	3	15	13.1892215786938	10.733450066666434	2.455771512027365	0.2741681640111446	1.246274520953662	1.246274520953662	Higher_in_CALR	3	COA1	cytochrome c oxidase assembly factor 1	Homo sapiens	7	7p13	genomic	annotated
91574	3	15	7.344794439925477	4.839147614506053	2.505646825419424	0.5151187285095418	1.2458690846059262	1.2458690846059262	Higher_in_CALR	3	MTRFR	mitochondrial translation release factor in rescue	Homo sapiens	12	12q24.31	genomic	annotated
400759	3	15	3.1049585160390696	1.1352351766483966	1.969723339390673	0.9429726641880124	1.2450149661695558	1.2450149661695558	Higher_in_CALR	3	GBP1P1	guanylate binding protein 1 pseudogene 1	Homo sapiens	1	1p22.2	genomic	annotated
79870	3	15	1.0629807547038717	0.5355051864995114	0.5274755682043603	0.42601697722563	1.244658268396359	1.244658268396359	Higher_in_CALR	2	BAALC	BAALC binder of MAP3K1 and KLF4	Homo sapiens	8	8q22.3	genomic	annotated
199223	3	15	5.40071436995018	3.3509863043848256	2.049728065565354	0.5568904544768047	1.2437537258835365	1.2437537258835365	Higher_in_CALR	3	TTC21A	tetratricopeptide repeat domain 21A	Homo sapiens	3	3p22.2	genomic	annotated
25793	3	15	183.41061146882	99.99681401533128	83.41379745348874	0.8686118912951608	1.243123496058581	1.243123496058581	Higher_in_CALR	3	FBXO7	F-box protein 7	Homo sapiens	22	22q12.3	genomic	annotated
282997	3	15	6.103106668489693	4.030086050112804	2.073020618376889	0.4978670701164707	1.2429750911187727	1.2429750911187727	Higher_in_CALR	3	PDCD4-AS1	PDCD4 antisense RNA 1	Homo sapiens	10	10q25.2	genomic	annotated
27146	3	15	3.3550723939748166	2.0809321739683093	1.2741402200065073	0.4993297786940529	1.2427501604624145	1.2427501604624145	Higher_in_CALR	3	FAM184B	family with sequence similarity 184 member B	Homo sapiens	4	4p15.32-p15.31	genomic	annotated
100505933	3	15	1.2092834556649972	0.5364590320613326	0.6728244236036646	0.5239692317290799	1.2424218203489	1.2424218203489	Higher_in_CALR	3	ADD3-AS1	ADD3 antisense RNA 1	Homo sapiens	10	10q25.1	genomic	annotated
116844	3	15	21.900344138002826	7.548385455785676	14.351958682217148	1.421645411549183	1.2420166908885275	1.2420166908885275	Higher_in_CALR	3	LRG1	leucine rich alpha-2-glycoprotein 1	Homo sapiens	19	19p13.3	genomic	annotated
127544	3	15	56.6331503742414	32.486714465434964	24.14643590880644	0.7833100496660528	1.2412483681092668	1.2412483681092668	Higher_in_CALR	3	RNF19B	ring finger protein 19B	Homo sapiens	1	1p35.1	genomic	annotated
256355	3	15	0.9548111556081492	0.5759343421948021	0.3788768134133472	0.3108218134521467	1.2412384612872147	1.2412384612872147	Higher_in_CALR	3	RPS2P32	ribosomal protein S2 pseudogene 32	Homo sapiens	7	7p15.3	genomic	annotated
54964	3	15	15.263260818376878	10.782092830346585	4.481167988030295	0.4650207247805062	1.2412068197941934	1.2412068197941934	Higher_in_CALR	3	C1orf56	chromosome 1 open reading frame 56	Homo sapiens	1	1q21.3	genomic	annotated
23351	3	15	93.94775360764122	67.21277393078239	26.734979676858828	0.477091935475161	1.239489183974438	1.239489183974438	Higher_in_CALR	3	KHNYN	KH and NYN domain containing	Homo sapiens	14	14q12	genomic	annotated
57763	3	15	17.457894175412868	13.334542689225382	4.123351486187486	0.364742088722946	1.2393599424575883	1.2393599424575883	Higher_in_CALR	3	ANKRA2	ankyrin repeat family A member 2	Homo sapiens	5	5q13.2	genomic	annotated
51742	3	15	154.61812329526774	103.60054609778948	51.01757719747826	0.5731197028363608	1.2388051764869776	1.2388051764869776	Higher_in_CALR	3	ARID4B	AT-rich interaction domain 4B	Homo sapiens	1	1q42.3	genomic	annotated
6303	3	15	554.6659236542587	364.9099224131169	189.7560012411417	0.6027292314805592	1.237236152290726	1.237236152290726	Higher_in_CALR	3	SAT1	spermidine/spermine N1-acetyltransferase 1	Homo sapiens	X	Xp22.11	genomic	annotated
1027	3	15	130.33590729222078	88.52684692374766	41.809060368473126	0.5528691220692084	1.2371265318841598	1.2371265318841598	Higher_in_CALR	3	CDKN1B	cyclin dependent kinase inhibitor 1B	Homo sapiens	12	12p13.1	genomic	annotated
23608	3	15	428.8314407097707	215.0624347754949	213.7690059342758	0.9923227518970918	1.235917131150814	1.235917131150814	Higher_in_CALR	3	MKRN1	makorin ring finger protein 1	Homo sapiens	7	7q34	genomic	annotated
4291	3	15	0.8391679594129743	0.4017294021870471	0.4374385572259271	0.3918453676761024	1.2355434007516437	1.2355434007516437	Higher_in_CALR	2	MLF1	myeloid leukemia factor 1	Homo sapiens	3	3q25.32	genomic	annotated
100505730	3	15	0.6647641335049593	0.3175773712276684	0.3471867622772909	0.3374301056109688	1.2348557834384224	1.2348557834384224	Higher_in_CALR	2	LOC100505730	uncharacterized LOC100505730	Homo sapiens	6		genomic	annotated
90525	3	15	1.8155782717417093	1.145390868781408	0.6701874029603017	0.3921907413920396	1.234420162550938	1.234420162550938	Higher_in_CALR	3	SHF	Src homology 2 domain containing F	Homo sapiens	15	15q21.1	genomic	annotated
123720	3	15	60.421154252991904	30.80073327427078	29.620420978721125	0.9496755921764716	1.234232104784419	1.234232104784419	Higher_in_CALR	3	WHAMM	WASP homolog associated with actin, golgi membranes and microtubules	Homo sapiens	15	15q25.2	genomic	annotated
245711	3	15	1.9967250840971007	1.3297167607844915	0.6670083233126096	0.3632321713632149	1.233046268957291	1.233046268957291	Higher_in_CALR	3	SPDYA	speedy/RINGO cell cycle regulator family member A	Homo sapiens	2	2p23.2	genomic	annotated
162989	3	15	89.79588864823172	56.6606430214497	33.13524562678202	0.6550400463470636	1.2328968678086625	1.2328968678086625	Higher_in_CALR	3	DEDD2	death effector domain containing 2	Homo sapiens	19	19q13.2	genomic	annotated
23410	3	15	9.800026563723051	8.449324141330093	1.3507024223929598	0.1927518108219952	1.2328147437714945	1.2328147437714945	Higher_in_CALR	3	SIRT3	sirtuin 3	Homo sapiens	11	11p15.5	genomic	annotated
275	3	15	8.743327207253033	6.415295472260696	2.3280317349923374	0.3939103363031293	1.2320028310697233	1.2320028310697233	Higher_in_CALR	3	AMT	aminomethyltransferase	Homo sapiens	3	3p21.31	genomic	annotated
119772	3	15	2.05418625872363	0.6243134634043095	1.4298727953193209	0.9109579734919796	1.2318759568918396	1.2318759568918396	Higher_in_CALR	2	OR52M1	olfactory receptor family 52 subfamily M member 1	Homo sapiens	11	11p15.4	genomic	annotated
4117	3	15	6.891371462850933	3.635179362274786	3.256192100576147	0.7676508856495907	1.2316310964099133	1.2316310964099133	Higher_in_CALR	3	MAK	male germ cell associated kinase	Homo sapiens	6	6p24.2	genomic	annotated
55359	3	15	1.4028938411173535	0.6096855178014725	0.793208323315881	0.5779940538030198	1.231605910408764	1.231605910408764	Higher_in_CALR	3	STYK1	STY kinase 1	Homo sapiens	12	12p13.2	genomic	annotated
55096	3	15	6.498890606106376	4.298167074464015	2.200723531642361	0.5011838386158067	1.2311054801816093	1.2311054801816093	Higher_in_CALR	3	EBLN2	endogenous Bornavirus like nucleoprotein 2	Homo sapiens	3	3p13	genomic	annotated
604	3	15	79.40096446056492	50.48478215608693	28.916182304477992	0.6430667432601886	1.22806883162387	1.22806883162387	Higher_in_CALR	3	BCL6	BCL6 transcription repressor	Homo sapiens	3	3q27.3	genomic	annotated
100507132	3	15	2.348581185024327	1.5084654892976794	0.8401156957266473	0.416744855962992	1.2270321034623617	1.2270321034623617	Higher_in_CALR	3	LOC100507132	putative protein FAM90A-like	Homo sapiens	19		genomic	annotated
22853	3	15	51.47932547572898	32.519156108240175	18.960169367488803	0.6467633492859042	1.2266199067601486	1.2266199067601486	Higher_in_CALR	3	LMTK2	lemur tail kinase 2	Homo sapiens	7	7q21.3	genomic	annotated
23657	3	15	6.497140691272773	3.5314406127816715	2.9657000784911016	0.7263706984653289	1.2257472051456175	1.2257472051456175	Higher_in_CALR	3	SLC7A11	solute carrier family 7 member 11	Homo sapiens	4	4q28.3	genomic	annotated
1889	3	15	168.8064974259954	99.36709964600662	69.43939777998877	0.7586052317278069	1.225084251658047	1.225084251658047	Higher_in_CALR	3	ECE1	endothelin converting enzyme 1	Homo sapiens	1	1p36.12	genomic	annotated
219988	3	15	52.99006898889733	35.32193354945252	17.66813543944481	0.5718530556643966	1.2249289981311795	1.2249289981311795	Higher_in_CALR	3	PATL1	PAT1 homolog 1, processing body mRNA decay factor	Homo sapiens	11	11q12.1	genomic	annotated
3290	3	15	3.78561761850512	1.58312509503478	2.20249252347034	0.8895876152605369	1.2248303696468466	1.2248303696468466	Higher_in_CALR	3	HSD11B1	hydroxysteroid 11-beta dehydrogenase 1	Homo sapiens	1	1q32.2	genomic	annotated
10278	3	15	2.5832865908137035	0.8913535042930285	1.691933086520675	0.921864398664722	1.224706062245286	1.224706062245286	Higher_in_CALR	2	EFS	embryonal Fyn-associated substrate	Homo sapiens	14	14q11.2	genomic	annotated
57449	3	15	3.4878591096112266	1.652248224793056	1.8356108848181705	0.7588115810811238	1.224407090372503	1.224407090372503	Higher_in_CALR	3	PLEKHG5	pleckstrin homology and RhoGEF domain containing G5	Homo sapiens	1	1p36.31	genomic	annotated
55280	3	15	28.45094348802827	21.12249572046016	7.3284477675681075	0.4127997023464047	1.2242802283519063	1.2242802283519063	Higher_in_CALR	3	CWF19L1	CWF19 like cell cycle control factor 1	Homo sapiens	10	10q24.31	genomic	annotated
23642	3	15	59.33326665573397	40.30049502600375	19.032771629730227	0.5467946232435228	1.2228947347213523	1.2228947347213523	Higher_in_CALR	3	SNHG1	small nucleolar RNA host gene 1	Homo sapiens	11	11q12.3	genomic	annotated
90288	3	15	1.0651516944838832	0.6143915858427158	0.4507601086411674	0.3552571975431438	1.2227378163218388	1.2227378163218388	Higher_in_CALR	2	EFCAB12	EF-hand calcium binding domain 12	Homo sapiens	3	3q21.3	genomic	annotated
2907	3	15	40.18813627173167	23.649810402373227	16.538325869358445	0.7406522970091762	1.2226428342759026	1.2226428342759026	Higher_in_CALR	3	GRINA	glutamate ionotropic receptor NMDA type subunit associated protein 1	Homo sapiens	8	8q24.3	genomic	annotated
137964	3	15	57.8452751659594	47.04689264072461	10.798382525234793	0.2924834524062003	1.2218624455999254	1.2218624455999254	Higher_in_CALR	3	GPAT4	glycerol-3-phosphate acyltransferase 4	Homo sapiens	8	8p11.21	genomic	annotated
550631	3	15	11.191377689691947	7.595970044524605	3.5954076451673425	0.5041288069420049	1.2216748917531202	1.2216748917531202	Higher_in_CALR	3	CCDC157	coiled-coil domain containing 157	Homo sapiens	22	22q12.2	genomic	annotated
27076	3	15	0.7520062161624802	0.3719168944786029	0.3800893216838772	0.3528148025021928	1.2207233882061157	1.2207233882061157	Higher_in_CALR	2	LYPD3	LY6/PLAUR domain containing 3	Homo sapiens	19	19q13.31	genomic	annotated
100507634	3	15	0.814748679071109	0.4858562502951916	0.3288924287759174	0.2884752175228275	1.219580351065696	1.219580351065696	Higher_in_CALR	2	LOC100507634	uncharacterized LOC100507634	Homo sapiens	1	1p32.3	genomic	annotated
3836	3	15	59.46528366297543	44.2419358601739	15.223347802801529	0.4184463898718933	1.2193495673279902	1.2193495673279902	Higher_in_CALR	3	KPNA1	karyopherin subunit alpha 1	Homo sapiens	3	3q21.1	genomic	annotated
55030	3	15	36.09595001260603	26.66137388971277	9.434576122893258	0.4233888734865392	1.2189105553869866	1.2189105553869866	Higher_in_CALR	3	FBXO34	F-box protein 34	Homo sapiens	14	14q22.3	genomic	annotated
641648	3	15	1.9015142312192368	1.214778700737145	0.6867355304820917	0.389643452154369	1.2174816650092777	1.2174816650092777	Higher_in_CALR	3	SNORD87	small nucleolar RNA, C/D box 87	Homo sapiens	8	8q13.1	genomic	annotated
842	3	15	10.22217038775922	8.028177240404737	2.193993147354483	0.3138450759382394	1.2161040418265257	1.2161040418265257	Higher_in_CALR	3	CASP9	caspase 9	Homo sapiens	1	1p36.21	genomic	annotated
253018	3	15	8.357507599879009	4.943903246971955	3.413604352907054	0.6547136825164239	1.2151411471894422	1.2151411471894422	Higher_in_CALR	3	HCG27	HLA complex group 27	Homo sapiens	6	6p21.33	genomic	annotated
3622	3	15	9.445702153180193	6.362095250019906	3.083606903160286	0.5047211522764221	1.2147806791009286	1.2147806791009286	Higher_in_CALR	3	ING2	inhibitor of growth family member 2	Homo sapiens	4	4q35.1	genomic	annotated
4133	3	15	3.828985731014098	1.3997190545843023	2.429266676429796	1.0088546873365007	1.2146795543641555	1.2146795543641555	Higher_in_CALR	3	MAP2	microtubule associated protein 2	Homo sapiens	2	2q34	genomic	annotated
4606	3	15	0.93748313615545	0.6113849836000509	0.3260981525553991	0.2658825369158105	1.2141554447705705	1.2141554447705705	Higher_in_CALR	3	MYBPC2	myosin binding protein C2	Homo sapiens	19	19q13.33	genomic	annotated
25861	3	15	4.04569613694958	2.114482147828472	1.931213989121108	0.6960610236855378	1.2136072206483193	1.2136072206483193	Higher_in_CALR	3	WHRN	whirlin	Homo sapiens	9	9q32	genomic	annotated
163859	3	15	47.26890854896783	33.8016237642663	13.467284784701526	0.4719395845968961	1.2135206797770262	1.2135206797770262	Higher_in_CALR	3	SDE2	spliceosome associated SDE2	Homo sapiens	1	1q42.12	genomic	annotated
388272	3	15	19.572244679540063	12.96684107418685	6.605403605353217	0.5586934592290551	1.2135182961834028	1.2135182961834028	Higher_in_CALR	3	HDIP1	HDAC and MIER1 interacting protein 1	Homo sapiens	16	16q11.2	genomic	annotated
64645	3	15	98.41968423432512	69.08827086885589	29.331413365469245	0.504358488839074	1.213398242372577	1.213398242372577	Higher_in_CALR	3	SLC71A1	solute carrier family 71 member 1	Homo sapiens	1	1p21.2	genomic	annotated
645676	3	15	6.539047138530051	4.003525398930269	2.5355217395997816	0.5914372409830206	1.2133886645743672	1.2133886645743672	Higher_in_CALR	3	ASH1L-AS1	ASH1L antisense RNA 1	Homo sapiens	1	1q22	genomic	annotated
9693	3	15	92.69394673467792	59.73598590052749	32.95796083415042	0.6254042804377056	1.2133201752223688	1.2133201752223688	Higher_in_CALR	3	RAPGEF2	Rap guanine nucleotide exchange factor 2	Homo sapiens	4	4q32.1	genomic	annotated
4481	3	15	16.682852633497845	8.058270968397467	8.624581665100377	0.96504343017094	1.213315600571518	1.213315600571518	Higher_in_CALR	3	MSR1	macrophage scavenger receptor 1	Homo sapiens	8	8p22	genomic	annotated
79074	3	15	13.710030862126716	11.051591703057198	2.658439159069518	0.2875765717375107	1.2132332801074446	1.2132332801074446	Higher_in_CALR	3	TSLIG2	tRNA splicing ligase complex subunit 2	Homo sapiens	2	2q12.2	genomic	annotated
728642	3	15	86.58310391320788	63.02441525226824	23.558688660939644	0.4520304078199304	1.212269613320213	1.212269613320213	Higher_in_CALR	3	CDK11A	cyclin dependent kinase 11A	Homo sapiens	1	1p36.33	genomic	annotated
778	3	15	1.0192567788507123	0.7435412185575027	0.2757155602932096	0.2118039118375844	1.2113678261881182	1.2113678261881182	Higher_in_CALR	3	CACNA1F	calcium voltage-gated channel subunit alpha1 F	Homo sapiens	X	Xp11.23	genomic	annotated
9792	3	15	59.61883233483993	36.43565032899409	23.18318200584584	0.6953532455542897	1.2090812231817551	1.2090812231817551	Higher_in_CALR	3	SERTAD2	SERTA domain containing 2	Homo sapiens	2	2p14	genomic	annotated
84932	3	15	33.867595133083405	20.09520849999491	13.772386633088496	0.7249715159660619	1.2083999051812069	1.2083999051812069	Higher_in_CALR	3	RAB2B	RAB2B, member RAS oncogene family	Homo sapiens	14	14q11.2	genomic	annotated
7159	3	15	83.27751711187477	60.949167335905926	22.32834977596885	0.4440629206369149	1.2079700089044556	1.2079700089044556	Higher_in_CALR	3	TP53BP2	tumor protein p53 binding protein 2	Homo sapiens	1	1q41	genomic	annotated
80820	3	15	9.778912062199757	6.251457895750439	3.527454166449317	0.5718685899781129	1.207389257618152	1.207389257618152	Higher_in_CALR	3	EEPD1	endonuclease/exonuclease/phosphatase family domain containing 1	Homo sapiens	7	7p14.2	genomic	annotated
7975	3	15	22.463652910417803	15.756234160550644	6.707418749867159	0.485729684636274	1.2048223993243454	1.2048223993243454	Higher_in_CALR	3	MAFK	MAF bZIP transcription factor K	Homo sapiens	7	7p22.3	genomic	annotated
22936	3	15	31.827570625626635	19.30009207501393	12.527478550612706	0.6934217174836501	1.2043524956261389	1.2043524956261389	Higher_in_CALR	3	ELL2	elongation factor for RNA polymerase II 2	Homo sapiens	5	5q15	genomic	annotated
4502	3	15	19.0236132009798	10.108467612449152	8.915145588530644	0.8500425136692882	1.2041983327432495	1.2041983327432495	Higher_in_CALR	3	MT2A	metallothionein 2A	Homo sapiens	16	16q13	genomic	annotated
8837	3	15	114.84352106004224	84.51093371416354	30.332587345878693	0.4379965541471771	1.203906728269922	1.203906728269922	Higher_in_CALR	3	CFLAR	CASP8 and FADD like apoptosis regulator	Homo sapiens	2	2q33.1	genomic	annotated
116068	3	15	37.76379743721517	26.909679983257288	10.85411745395788	0.4739443267971808	1.2029629172835912	1.2029629172835912	Higher_in_CALR	3	LYSMD3	LysM domain containing 3	Homo sapiens	5	5q14.3	genomic	annotated
553	3	15	1.960533675713083	1.2330666792475005	0.7274669964655824	0.4068309337380886	1.2014702208548458	1.2014702208548458	Higher_in_CALR	3	AVPR1B	arginine vasopressin receptor 1B	Homo sapiens	1	1q32.1	genomic	annotated
29116	3	15	73.22459044176797	52.704096215966864	20.52049422580111	0.4668650954432705	1.2010629200431533	1.2010629200431533	Higher_in_CALR	3	MYLIP	myosin regulatory light chain interacting protein	Homo sapiens	6	6p22.3	genomic	annotated
23254	3	15	4.622994966135869	2.543853918732061	2.079141047403808	0.6660196195782666	1.2010409601455514	1.2010409601455514	Higher_in_CALR	3	KAZN	kazrin, periplakin interacting protein	Homo sapiens	1	1p36.21	genomic	annotated
4781	3	15	32.827698877878255	9.226494038120146	23.60120483975811	1.7258934125606795	1.2007771637212057	1.2007771637212057	Higher_in_CALR	3	NFIB	nuclear factor I B	Homo sapiens	9	9p23-p22.3	genomic	annotated
54897	3	15	8.713483312427337	4.899864226136285	3.8136190862910526	0.71930699333946	1.2007728165671627	1.2007728165671627	Higher_in_CALR	3	CASZ1	castor zinc finger 1	Homo sapiens	1	1p36.22	genomic	annotated
100506001	3	15	3.029300655529903	1.606398864575888	1.422901790954015	0.628471579013796	1.200591410295083	1.200591410295083	Higher_in_CALR	3	NARF-IT1	NARF intronic transcript 1	Homo sapiens	17	17q25.3	genomic	annotated
10672	3	15	282.2612811806827	193.7884443086361	88.4728368720466	0.5402253209874166	1.1998809718203225	1.1998809718203225	Higher_in_CALR	3	GNA13	G protein subunit alpha 13	Homo sapiens	17	17q24.1	genomic	annotated
285830	3	15	18.6865766127262	12.39532823752639	6.2912483751998085	0.5554823230854673	1.1996297392026585	1.1996297392026585	Higher_in_CALR	3	HLA-F-AS1	HLA-F antisense RNA 1	Homo sapiens	6	6p22.1	genomic	annotated
6738	3	15	73.36047627869964	53.21660917718605	20.143867101513585	0.4558011239853448	1.1987118212182468	1.1987118212182468	Higher_in_CALR	3	RO60	Ro60, Y RNA binding protein	Homo sapiens	1	1q31.2	genomic	annotated
134637	3	15	8.619234768660265	6.982170929587952	1.6370638390723125	0.2691409560485405	1.1983224494281015	1.1983224494281015	Higher_in_CALR	3	ADAT2	adenosine deaminase tRNA specific 2	Homo sapiens	6	6q24.2	genomic	annotated
56650	3	15	78.14732865861983	54.63252399437614	23.514804664243684	0.508612097286945	1.197518875058181	1.197518875058181	Higher_in_CALR	3	CLDND1	claudin domain containing 1	Homo sapiens	3	3q12.1	genomic	annotated
923	3	15	64.57466881848762	33.25173975762017	31.32292906086745	0.9369613471284336	1.1970327778178906	1.1970327778178906	Higher_in_CALR	3	CD6	CD6 molecule	Homo sapiens	11	11q12.2	genomic	annotated
80714	3	15	5.456020393144133	3.386007447277712	2.070012945866421	0.5577368741220741	1.1967156237259904	1.1967156237259904	Higher_in_CALR	3	PBX4	PBX homeobox 4	Homo sapiens	19	19p13.11	genomic	annotated
984	3	15	57.36235194153337	41.30583378140232	16.05651816013105	0.4641814053984223	1.196005337670397	1.196005337670397	Higher_in_CALR	3	CDK11B	cyclin dependent kinase 11B	Homo sapiens	1	1p36.33	genomic	annotated
116151	3	15	67.52503861403021	24.72477453658649	42.800264077443714	1.41347280326257	1.1937603515943689	1.1937603515943689	Higher_in_CALR	3	MIMS2	mitochondrial inner membrane scaffold 2	Homo sapiens	20	20q13.2	genomic	annotated
10970	3	15	68.26895102808844	45.912353301481865	22.356597726606573	0.562240952895718	1.1919948130246716	1.1919948130246716	Higher_in_CALR	3	CKAP4	cytoskeleton associated protein 4	Homo sapiens	12	12q23.3	genomic	annotated
55083	3	15	2.2542137797091404	0.9275062835047776	1.3267074962043628	0.7555734661643613	1.1915881921792253	1.1915881921792253	Higher_in_CALR	3	KIF26B	kinesin family member 26B	Homo sapiens	1	1q44	genomic	annotated
25820	3	15	94.61546720133602	67.23238106780556	27.38308613353045	0.48678745201242	1.1907322304290375	1.1907322304290375	Higher_in_CALR	3	ARIH1	ariadne RBR E3 ubiquitin protein ligase 1	Homo sapiens	15	15q24.1	genomic	annotated
3433	3	15	114.56474689564622	64.78427754171781	49.78046935392841	0.8128866440445179	1.189346540658604	1.189346540658604	Higher_in_CALR	3	IFIT2	interferon induced protein with tetratricopeptide repeats 2	Homo sapiens	10	10q23.31	genomic	annotated
6809	3	15	56.5329711259287	30.427810762239645	26.10516036368905	0.8723471974290486	1.1890491242937744	1.1890491242937744	Higher_in_CALR	3	STX3	syntaxin 3	Homo sapiens	11	11q12.1	genomic	annotated
26024	3	15	10.507278204789529	8.397779380502858	2.109498824286669	0.2921548308669002	1.1890325391793066	1.1890325391793066	Higher_in_CALR	3	PTCD1	pentatricopeptide repeat domain 1	Homo sapiens	7	7q22.1	genomic	annotated
100507618	3	15	12.057370219354196	8.396868518932372	3.660501700421824	0.474612396689412	1.1883560861240687	1.1883560861240687	Higher_in_CALR	3	LOC100507618	putative uncharacterized protein FLJ46541-like	Homo sapiens	3		genomic	annotated
23491	3	15	1.0487316736534564	0.6657157460903638	0.3830159275630926	0.2985888179474772	1.1880979254457846	1.1880979254457846	Higher_in_CALR	3	CES3	carboxylesterase 3	Homo sapiens	16	16q22.1	genomic	annotated
142891	3	15	73.2419488397543	46.58371553782151	26.65823330193279	0.6417666535919446	1.187591290376739	1.187591290376739	Higher_in_CALR	3	SAMD8	sterile alpha motif domain containing 8	Homo sapiens	10	10q22.2	genomic	annotated
152503	3	15	8.223635974511234	4.798049371053367	3.425586603457868	0.6697679576901048	1.1873688944447167	1.1873688944447167	Higher_in_CALR	3	SH3D19	SH3 domain containing 19	Homo sapiens	4	4q31.3	genomic	annotated
7307	3	15	39.62174438788384	29.79988923176425	9.821855156119582	0.399327031048295	1.1860481320162617	1.1860481320162617	Higher_in_CALR	3	U2AF1	U2 small nuclear RNA auxiliary factor 1	Homo sapiens	21	21q22.3	genomic	annotated
51654	3	15	19.369221211228	15.345178433391393	4.0240427778366055	0.317525695442943	1.1849974167518735	1.1849974167518735	Higher_in_CALR	3	CDK5RAP1	CDK5RAP1 mitochondrial tRNA methylthiotransferase	Homo sapiens	20	20q11.21	genomic	annotated
8818	3	15	9.109985445317466	6.146736497822075	2.963248947495392	0.50042441849306	1.1849666998788173	1.1849666998788173	Higher_in_CALR	3	DPM2	dolichyl-phosphate mannosyltransferase subunit 2, regulatory	Homo sapiens	9	9q34.11	genomic	annotated
9055	3	15	8.872129438024961	6.027555122155198	2.844574315869763	0.4903384457069393	1.1846683486334053	1.1846683486334053	Higher_in_CALR	3	PRC1	protein regulator of cytokinesis 1	Homo sapiens	15	15q26.1	genomic	annotated
10098	3	15	14.02905046095695	6.535371731803551	7.4936787291534	0.9960032731929416	1.183138694392971	1.183138694392971	Higher_in_CALR	3	TSPAN5	tetraspanin 5	Homo sapiens	4	4q23	genomic	annotated
285033	3	15	1.379698336335963	0.8780168828784194	0.5016814534575436	0.3415686686574789	1.181414063777592	1.181414063777592	Higher_in_CALR	3	STARD7-AS1	STARD7 antisense RNA 1	Homo sapiens	2	2q11.2	genomic	annotated
50615	3	15	19.705370272012	13.482698777524748	6.222671494487253	0.5156745361233703	1.1797760764404832	1.1797760764404832	Higher_in_CALR	3	IL21R	interleukin 21 receptor	Homo sapiens	16	16p12.1	genomic	annotated
401068	3	15	2.12687927173997	1.0916361595910269	1.0352431121489432	0.5800916017351403	1.1789884693818211	1.1789884693818211	Higher_in_CALR	3	LOC401068	uncharacterized LOC401068	Homo sapiens	3	3p21.1	genomic	annotated
10208	3	15	54.05211772427293	34.67411094104724	19.378006783225693	0.6259205861524935	1.1784780859876705	1.1784780859876705	Higher_in_CALR	3	USPL1	ubiquitin specific peptidase like 1	Homo sapiens	13	13q12.3	genomic	annotated
2204	3	15	41.42381316580997	24.80904867410197	16.614764491707998	0.716997335557167	1.177097282712034	1.177097282712034	Higher_in_CALR	3	FCAR	Fc alpha receptor	Homo sapiens	19	19q13.42	genomic	annotated
51218	3	15	43.170383076496826	18.031026313066054	25.13935676343077	1.2147259785287687	1.177023538035075	1.177023538035075	Higher_in_CALR	3	GLRX5	glutaredoxin 5	Homo sapiens	14	14q32.13	genomic	annotated
92822	3	15	65.56915088669273	49.36258319790986	16.20656768878286	0.4025014826054836	1.1761409530738858	1.1761409530738858	Higher_in_CALR	3	ZNF276	zinc finger protein 276	Homo sapiens	16	16q24.3	genomic	annotated
1589	3	15	0.5854104816607589	0.331529616931169	0.2538808647295899	0.2517719011962479	1.1753380418447936	1.1753380418447936	Higher_in_CALR	2	CYP21A2	cytochrome P450 family 21 subfamily A member 2	Homo sapiens	6	6p21.33	genomic	annotated
79169	3	15	7.331936758695771	5.191205196547518	2.140731562148253	0.4284316133857375	1.175328489435267	1.175328489435267	Higher_in_CALR	3	C1orf35	chromosome 1 open reading frame 35	Homo sapiens	1	1q42.13	genomic	annotated
117289	3	15	184.95921429965665	142.14681906252562	42.81239523713103	0.3774906235787947	1.1741696089932114	1.1741696089932114	Higher_in_CALR	3	TAGAP	T cell activation RhoGTPase activating protein	Homo sapiens	6	6q25.3	genomic	annotated
8079	3	15	37.948574268760666	27.56422374998209	10.384350518778568	0.4473611943634417	1.1738520824301346	1.1738520824301346	Higher_in_CALR	3	MLF2	myeloid leukemia factor 2	Homo sapiens	12	12p13.31	genomic	annotated
441951	3	15	80.08859193503959	51.00413048554737	29.084461449492217	0.6408727456428407	1.1737570517108324	1.1737570517108324	Higher_in_CALR	3	ZFAS1	ZNFX1 antisense RNA 1	Homo sapiens	20	20q13.13	genomic	annotated
80119	3	15	0.805239435543375	0.4713675549344756	0.3338718806088993	0.2950325157387096	1.1735953413404954	1.1735953413404954	Higher_in_CALR	3	PIF1	PIF1 5'-to-3' DNA helicase	Homo sapiens	15	15q22.31	genomic	annotated
366	3	15	199.32799439648903	83.20433286019724	116.12366153629182	1.250397665144031	1.1735207749931746	1.1735207749931746	Higher_in_CALR	3	AQP9	aquaporin 9	Homo sapiens	15	15q21.3	genomic	annotated
5966	3	15	111.55602959023405	68.41667237626793	43.13935721396612	0.6972892300376339	1.1722431301102223	1.1722431301102223	Higher_in_CALR	3	REL	REL proto-oncogene, NF-kB subunit	Homo sapiens	2	2p16.1	genomic	annotated
7038	3	15	2.67965867640495	1.772645410502448	0.907013265902502	0.4083088246504713	1.1718376394150356	1.1718376394150356	Higher_in_CALR	3	TG	thyroglobulin	Homo sapiens	8	8q24.22	genomic	annotated
7844	3	15	40.456784869420765	25.49059943193545	14.966185437485311	0.6461277448000553	1.1715581057460052	1.1715581057460052	Higher_in_CALR	3	RNF103	ring finger protein 103	Homo sapiens	2	2p11.2	genomic	annotated
401588	3	15	5.832818341208934	3.826572805340896	2.0062455358680373	0.5014816304398049	1.1698677417946302	1.1698677417946302	Higher_in_CALR	3	ZNF674-AS1	ZNF674 antisense RNA 1	Homo sapiens	X	Xp11.3	genomic	annotated
10403	3	15	3.4897899519788766	2.2630261975698427	1.226763754409034	0.4604373819289427	1.169630011160221	1.169630011160221	Higher_in_CALR	3	NDC80	NDC80 kinetochore complex component	Homo sapiens	18	18p11.32	genomic	annotated
10934	3	15	0.8064779120475043	0.4838031600200458	0.3226747520274585	0.2838798968904978	1.1695252078096503	1.1695252078096503	Higher_in_CALR	2	MORF4	mortality factor 4 (pseudogene)	Homo sapiens	4	4q34.1	genomic	annotated
51351	3	15	31.796068328770968	17.67011669725299	14.125951631517978	0.8127919263387504	1.16909167171012	1.16909167171012	Higher_in_CALR	3	ZNF117	zinc finger protein 117	Homo sapiens	7	7q11.21	genomic	annotated
285386	3	15	0.8726551767025997	0.4584282393012703	0.4142269374013294	0.3606708704707096	1.168376234521343	1.168376234521343	Higher_in_CALR	2	TPRG1	tumor protein p63 regulated 1	Homo sapiens	3	3q28	genomic	annotated
85012	3	15	9.008684362310904	6.761790724216627	2.246893638094277	0.3667909045577691	1.168355354939813	1.168355354939813	Higher_in_CALR	3	TCEAL3	transcription elongation factor A like 3	Homo sapiens	X	Xq22.2	genomic	annotated
5905	3	15	21.02622409966424	14.472598321531242	6.553625778132991	0.5095067089788885	1.1669524078098352	1.1669524078098352	Higher_in_CALR	3	RANGAP1	Ran GTPase activating protein 1	Homo sapiens	22	22q13.2	genomic	annotated
9929	3	15	99.60986830882246	64.7015916547853	34.90827665403715	0.6147715925702748	1.165921047334764	1.165921047334764	Higher_in_CALR	3	JOSD1	Josephin domain containing 1	Homo sapiens	22	22q13.1	genomic	annotated
80762	3	15	67.11834603110137	53.41392117652367	13.704424854577695	0.3240676099834978	1.165554270746071	1.165554270746071	Higher_in_CALR	3	NDFIP1	Nedd4 family interacting protein 1	Homo sapiens	5	5q31.3	genomic	annotated
10868	3	15	30.243140634659767	24.63562117654789	5.607519458111881	0.2853896278078558	1.1649531871942218	1.1649531871942218	Higher_in_CALR	3	USP20	ubiquitin specific peptidase 20	Homo sapiens	9	9q34.11	genomic	annotated
2010	3	15	39.504107907241895	21.92974583339345	17.57436207384844	0.8208478695197163	1.1636616521154282	1.1636616521154282	Higher_in_CALR	3	EMD	emerin	Homo sapiens	X	Xq28	genomic	annotated
3726	3	15	795.8426103624075	512.0348895773337	283.8077207850738	0.635237854700895	1.162761055101796	1.162761055101796	Higher_in_CALR	3	JUNB	JunB proto-oncogene, AP-1 transcription factor subunit	Homo sapiens	19	19p13.13	genomic	annotated
10276	3	15	32.370882038417534	19.481285977654373	12.88959606076316	0.7042835174186344	1.1615075164677051	1.1615075164677051	Higher_in_CALR	3	NET1	neuroepithelial cell transforming 1	Homo sapiens	10	10p15.1	genomic	annotated
130271	3	15	1.5785321271045094	0.774193995393495	0.8043381317110144	0.5393862542193764	1.160026358058127	1.160026358058127	Higher_in_CALR	3	PLEKHH2	pleckstrin homology, MyTH4 and FERM domain containing H2	Homo sapiens	2	2p21	genomic	annotated
10010	3	15	72.80687816847818	50.56587923812207	22.240998930356103	0.5173385086872413	1.1590276708899063	1.1590276708899063	Higher_in_CALR	3	TANK	TRAF family member associated NFKB activator	Homo sapiens	2	2q24.2	genomic	annotated
393078	3	15	0.980577732939765	0.3183154875107339	0.662262245429031	0.5872256601033894	1.1585884533447588	1.1585884533447588	Higher_in_CALR	2	LOC393078	uncharacterized LOC393078	Homo sapiens	7	7q36.3	genomic	annotated
1195	3	15	219.82945453377727	161.46235099193612	58.36710354184123	0.4428271867048172	1.1584577316426463	1.1584577316426463	Higher_in_CALR	3	CLK1	CDC like kinase 1	Homo sapiens	2	2q33.1	genomic	annotated
105	3	15	1.86878610566028	0.6237838843403994	1.2450022213198806	0.8210807745042524	1.1568810878974136	1.1568810878974136	Higher_in_CALR	2	ADARB2	adenosine deaminase RNA specific B2 (inactive)	Homo sapiens	10	10p15.3	genomic	annotated
9806	3	15	248.4051731611005	146.0284119673569	102.37676119374362	0.7623964195278408	1.1562627372016878	1.1562627372016878	Higher_in_CALR	3	SPOCK2	SPARC (osteonectin), cwcv and kazal like domains proteoglycan 2	Homo sapiens	10	10q22.1	genomic	annotated
100287981	3	15	32.1295699261683	22.98510414386957	9.144465782298727	0.4659807713260067	1.1557746969153682	1.1557746969153682	Higher_in_CALR	3	LOC100287981	hypothetical protein LOC100287981	Homo sapiens	1	1q21.1	genomic	annotated
56913	3	15	46.86692349668667	36.21575490449393	10.65116859219274	0.3631155834749009	1.155600812575847	1.155600812575847	Higher_in_CALR	3	C1GALT1	core 1 synthase, glycoprotein-N-acetylgalactosamine 3-beta-galactosyltransferase 1	Homo sapiens	7	7p22.1-p21.3	genomic	annotated
6622	3	15	251.7610050901749	88.31978131682656	163.44122377334833	1.5007222836281784	1.1553357661962866	1.1553357661962866	Higher_in_CALR	3	SNCA	synuclein alpha	Homo sapiens	4	4q22.1	genomic	annotated
23347	3	15	612.5709289407727	410.3274068910812	202.24352204969148	0.576942927084307	1.15302007278756	1.15302007278756	Higher_in_CALR	3	SMCHD1	structural maintenance of chromosomes flexible hinge domain containing 1	Homo sapiens	18	18p11.32	genomic	annotated
164	3	15	126.65647939240614	87.8061065241631	38.85037286824304	0.5235359773891277	1.1529858382249596	1.1529858382249596	Higher_in_CALR	3	AP1G1	adaptor related protein complex 1 subunit gamma 1	Homo sapiens	16	16q22.2	genomic	annotated
2785	3	15	0.891464699093	0.5777771773658603	0.3136875217271396	0.2616103770708747	1.152723957493276	1.152723957493276	Higher_in_CALR	3	GNG3	G protein subunit gamma 3	Homo sapiens	11	11q12.3	genomic	annotated
51062	3	15	36.893786628282975	13.608190029387346	23.28559659889563	1.3751838741099651	1.1505135207609614	1.1505135207609614	Higher_in_CALR	3	ATL1	atlastin GTPase 1	Homo sapiens	14	14q22.1	genomic	annotated
130340	3	15	2.5903544744530365	1.9787668042739028	0.6115876701791336	0.2694111026716363	1.1504469419654748	1.1504469419654748	Higher_in_CALR	3	AP1S3	adaptor related protein complex 1 subunit sigma 3	Homo sapiens	2	2q36.1	genomic	annotated
5970	3	15	36.290514119614166	24.18836900467437	12.102145114939791	0.5660509796846434	1.149805000647141	1.149805000647141	Higher_in_CALR	3	RELA	RELA proto-oncogene, NF-kB subunit	Homo sapiens	11	11q13.1	genomic	annotated
55553	3	15	10.278200797459114	2.3712190773381865	7.906981720120927	1.7421946456350017	1.1491521236409183	1.1491521236409183	Higher_in_CALR	3	SOX6	SRY-box transcription factor 6	Homo sapiens	11	11p15.2	genomic	annotated
286122	3	15	1.041049111888935	0.5445521231456303	0.4964969887433044	0.4021223394150275	1.148762907111726	1.148762907111726	Higher_in_CALR	2	LY6S-AS1	LY6S antisense RNA 1	Homo sapiens	8	8q24.3	genomic	annotated
79753	3	15	24.1872381005995	16.610794011105458	7.576444089494043	0.5162329755597295	1.1477644002293748	1.1477644002293748	Higher_in_CALR	3	SNIP1	Smad nuclear interacting protein 1	Homo sapiens	1	1p34.3	genomic	annotated
56271	3	15	57.30195431174143	38.505446988455375	18.796507323286058	0.561492659150046	1.1463417395253757	1.1463417395253757	Higher_in_CALR	3	BEX4	brain expressed X-linked 4	Homo sapiens	X	Xq22.1	genomic	annotated
23136	3	15	91.37450761532398	61.09668699681709	30.277820618506887	0.5729784699174738	1.1453396851304505	1.1453396851304505	Higher_in_CALR	3	EPB41L3	erythrocyte membrane protein band 4.1 like 3	Homo sapiens	18	18p11.31	genomic	annotated
51322	3	15	311.05419334907833	243.07621180467808	67.97798154440025	0.3544649048030699	1.1450946969771565	1.1450946969771565	Higher_in_CALR	3	WAC	WW domain containing adaptor with coiled-coil	Homo sapiens	10	10p12.1-p11.2	genomic	annotated
55669	3	15	28.0211503210312	22.36018775794093	5.660962563090266	0.3130528351707564	1.1438116404969592	1.1438116404969592	Higher_in_CALR	3	MFN1	mitofusin 1	Homo sapiens	3	3q26.33	genomic	annotated
241	3	15	65.57678472068598	36.658040917218685	28.918743803467294	0.8220612495743174	1.143594358054724	1.143594358054724	Higher_in_CALR	3	ALOX5AP	arachidonate 5-lipoxygenase activating protein	Homo sapiens	13	13q12.3	genomic	annotated
92749	3	15	1.43258838510384	0.6861882651829956	0.7464001199208445	0.5287266003959921	1.1431345707597806	1.1431345707597806	Higher_in_CALR	3	DRC1	dynein regulatory complex subunit 1	Homo sapiens	2	2p23.3	genomic	annotated
492	3	15	3.800381233501273	2.572676524330865	1.2277047091704083	0.426143689392543	1.142446544303494	1.142446544303494	Higher_in_CALR	3	ATP2B3	ATPase plasma membrane Ca2+ transporting 3	Homo sapiens	X	Xq28	genomic	annotated
9162	3	15	3.846726575968159	1.0609208985293743	2.7858056774387845	1.2337215633886858	1.1423504151387982	1.1423504151387982	Higher_in_CALR	2	DGKI	diacylglycerol kinase iota	Homo sapiens	7	7q33	genomic	annotated
100507307	3	15	3.734529342899264	2.1887495895798628	1.5457797533194009	0.5702302071174792	1.1421629170625651	1.1421629170625651	Higher_in_CALR	3	LOC100507307	uncharacterized LOC100507307	Homo sapiens	2		genomic	annotated
7404	3	15	68.75155235128058	18.875448499965103	49.87610385131548	1.811237909169872	1.1416716578209645	1.1416716578209645	Higher_in_CALR	2	UTY	ubiquitously transcribed tetratricopeptide repeat containing, Y-linked	Homo sapiens	Y	Yq11.221	genomic	annotated
5609	3	15	15.852748173584098	11.788197261340644	4.064550912243453	0.3981709671667719	1.1415318724007606	1.1415318724007606	Higher_in_CALR	3	MAP2K7	mitogen-activated protein kinase kinase 7	Homo sapiens	19	19p13.2	genomic	annotated
1997	3	15	360.743751477667	252.1008618594317	108.64288961823527	0.5152556766879144	1.1410130339785047	1.1410130339785047	Higher_in_CALR	3	ELF1	E74 like ETS transcription factor 1	Homo sapiens	13	13q14.11	genomic	annotated
50804	3	15	10.65920243562455	7.000432848793447	3.658769586831103	0.5433191406993978	1.1398246252308466	1.1398246252308466	Higher_in_CALR	3	MYEF2	myelin expression factor 2	Homo sapiens	15	15q21.1	genomic	annotated
255082	3	15	0.6297669321990353	0.337415968730281	0.2923509634687543	0.285217415668785	1.139564851051644	1.139564851051644	Higher_in_CALR	2	CASC2	cancer susceptibility 2	Homo sapiens	10	10q26.11	genomic	annotated
669	3	15	117.08450294502212	31.49589830831625	85.58860463670588	1.8614901070601315	1.1395446914873533	1.1395446914873533	Higher_in_CALR	3	BPGM	bisphosphoglycerate mutase	Homo sapiens	7	7q33	genomic	annotated
84418	3	15	14.504519171755907	7.879970292864508	6.6245488788914	0.804062030300043	1.1383787555802518	1.1383787555802518	Higher_in_CALR	3	CYSTM1	cysteine rich transmembrane module containing 1	Homo sapiens	5	5q31.3	genomic	annotated
6248	3	15	25.939346838344367	17.646798266068153	8.292548572276214	0.5307869372423832	1.1381799579406109	1.1381799579406109	Higher_in_CALR	3	RSC1A1	regulator of solute carriers 1	Homo sapiens	1	1p36.21	genomic	annotated
65977	3	15	19.24472925040767	15.975478638059178	3.2692506123484915	0.2540940957260957	1.137749079308883	1.137749079308883	Higher_in_CALR	3	PLEKHA3	pleckstrin homology domain containing A3	Homo sapiens	2	2q31.2	genomic	annotated
79065	3	15	22.764594240965906	16.93809589592888	5.826498345037024	0.4057870108315757	1.1374048702140316	1.1374048702140316	Higher_in_CALR	3	ATG9A	autophagy related 9A	Homo sapiens	2	2q35	genomic	annotated
57154	3	15	49.5152887410509	31.43816883075874	18.07711991029216	0.6390277136794644	1.1368361265827078	1.1368361265827078	Higher_in_CALR	3	SMURF1	SMAD specific E3 ubiquitin protein ligase 1	Homo sapiens	7	7q22.1	genomic	annotated
402573	3	15	0.6976758382666622	0.3441033241130398	0.3535725141536224	0.3369169651657561	1.1367523887897244	1.1367523887897244	Higher_in_CALR	2	SPACDR	sperm acrosome developmental regulator	Homo sapiens	7	7q22.1	genomic	annotated
100129104	3	15	9.169426391618876	7.121007552383938	2.048418839234939	0.3245076709425691	1.136256927728345	1.136256927728345	Higher_in_CALR	3	LOC100129104	uncharacterized LOC100129104	Homo sapiens	8	8q24.22	genomic	annotated
54840	3	15	7.50966656586463	6.3817118205584	1.12795474530623	0.2051471875466197	1.1361126198737757	1.1361126198737757	Higher_in_CALR	3	APTX	aprataxin	Homo sapiens	9	9p21.1	genomic	annotated
677814	3	15	2.074254062390583	1.6562990134581768	0.4179550489324064	0.2108188404238249	1.1356157259433357	1.1356157259433357	Higher_in_CALR	3	SNORA31	small nucleolar RNA, H/ACA box 31	Homo sapiens	13	13q14.13	genomic	annotated
221178	3	15	145.93797440846768	100.66107473190225	45.27689967656545	0.5314399040751114	1.1353447942456292	1.1353447942456292	Higher_in_CALR	3	SPATA13	spermatogenesis associated 13	Homo sapiens	13	13q12.12	genomic	annotated
3727	3	15	190.89119873018944	97.34005006720258	93.55114866298686	0.9644375477086422	1.1345689481974577	1.1345689481974577	Higher_in_CALR	3	JUND	JunD proto-oncogene, AP-1 transcription factor subunit	Homo sapiens	19	19p13.11	genomic	annotated
100129196	3	15	3.5433191435255496	2.163001756927209	1.3803173865983407	0.5224522932374243	1.1344656554626498	1.1344656554626498	Higher_in_CALR	3	MATN1-AS1	MATN1 antisense RNA 1	Homo sapiens	1	1p35.2	genomic	annotated
7803	3	15	128.2427292304474	90.96885276557924	37.27387646486817	0.4908658723322832	1.133754933173308	1.133754933173308	Higher_in_CALR	3	PTP4A1	protein tyrosine phosphatase 4A1	Homo sapiens	6	6q12	genomic	annotated
7850	3	15	23.89442910520401	7.484566066242559	16.409863038961454	1.5529101492646094	1.1324474636429214	1.1324474636429214	Higher_in_CALR	3	IL1R2	interleukin 1 receptor type 2	Homo sapiens	2	2q11.2	genomic	annotated
64412	3	15	41.104784080622295	26.084503125986103	15.020280954636192	0.6365165419010204	1.1323202571914384	1.1323202571914384	Higher_in_CALR	3	GZF1	GDNF inducible zinc finger protein 1	Homo sapiens	20	20p11.21	genomic	annotated
26499	3	15	2.8209763386022657	0.7713548732615596	2.049621465340706	1.109088053241723	1.1321696181054048	1.1321696181054048	Higher_in_CALR	2	PLEK2	pleckstrin 2	Homo sapiens	14	14q23.3-q24.1	genomic	annotated
7915	3	15	9.716785642172605	6.004832500582718	3.711953141589887	0.6134497949329814	1.1318411941098512	1.1318411941098512	Higher_in_CALR	3	ALDH5A1	aldehyde dehydrogenase 5 family member A1	Homo sapiens	6	6p22.3	genomic	annotated
55802	3	15	47.21822696346843	30.883260283954424	16.334966679514007	0.596779440032357	1.129107677358646	1.129107677358646	Higher_in_CALR	3	DCP1A	decapping mRNA 1A	Homo sapiens	3	3p21.1	genomic	annotated
80315	3	15	151.1788766635124	101.22074320032496	49.95813346318742	0.5740801323893914	1.129061603905534	1.129061603905534	Higher_in_CALR	3	CPEB4	cytoplasmic polyadenylation element binding protein 4	Homo sapiens	5	5q35.2	genomic	annotated
10105	3	15	74.40242806386713	43.440887740822426	30.96154032304471	0.7627233450893742	1.1282370201565448	1.1282370201565448	Higher_in_CALR	3	PPIF	peptidylprolyl isomerase F	Homo sapiens	10	10q22.3	genomic	annotated
83538	3	15	1.4657019424893525	0.6628356005540094	0.8028663419353429	0.5683528744292361	1.128020933787162	1.128020933787162	Higher_in_CALR	3	ODAD4	outer dynein arm docking complex subunit 4	Homo sapiens	17	17q21.2	genomic	annotated
50862	3	15	50.05646368686433	35.14015419286031	14.916309494004024	0.4984909546117322	1.1274700770425774	1.1274700770425774	Higher_in_CALR	3	RNF141	ring finger protein 141	Homo sapiens	11	11p15	genomic	annotated
8727	3	15	24.33696886938634	9.519187985088896	14.817780884297443	1.2682205992854874	1.1270109026451716	1.1270109026451716	Higher_in_CALR	3	CTNNAL1	catenin alpha like 1	Homo sapiens	9	9q31.3	genomic	annotated
56941	3	15	18.8797446041948	14.183210351872985	4.6965342523218165	0.3888223548980116	1.126132887186447	1.126132887186447	Higher_in_CALR	3	HMCES	5-hydroxymethylcytosine binding, ES cell specific	Homo sapiens	3	3q21.3	genomic	annotated
51669	3	15	355.6484141319263	264.2961524771351	91.35226165479122	0.4268988058293228	1.1258485184564018	1.1258485184564018	Higher_in_CALR	3	SARAF	store-operated calcium entry associated regulatory factor	Homo sapiens	8	8p12	genomic	annotated
10920	3	15	20.201628831581264	16.705181451874374	3.49644737970689	0.2600034759208762	1.1255389505199496	1.1255389505199496	Higher_in_CALR	3	COPS8	COP9 signalosome subunit 8	Homo sapiens	2	2q37.3	genomic	annotated
57192	3	15	10.980612489737018	7.8472968916331824	3.1333155981038354	0.4373930234641241	1.1244201467988015	1.1244201467988015	Higher_in_CALR	3	MCOLN1	mucolipin TRP cation channel 1	Homo sapiens	19	19p13.2	genomic	annotated
84132	3	15	24.75833141058644	17.258329249863564	7.500002160722872	0.4964843848353935	1.1240295204048998	1.1240295204048998	Higher_in_CALR	3	USP42	ubiquitin specific peptidase 42	Homo sapiens	7	7p22.1	genomic	annotated
121355	3	15	2.9939495990922964	1.5203316693275408	1.4736179297647556	0.664202525805625	1.123447961956309	1.123447961956309	Higher_in_CALR	3	GTSF1	gametocyte specific factor 1	Homo sapiens	12	12q13.13	genomic	annotated
92400	3	15	24.44206746216177	18.324307063935088	6.117760398226682	0.3967992284985948	1.1211327701208436	1.1211327701208436	Higher_in_CALR	3	RBM18	RNA binding motif protein 18	Homo sapiens	9	9q33.2	genomic	annotated
7773	3	15	3.872999487800487	2.8798250538193964	0.9931744339810904	0.3288184699398573	1.1210069867578936	1.1210069867578936	Higher_in_CALR	3	ZNF230	zinc finger protein 230	Homo sapiens	19	19q13.31	genomic	annotated
7296	3	15	71.09763117582777	48.436062862531045	22.661568313296726	0.5443880092266582	1.120053850958326	1.120053850958326	Higher_in_CALR	3	TXNRD1	thioredoxin reductase 1	Homo sapiens	12	12q23.3	genomic	annotated
5778	3	15	31.25910586012183	19.05587836016808	12.203227499953758	0.6856812999336617	1.1198051628129122	1.1198051628129122	Higher_in_CALR	3	PTPN7	protein tyrosine phosphatase non-receptor type 7	Homo sapiens	1	1q32.1	genomic	annotated
7110	3	15	91.60589451891526	63.73948965937595	27.866404859539315	0.51645803349835	1.1197886132090922	1.1197886132090922	Higher_in_CALR	3	TMF1	TATA element modulatory factor 1	Homo sapiens	3	3p14.1	genomic	annotated
2683	3	15	77.93765004433651	52.25230213338649	25.68534791095001	0.5678696757927071	1.1197740123881343	1.1197740123881343	Higher_in_CALR	3	B4GALT1	beta-1,4-galactosyltransferase 1	Homo sapiens	9	9p21.1	genomic	annotated
27106	3	15	67.57010987282912	42.87012119853362	24.699988674295497	0.6443411418492468	1.1192323944121894	1.1192323944121894	Higher_in_CALR	3	ARRDC2	arrestin domain containing 2	Homo sapiens	19	19p13.11	genomic	annotated
246119	3	15	0.8206731265569976	0.2307644026336725	0.589908723923325	0.5649173098287756	1.1190912495744905	1.1190912495744905	Higher_in_CALR	2	TTTY10	testis expressed transcript, Y-linked 10	Homo sapiens	Y	Yq11.223	genomic	annotated
27175	3	15	4.296580545348307	3.390128635008916	0.9064519103393908	0.270798048378527	1.119086430119089	1.119086430119089	Higher_in_CALR	3	TUBG2	tubulin gamma 2	Homo sapiens	17	17q21.2	genomic	annotated
29035	3	15	82.9936944929345	61.98406157870655	21.009632914227943	0.4152942332725517	1.1189946912499835	1.1189946912499835	Higher_in_CALR	3	HAPSTR1	HUWE1 associated protein modifying stress responses	Homo sapiens	16	16p13.2	genomic	annotated
83593	3	15	197.5327629520017	149.05373981081368	48.47902314118798	0.4038978324868312	1.1184836500984865	1.1184836500984865	Higher_in_CALR	3	RASSF5	Ras association domain family member 5	Homo sapiens	1	1q32.1	genomic	annotated
285848	3	15	1.6404255617605583	0.8373983575442713	0.8030272042162873	0.5231060257047028	1.1177596010062594	1.1177596010062594	Higher_in_CALR	2	PNPLA1	patatin like domain 1, omega-hydroxyceramide transacylase	Homo sapiens	6	6p21.31	genomic	annotated
3189	3	15	106.88658878133754	76.47729263926253	30.409296142075007	0.4776700902267246	1.117285549779622	1.117285549779622	Higher_in_CALR	3	HNRNPH3	heterogeneous nuclear ribonucleoprotein H3	Homo sapiens	10	10q21.3	genomic	annotated
646405	3	15	3.375079219059586	2.2609960076707214	1.1140832113888646	0.4239964650519936	1.116655445072381	1.116655445072381	Higher_in_CALR	3	TPTE2P1	TPTE2 pseudogene 1	Homo sapiens	13	13q12.13	genomic	annotated
6968	3	15	4.351250521379736	2.6179862115794155	1.7332643098003206	0.5646891612368545	1.116587710822862	1.116587710822862	Higher_in_CALR	3	TRGJ1	T cell receptor gamma joining 1	Homo sapiens	7	7p14.1	genomic	annotated
9825	3	15	3.6312938450476366	2.434736754162807	1.1965570908848298	0.4312157637254759	1.1164070306367568	1.1164070306367568	Higher_in_CALR	3	SPATA2	spermatogenesis associated 2	Homo sapiens	20	20q13.13	genomic	annotated
254559	3	15	1.6734714724702109	0.9789134424298552	0.6945580300403554	0.4340057720449444	1.1156475872678946	1.1156475872678946	Higher_in_CALR	3	MIR9-3HG	MIR9-3 host gene	Homo sapiens	15	15q26.1	genomic	annotated
6832	3	15	17.6629953069278	12.236212581424551	5.42678272550325	0.4956901818138814	1.1144866726169078	1.1144866726169078	Higher_in_CALR	3	SUPV3L1	Suv3 like RNA helicase	Homo sapiens	10	10q22.1	genomic	annotated
59272	3	15	3.666958026754757	2.4971675201533845	1.1697905066013727	0.4162955869982923	1.1143849434775897	1.1143849434775897	Higher_in_CALR	3	ACE2	angiotensin converting enzyme 2	Homo sapiens	X	Xp22.2	genomic	annotated
3556	3	15	56.5701697233924	26.21143596271701	30.358733760675392	1.0811083750676014	1.113867089616816	1.113867089616816	Higher_in_CALR	3	IL1RAP	interleukin 1 receptor accessory protein	Homo sapiens	3	3q28	genomic	annotated
28514	3	15	3.078104543902485	1.795811204545913	1.282293339356572	0.5446318181790204	1.113315751933204	1.113315751933204	Higher_in_CALR	2	DLL1	delta like canonical Notch ligand 1	Homo sapiens	6	6q27	genomic	annotated
314	3	15	1.0098848368872	0.6291950020539563	0.3806898348332437	0.3029535460588791	1.1127491975123938	1.1127491975123938	Higher_in_CALR	2	AOC2	amine oxidase copper containing 2	Homo sapiens	17	17q21.31	genomic	annotated
347902	3	15	18.092997960381364	11.684258973023612	6.408738987357751	0.590004412639419	1.1121839511341582	1.1121839511341582	Higher_in_CALR	3	AMIGO2	adhesion molecule with Ig like domain 2	Homo sapiens	12	12q13.11	genomic	annotated
5603	3	15	8.558995287678414	5.506006155732111	3.052989131946303	0.5550868021787387	1.1119290406297695	1.1119290406297695	Higher_in_CALR	3	MAPK13	mitogen-activated protein kinase 13	Homo sapiens	6	6p21.31	genomic	annotated
84923	3	15	91.05280384261503	56.26272083009225	34.790083012522786	0.6848654439738606	1.111628738297819	1.111628738297819	Higher_in_CALR	3	VCF1	VCP nuclear cofactor family member 1	Homo sapiens	17	17q25.1	genomic	annotated
6428	3	15	124.77989085092828	98.9522577565546	25.827633094373667	0.3315902282115699	1.1108546445513643	1.1108546445513643	Higher_in_CALR	3	SRSF3	serine and arginine rich splicing factor 3	Homo sapiens	6	6p21.31-p21.2	genomic	annotated
23204	3	15	108.1562254218933	75.25475358707557	32.90147183481773	0.5174952322289634	1.1108149872274302	1.1108149872274302	Higher_in_CALR	3	ARL6IP1	ARL6 interacting reticulophagy regulator 1	Homo sapiens	16	16p12.3	genomic	annotated
157638	3	15	12.349610947944564	7.808109375291085	4.541501572653479	0.5998934087055594	1.1104337919496627	1.1104337919496627	Higher_in_CALR	3	LRATD2	LRAT domain containing 2	Homo sapiens	8	8q24.21	genomic	annotated
2235	3	15	71.70335038063597	21.3820758329279	50.32127454770807	1.6996780034944825	1.1100402886056564	1.1100402886056564	Higher_in_CALR	3	FECH	ferrochelatase	Homo sapiens	18	18q21.31	genomic	annotated
147700	3	15	2.140406862392069	0.5836880800019375	1.5567187823901314	0.9876632696867382	1.1099805807774534	1.1099805807774534	Higher_in_CALR	2	KLC3	kinesin light chain 3	Homo sapiens	19	19q13.32	genomic	annotated
160622	3	15	28.565552157306755	11.429195767087338	17.13635639021942	1.2501842710714763	1.1092348079676433	1.1092348079676433	Higher_in_CALR	3	TAMALIN	trafficking regulator and scaffold protein tamalin	Homo sapiens	12	12q13.13	genomic	annotated
83879	3	15	2.709625648712313	1.871945488396929	0.8376801603153834	0.369245240768054	1.1088250718557893	1.1088250718557893	Higher_in_CALR	3	CDCA7	cell division cycle associated 7	Homo sapiens	2	2q31.1	genomic	annotated
55937	3	15	1.8857963399622832	1.5969732245731043	0.2888231153891789	0.1521383481827909	1.1082082628562286	1.1082082628562286	Higher_in_CALR	3	APOM	apolipoprotein M	Homo sapiens	6	6p21.33	genomic	annotated
55796	3	15	221.00006783947225	102.1135485774846	118.88651926198762	1.1063262097439177	1.107400707176343	1.107400707176343	Higher_in_CALR	3	MBNL3	muscleblind like splicing regulator 3	Homo sapiens	X	Xq26.2	genomic	annotated
63893	3	15	28.230187275466434	17.113889377368267	11.116297898098168	0.6903627203197704	1.107386040510436	1.107386040510436	Higher_in_CALR	3	UBE2O	ubiquitin conjugating enzyme E2 O	Homo sapiens	17	17q25.1	genomic	annotated
692057	3	15	2.256229621365004	1.310994594056731	0.9452350273082724	0.4946885535074541	1.1071385230280006	1.1071385230280006	Higher_in_CALR	3	SNORD12	small nucleolar RNA, C/D box 12	Homo sapiens	20	20q13.13	genomic	annotated
9762	3	15	5.103523784681799	2.009433414309947	3.094090370371852	1.0201505066315115	1.1062989420509046	1.1062989420509046	Higher_in_CALR	3	LZTS3	leucine zipper tumor suppressor family member 3	Homo sapiens	20	20p13	genomic	annotated
4170	3	15	1187.258223061574	856.4368619908607	330.82136107071324	0.4707460391332727	1.1062142663951091	1.1062142663951091	Higher_in_CALR	3	MCL1	MCL1 apoptosis regulator, BCL2 family member	Homo sapiens	1	1q21.2	genomic	annotated
858	3	15	27.114115373584568	12.163892760113026	14.950222613471542	1.0947084737020076	1.1060811732198434	1.1060811732198434	Higher_in_CALR	3	CAV2	caveolin 2	Homo sapiens	7	7q31.2	genomic	annotated
6674	3	15	6.948131428712688	5.339326957813471	1.6088044708992166	0.3262860503931217	1.105600035857785	1.105600035857785	Higher_in_CALR	3	SPAG1	sperm associated antigen 1	Homo sapiens	8	8q22.2	genomic	annotated
4676	3	15	77.52366588035547	68.68786523533657	8.835800645018892	0.1722200655192676	1.105132749276389	1.105132749276389	Higher_in_CALR	3	NAP1L4	nucleosome assembly protein 1 like 4	Homo sapiens	11	11p15.4	genomic	annotated
79441	3	15	42.1011464635997	26.886339535291214	15.214806928308484	0.6281676713386695	1.1044804319817023	1.1044804319817023	Higher_in_CALR	3	HAUS3	HAUS augmin like complex subunit 3	Homo sapiens	4	4p16.3	genomic	annotated
406	3	15	47.69539257754167	29.47940075461232	18.21599182292935	0.6759507362158521	1.1044617455157608	1.1044617455157608	Higher_in_CALR	3	BMAL1	basic helix-loop-helix ARNT like 1	Homo sapiens	11	11p15.3	genomic	annotated
7151	3	15	1.176784576404673	0.7762892240310251	0.4004953523736478	0.2933321321067962	1.1037621429306743	1.1037621429306743	Higher_in_CALR	3	TOP1P1	DNA topoisomerase I pseudogene 1	Homo sapiens	1	1q24.3	genomic	annotated
4303	3	15	36.50975985040176	23.636071652360386	12.873688198041382	0.6064937971612299	1.1037111471237069	1.1037111471237069	Higher_in_CALR	3	FOXO4	forkhead box O4	Homo sapiens	X	Xq13.1	genomic	annotated
51271	3	15	65.9277533699602	48.48030031945483	17.447453050505374	0.4357503300032057	1.1036913577551315	1.1036913577551315	Higher_in_CALR	3	UBAP1	ubiquitin associated protein 1	Homo sapiens	9	9p13.3	genomic	annotated
53827	3	15	73.73313786105673	53.399452806174416	20.33368505488232	0.4581559590443493	1.1034150053732048	1.1034150053732048	Higher_in_CALR	3	FXYD5	FXYD domain containing ion transport regulator 5	Homo sapiens	19	19q13.12	genomic	annotated
901	3	15	44.800657689033336	30.242869510512783	14.557788178520552	0.5518413509924454	1.101793018870438	1.101793018870438	Higher_in_CALR	3	CCNG2	cyclin G2	Homo sapiens	4	4q21.1	genomic	annotated
85462	3	15	1.1836561881100969	0.5929961850896976	0.590660003020399	0.4550029130612524	1.1015666225055438	1.1015666225055438	Higher_in_CALR	3	FHDC1	FH2 domain containing 1	Homo sapiens	4	4q31.3	genomic	annotated
51608	3	15	20.32225056504163	14.75304442306872	5.569206141972911	0.4367290528383503	1.1008891518947812	1.1008891518947812	Higher_in_CALR	3	GET4	guided entry of tail-anchored proteins factor 4	Homo sapiens	7	7p22.3	genomic	annotated
148523	3	15	5.4775345505765	4.009597869971781	1.4679366806047192	0.3707500054585879	1.1006554878725234	1.1006554878725234	Higher_in_CALR	3	CIART	circadian associated repressor of transcription	Homo sapiens	1	1q21.2	genomic	annotated
51182	3	15	9.954000054526247	8.230186504661571	1.723813549864678	0.2470260883623707	1.1001193077073237	1.1001193077073237	Higher_in_CALR	3	HSPA14	heat shock protein family A (Hsp70) member 14	Homo sapiens	10	10p13	genomic	annotated
29855	3	15	53.09859486237124	39.713215681353454	13.385379181017782	0.4100939470878879	1.099655552346094	1.099655552346094	Higher_in_CALR	3	UBN1	ubinuclein 1	Homo sapiens	16	16p13.3	genomic	annotated
2634	3	15	192.18895807644665	138.05926313951434	54.12969493693231	0.4743127877640365	1.098717734397252	1.098717734397252	Higher_in_CALR	3	GBP2	guanylate binding protein 2	Homo sapiens	1	1p22.2	genomic	annotated
10614	3	15	47.22521101306723	37.10486639193639	10.12034462113084	0.3398122941049157	1.0982642996831782	1.0982642996831782	Higher_in_CALR	3	HEXIM1	HEXIM P-TEFb complex subunit 1	Homo sapiens	17	17q21.31	genomic	annotated
9028	3	15	0.526667648507848	0.325974187317332	0.2006934611905159	0.2033333345961522	1.0981903479274433	1.0981903479274433	Higher_in_CALR	2	RHBDL1	rhomboid like 1	Homo sapiens	16	16p13.3	genomic	annotated
11080	3	15	7.236527148810366	5.102803409507123	2.133723739303244	0.4325640499323064	1.0973478649639452	1.0973478649639452	Higher_in_CALR	3	DNAJB4	DnaJ heat shock protein family (Hsp40) member B4	Homo sapiens	1	1p31.1	genomic	annotated
256586	3	15	7.78434955184255	5.933197474212896	1.8511520776296544	0.3414146114766012	1.0968954043876051	1.0968954043876051	Higher_in_CALR	3	LYSMD2	LysM domain containing 2	Homo sapiens	15	15q21.2	genomic	annotated
1288	3	15	1.6121693386895195	1.0309348444077715	0.581234494281748	0.3631044688350129	1.0964393402198502	1.0964393402198502	Higher_in_CALR	3	COL4A6	collagen type IV alpha 6 chain	Homo sapiens	X	Xq22.3	genomic	annotated
10730	3	15	131.142501125888	108.72483375329436	22.41766737259365	0.2682044723447845	1.0963984728437055	1.0963984728437055	Higher_in_CALR	3	YME1L1	YME1 like 1 ATPase	Homo sapiens	10	10p12.1	genomic	annotated
3937	3	15	154.12372969719112	103.29828836668422	50.825441330506905	0.5727039141594936	1.0963317795591063	1.0963317795591063	Higher_in_CALR	3	LCP2	lymphocyte cytosolic protein 2	Homo sapiens	5	5q35.1	genomic	annotated
352961	3	15	4.63389315732425	2.976348133334065	1.6575450239901852	0.502688132460926	1.0961365527015343	1.0961365527015343	Higher_in_CALR	3	HCG26	HLA complex group 26	Homo sapiens	6	6p21.33	genomic	annotated
84941	3	15	45.350124524441405	28.067353323423763	17.282771201017642	0.6731734994041245	1.0960350373228305	1.0960350373228305	Higher_in_CALR	3	HSH2D	hematopoietic SH2 domain containing	Homo sapiens	19	19p13.11	genomic	annotated
10620	3	15	29.896328709461105	20.73592441920613	9.160404290254966	0.507353964375346	1.0951705668342182	1.0951705668342182	Higher_in_CALR	3	ARID3B	AT-rich interaction domain 3B	Homo sapiens	15	15q24.1	genomic	annotated
29028	3	15	36.704350296594434	25.89372085824865	10.810629438345789	0.4874616181666971	1.0944607781561004	1.0944607781561004	Higher_in_CALR	3	ATAD2	ATPase family AAA domain containing 2	Homo sapiens	8	8q24.13	genomic	annotated
100130357	3	15	4.00463160590365	2.2037938217808954	1.8008377841227543	0.6434825683109906	1.0943187305338833	1.0943187305338833	Higher_in_CALR	3	LOC100130357	uncharacterized LOC100130357	Homo sapiens	6	6p24.1	genomic	annotated
79730	3	15	1.59554545702279	0.8566192254549296	0.7389262315678604	0.4833597916660707	1.0936876196863925	1.0936876196863925	Higher_in_CALR	2	NSUN7	NOP2/Sun RNA methyltransferase family member 7	Homo sapiens	4	4p14	genomic	annotated
100422961	3	15	2.3746339708117667	1.6338150905244158	0.740818880287351	0.3575769655571601	1.0933722400164996	1.0933722400164996	Higher_in_CALR	3	MIR4315-2	microRNA 4315-2	Homo sapiens	17	17q24.1	genomic	annotated
100506589	3	15	1.6092993649523102	1.0832672189147026	0.5260321460376076	0.3248145695591977	1.093314618589096	1.093314618589096	Higher_in_CALR	3	LOC100506589	hypothetical LOC100506589	Homo sapiens	1		genomic	annotated
283888	3	15	6.378211156275166	4.220807562744368	2.1574035935307982	0.498998095566793	1.092379293071867	1.092379293071867	Higher_in_CALR	3	IL21R-AS1	IL21R antisense RNA 1	Homo sapiens	16	16p12.1	genomic	annotated
100128055	3	15	10.62759777485158	8.68920727742957	1.9383904974220088	0.2631025298603902	1.0922959551727318	1.0922959551727318	Higher_in_CALR	3	SMARCA5-AS1	SMARCA5 antisense RNA 1	Homo sapiens	4	4q31.21	genomic	annotated
25799	3	15	8.251796069827826	6.437366942118964	1.8144291277088616	0.3149415130479922	1.0922211617231616	1.0922211617231616	Higher_in_CALR	3	ZNF324	zinc finger protein 324	Homo sapiens	19	19q13.43	genomic	annotated
339122	3	15	45.951159721549935	35.65982486973653	10.291334851813405	0.3569608998512148	1.0917124542333445	1.0917124542333445	Higher_in_CALR	3	RAB43	RAB43, member RAS oncogene family	Homo sapiens	3	3q21.3	genomic	annotated
28834	3	15	13.154691546291309	7.061929946624471	6.092761599666837	0.8120831587246835	1.0916273611563776	1.0916273611563776	Higher_in_CALR	3	IGLC7	immunoglobulin lambda constant 7	Homo sapiens	22	22q11.22	genomic	annotated
83756	3	15	2.5187835285528126	1.374886234871115	1.1438972936816976	0.5672183588068682	1.0902980774610798	1.0902980774610798	Higher_in_CALR	3	TAS1R3	taste 1 receptor member 3	Homo sapiens	1	1p36.33	genomic	annotated
153222	3	15	133.5004823249475	95.93068106135694	37.56980126359058	0.4725860531214376	1.0893277892401545	1.0893277892401545	Higher_in_CALR	3	CREBRF	CREB3 regulatory factor	Homo sapiens	5	5q35.1	genomic	annotated
148304	3	15	0.9304203563448812	0.6425880866024537	0.2878322697424273	0.232944294394926	1.0889527870099411	1.0889527870099411	Higher_in_CALR	2	C1orf74	chromosome 1 open reading frame 74	Homo sapiens	1	1q32.2	genomic	annotated
112574	3	15	151.32780928370133	105.78350558740225	45.544303696299096	0.5124905302804175	1.088548471386287	1.088548471386287	Higher_in_CALR	3	SNX18	sorting nexin 18	Homo sapiens	5	5q11.2	genomic	annotated
7555	3	15	261.24354782452565	214.7870584355923	46.45648938893336	0.2812989339735852	1.0885350584258735	1.0885350584258735	Higher_in_CALR	3	CNBP	CCHC-type zinc finger nucleic acid binding protein	Homo sapiens	3	3q21.3	genomic	annotated
10944	3	15	92.38062385545156	73.36227053145682	19.01835332399476	0.3285524056555218	1.0876472624541291	1.0876472624541291	Higher_in_CALR	3	C11orf58	chromosome 11 open reading frame 58	Homo sapiens	11	11p15.2	genomic	annotated
55355	3	15	3.313852764804736	2.0588430733939003	1.255009691410836	0.4959908422333234	1.0874267945797178	1.0874267945797178	Higher_in_CALR	3	HJURP	Holliday junction recognition protein	Homo sapiens	2	2q37.1	genomic	annotated
84707	3	15	10.473165180908468	6.688600213921766	3.784564966986701	0.5774705822208115	1.0874122110247353	1.0874122110247353	Higher_in_CALR	3	BEX2	brain expressed X-linked 2	Homo sapiens	X	Xq22.2	genomic	annotated
144455	3	15	1.0086071947858029	0.6263445066013625	0.3822626881844403	0.3045625626412493	1.08708630623926	1.08708630623926	Higher_in_CALR	3	E2F7	E2F transcription factor 7	Homo sapiens	12	12q21.2	genomic	annotated
1106	3	15	469.1544297387511	310.7239695936888	158.43046014506228	0.5928656175683003	1.0867361136216214	1.0867361136216214	Higher_in_CALR	3	CHD2	chromodomain helicase DNA binding protein 2	Homo sapiens	15	15q26.1	genomic	annotated
23582	3	15	61.687020043219	43.39507905726372	18.29194098595528	0.4977669790453447	1.0860952191943096	1.0860952191943096	Higher_in_CALR	3	CCNDBP1	cyclin D1 binding protein 1	Homo sapiens	15	15q15.2	genomic	annotated
9441	3	15	12.797785267922094	8.196737265466982	4.601048002455112	0.5852426825548736	1.0855929405854348	1.0855929405854348	Higher_in_CALR	3	MED26	mediator complex subunit 26	Homo sapiens	19	19p13.11	genomic	annotated
8678	3	15	65.09086165325529	53.0544735381562	12.036388115099092	0.290036784806909	1.0851041099185237	1.0851041099185237	Higher_in_CALR	3	BECN1	beclin 1	Homo sapiens	17	17q21.31	genomic	annotated
339448	3	15	19.0769061678681	13.909811198961448	5.167094968906651	0.4292749794100983	1.083574926786094	1.083574926786094	Higher_in_CALR	3	C1orf174	chromosome 1 open reading frame 174	Homo sapiens	1	1p36.32	genomic	annotated
7087	3	15	1.1929026004318364	0.7149510210993507	0.4779515793324856	0.3546743612499675	1.0828654590032951	1.0828654590032951	Higher_in_CALR	3	ICAM5	intercellular adhesion molecule 5	Homo sapiens	19	19p13.2	genomic	annotated
57558	3	15	8.094837760164294	5.4486633576121255	2.6461744025521687	0.4960477444692559	1.0820458390361989	1.0820458390361989	Higher_in_CALR	3	USP35	ubiquitin specific peptidase 35	Homo sapiens	11	11q14.1	genomic	annotated
56905	3	15	46.16395133692197	29.45025434565932	16.713696991262648	0.6312303118074194	1.0819984884661715	1.0819984884661715	Higher_in_CALR	3	PRMT2IP	PRMT2 interacting protein	Homo sapiens	15	15q24.2	genomic	annotated
728262	3	15	7.237532362590886	4.346505486532546	2.89102687605834	0.6236159840642772	1.0816070031101674	1.0816070031101674	Higher_in_CALR	3	FAM157A	family with sequence similarity 157 member A	Homo sapiens	3	3q29	genomic	annotated
100506235	3	15	2.054164889686293	1.4768316721335388	0.5773332175527544	0.3022821281627728	1.080942879517274	1.080942879517274	Higher_in_CALR	3	LOC100506235	uncharacterized LOC100506235	Homo sapiens	2	2p16.3	genomic	annotated
143689	3	15	7.836220296428913	5.230426602590386	2.605793693838528	0.50409843788939	1.0806716489437225	1.0806716489437225	Higher_in_CALR	3	PIWIL4	piwi like RNA-mediated gene silencing 4	Homo sapiens	11	11q21	genomic	annotated
2334	3	15	26.1731047367346	13.5098577463677	12.6632469903669	0.9051460386174676	1.0793670635197674	1.0793670635197674	Higher_in_CALR	3	AFF2	ALF transcription elongation factor 2	Homo sapiens	X	Xq28	genomic	annotated
55219	3	15	30.14434964562124	22.579444478707345	7.564905166913888	0.4014407170100718	1.0788620288457278	1.0788620288457278	Higher_in_CALR	3	MACO1	macoilin 1	Homo sapiens	1	1p36.11	genomic	annotated
10776	3	15	128.356346876197	100.91708817654428	27.43925869965271	0.3439548769111784	1.078101917506602	1.078101917506602	Higher_in_CALR	3	ARPP19	cAMP regulated phosphoprotein 19	Homo sapiens	15	15q21.2	genomic	annotated
1896	3	15	3.954573929540633	1.875138736596331	2.0794351929443025	0.7851294242717344	1.0780694628172371	1.0780694628172371	Higher_in_CALR	3	EDA	ectodysplasin A	Homo sapiens	X	Xq13.1	genomic	annotated
114990	3	15	3.20935697746406	1.7620231591412994	1.4473338183227602	0.6078744472059889	1.0778835349088705	1.0778835349088705	Higher_in_CALR	3	VASN	vasorin	Homo sapiens	16	16p13.3	genomic	annotated
150000	3	15	2.9905579793680857	0.5999388003906956	2.3906191789773903	1.3185737639167678	1.0776610703378562	1.0776610703378562	Higher_in_CALR	2	ABCC13	ATP binding cassette subfamily C member 13 (pseudogene)	Homo sapiens	21	21q11.2	genomic	annotated
23197	3	15	29.373869965640136	22.73153108093727	6.642338884702866	0.3560255539474042	1.0765623435215173	1.0765623435215173	Higher_in_CALR	3	FAF2	Fas associated factor family member 2	Homo sapiens	5	5q35.2	genomic	annotated
253260	3	15	228.01997811909573	139.6899698538906	88.33000826520515	0.7029539757116368	1.0763339384010355	1.0763339384010355	Higher_in_CALR	3	RICTOR	RPTOR independent companion of MTOR complex 2	Homo sapiens	5	5p13.1	genomic	annotated
6609	3	15	13.912153199418835	10.379180373590565	3.532972825828274	0.3900919405661507	1.0763102823135182	1.0763102823135182	Higher_in_CALR	3	SMPD1	sphingomyelin phosphodiesterase 1	Homo sapiens	11	11p15.4	genomic	annotated
56654	3	15	2.767345638119849	1.326294172196644	1.4410514659232052	0.6955148557984088	1.0758967627863076	1.0758967627863076	Higher_in_CALR	3	NPDC1	neural proliferation, differentiation and control 1	Homo sapiens	9	9q34.3	genomic	annotated
284695	3	15	35.4211627450838	25.728059054637573	9.693103690446224	0.4464219056986058	1.0750405750979586	1.0750405750979586	Higher_in_CALR	3	ZNF326	zinc finger protein 326	Homo sapiens	1	1p22.2	genomic	annotated
1548	3	15	0.5483364601167907	0.2308166499193081	0.3175198101974826	0.3311031443074766	1.073114940883609	1.073114940883609	Higher_in_CALR	2	CYP2A6	cytochrome P450 family 2 subfamily A member 6	Homo sapiens	19	19q13.2	genomic	annotated
100505682	3	15	1.021440411361885	0.6104924353978503	0.4109479759640346	0.3278817917399095	1.0730719793060353	1.0730719793060353	Higher_in_CALR	2	LOC100505682	hypothetical LOC100505682	Homo sapiens	19		genomic	annotated
26782	3	15	1.4364075312730833	1.0810120708206554	0.3553954604524278	0.2274701357234765	1.072706433005574	1.072706433005574	Higher_in_CALR	3	SNORA66	small nucleolar RNA, H/ACA box 66	Homo sapiens	1	1p22.1	genomic	annotated
647859	3	15	1.946705009066437	0.734495005259985	1.212210003806452	0.7645869551316838	1.072394878691387	1.072394878691387	Higher_in_CALR	2	OCLNP1	OCLN pseudogene 1	Homo sapiens	5	5q13.2	genomic	annotated
163223	3	15	0.614252901778387	0.433238845788657	0.1810140559897299	0.1715875691980126	1.072201093385288	1.072201093385288	Higher_in_CALR	2	ZNF676	zinc finger protein 676	Homo sapiens	19	19p12	genomic	annotated
7158	3	15	37.50249782779243	28.71573936604938	8.786758461743052	0.3737247653545603	1.0720613702262085	1.0720613702262085	Higher_in_CALR	3	TP53BP1	tumor protein p53 binding protein 1	Homo sapiens	15	15q15.3	genomic	annotated
283635	3	15	24.331970726857296	15.46412038087871	8.867850345978587	0.6216338814176403	1.0719729259869637	1.0719729259869637	Higher_in_CALR	3	FAM177A1	family with sequence similarity 177 member A1	Homo sapiens	14	14q13.2	genomic	annotated
81614	3	15	32.90480397802067	27.71867652474459	5.186127453276075	0.2395004382297676	1.0716428889552412	1.0716428889552412	Higher_in_CALR	3	NIPA2	NIPA magnesium transporter 2	Homo sapiens	15	15q11.2	genomic	annotated
8850	3	15	110.12282303145378	78.46853968104804	31.65428335040573	0.4836994172666644	1.070693196560383	1.070693196560383	Higher_in_CALR	3	KAT2B	lysine acetyltransferase 2B	Homo sapiens	3	3p24.3	genomic	annotated
785	3	15	5.796739292874399	2.500252696780014	3.296486596094385	0.95738370589436	1.0701101618315458	1.0701101618315458	Higher_in_CALR	3	CACNB4	calcium voltage-gated channel auxiliary subunit beta 4	Homo sapiens	2	2q23.3	genomic	annotated
80183	3	15	21.264663142559968	14.874376744651292	6.390286397908675	0.4880558341112078	1.0694074987223412	1.0694074987223412	Higher_in_CALR	3	RUBCNL	rubicon like autophagy enhancer	Homo sapiens	13	13q14.13	genomic	annotated
196264	3	15	8.914959195390777	6.7108660894226615	2.2040931059681155	0.3627139214405059	1.0690625372694238	1.0690625372694238	Higher_in_CALR	3	MPZL3	myelin protein zero like 3	Homo sapiens	11	11q23.3	genomic	annotated
57708	3	15	119.5672536109909	95.6730114182334	23.894242192757503	0.3186530323820111	1.067853461230081	1.067853461230081	Higher_in_CALR	3	MIER1	MIER1 transcriptional regulator	Homo sapiens	1	1p31.3	genomic	annotated
79180	3	15	191.3497544140744	132.80317225310807	58.54658216096627	0.5236196673384557	1.0676216669199268	1.0676216669199268	Higher_in_CALR	3	EFHD2	EF-hand domain family member D2	Homo sapiens	1	1p36.21	genomic	annotated
117247	3	15	3.3798846950456336	2.030615445056632	1.349269249989002	0.5312820898097261	1.0674299041595354	1.0674299041595354	Higher_in_CALR	3	SLC16A10	solute carrier family 16 member 10	Homo sapiens	6	6q21	genomic	annotated
115330	3	15	2.36422384070302	0.8203661769198454	1.5438576637831742	0.886045013531041	1.0671763560014935	1.0671763560014935	Higher_in_CALR	3	GPR146	G protein-coupled receptor 146	Homo sapiens	7	7p22.3	genomic	annotated
100505576	3	15	2.886602555383053	1.7239561314795684	1.1626464239034848	0.5128061156340458	1.065869049534213	1.065869049534213	Higher_in_CALR	3	LASP1NB	LASP1 neighbor	Homo sapiens	17	17q12	genomic	annotated
373	3	15	15.889916758617632	10.956730174572844	4.933186584044787	0.4983393104459734	1.0652712520733263	1.0652712520733263	Higher_in_CALR	3	TRIM23	tripartite motif containing 23	Homo sapiens	5	5q12.3	genomic	annotated
1039	3	15	31.608546463484064	20.649364011029885	10.95918245245418	0.590925490105823	1.0632252719374544	1.0632252719374544	Higher_in_CALR	3	CDR2	cerebellar degeneration related protein 2	Homo sapiens	16	16p12.2	genomic	annotated
143686	3	15	39.8247493383359	27.22524021804692	12.599509120288984	0.5324581682761558	1.0625565440539326	1.0625565440539326	Higher_in_CALR	3	SESN3	sestrin 3	Homo sapiens	11	11q21	genomic	annotated
4131	3	15	12.209414843088677	5.909219848834892	6.300194994253783	0.934971835091816	1.0624548364652993	1.0624548364652993	Higher_in_CALR	3	MAP1B	microtubule associated protein 1B	Homo sapiens	5	5q13.2	genomic	annotated
51274	3	15	170.790335479868	140.3441492256662	30.44618625420179	0.2814367103847157	1.0624398372595156	1.0624398372595156	Higher_in_CALR	3	KLF3	KLF transcription factor 3	Homo sapiens	4	4p14	genomic	annotated
1741	3	15	6.050570474853504	4.015916413579591	2.034654061273913	0.4912266864621344	1.0622042999458468	1.0622042999458468	Higher_in_CALR	3	DLG3	discs large MAGUK scaffold protein 3	Homo sapiens	X	Xq13.1	genomic	annotated
28915	3	15	3.858731522786357	1.415652256596259	2.443079266190098	1.0081669286363166	1.0612779018169225	1.0612779018169225	Higher_in_CALR	3	IGKV3-7	immunoglobulin kappa variable 3-7 (non-functional)	Homo sapiens	2	2p11.2	genomic	annotated
51447	3	15	25.841790619651032	21.052440911663616	4.789349707987416	0.2835425653807304	1.0609059902549738	1.0609059902549738	Higher_in_CALR	3	IP6K2	inositol hexakisphosphate kinase 2	Homo sapiens	3	3p21.31	genomic	annotated
644660	3	15	1.1915141296323244	0.8734314234751758	0.3180827061571486	0.2262448114521947	1.0606981673395706	1.0606981673395706	Higher_in_CALR	3	RAD21-AS1	RAD21 antisense RNA 1	Homo sapiens	8	8q24.11	genomic	annotated
81631	3	15	143.6134366631387	75.80697400908305	67.80646265405566	0.9128923880743464	1.0603224319641382	1.0603224319641382	Higher_in_CALR	3	MAP1LC3B	microtubule associated protein 1 light chain 3 beta	Homo sapiens	16	16q24.2	genomic	annotated
5152	3	15	3.3364489358607927	1.8365101162817143	1.4999388195790782	0.6123971117630229	1.0600164151528386	1.0600164151528386	Higher_in_CALR	3	PDE9A	phosphodiesterase 9A	Homo sapiens	21	21q22.3	genomic	annotated
10933	3	15	143.23925507365433	114.3388378732678	28.900417200386528	0.3225854597480833	1.0593597561588468	1.0593597561588468	Higher_in_CALR	3	MORF4L1	mortality factor 4 like 1	Homo sapiens	15	15q25.1	genomic	annotated
79369	3	15	1.2722562522760368	0.8320008010839653	0.4402554511920714	0.3107054087611194	1.0589272994165837	1.0589272994165837	Higher_in_CALR	2	B3GNT4	UDP-GlcNAc:betaGal beta-1,3-N-acetylglucosaminyltransferase 4	Homo sapiens	12	12q24.31	genomic	annotated
64419	3	15	47.98297762493274	37.56246281562665	10.420514809306084	0.345083283393687	1.0582809842212475	1.0582809842212475	Higher_in_CALR	3	MTMR14	myotubularin related protein 14	Homo sapiens	3	3p25.3	genomic	annotated
9867	3	15	154.68795444524065	115.79581941403808	38.89213503120256	0.4146686922656348	1.0580411205957525	1.0580411205957525	Higher_in_CALR	3	PJA2	praja ring finger ubiquitin ligase 2	Homo sapiens	5	5q21.3	genomic	annotated
54762	3	15	4.73924725976633	2.56103472368222	2.1782125360841103	0.6885650268107784	1.0580221568201815	1.0580221568201815	Higher_in_CALR	3	GRAMD1C	GRAM domain containing 1C	Homo sapiens	3	3q13.31	genomic	annotated
27315	3	15	7.96209021012514	5.7171079499496456	2.2449822601754947	0.415995033864275	1.058019444697848	1.058019444697848	Higher_in_CALR	3	PGAP2	post-GPI attachment to proteins 2	Homo sapiens	11	11p15.4	genomic	annotated
400359	3	15	0.8448707495026283	0.4469662704344383	0.39790447906819	0.3504884532480606	1.057214183727856	1.057214183727856	Higher_in_CALR	2	LINC02694	long independently transcribed non-coding RNA 2694	Homo sapiens	15	15q14	genomic	annotated
1153	3	15	118.55810994558232	92.1263940884467	26.43171585713563	0.3604499725531864	1.0570823067237245	1.0570823067237245	Higher_in_CALR	3	CIRBP	cold inducible RNA binding protein	Homo sapiens	19	19p13.3	genomic	annotated
55969	3	15	73.7235898400417	51.71130183185171	22.012288008189984	0.5034514427586734	1.0570001230842316	1.0570001230842316	Higher_in_CALR	3	RAB5IF	RAB5 interacting factor	Homo sapiens	20	20q11.23	genomic	annotated
768211	3	15	40.90271485565747	30.0304988184802	10.872216037177278	0.4333568299080852	1.0561280935548514	1.0561280935548514	Higher_in_CALR	3	RELL1	RELT like 1	Homo sapiens	4	4p14	genomic	annotated
340198	3	15	1.11853490816016	0.5345848894537988	0.5839500187063613	0.4652184465603368	1.0559087872683055	1.0559087872683055	Higher_in_CALR	2	IFITM4P	interferon induced transmembrane protein 4 pseudogene	Homo sapiens	6	6p22.1	genomic	annotated
642441	3	15	19.986341601669967	14.946721871946531	5.039619729723434	0.3961908106464271	1.0557403448516514	1.0557403448516514	Higher_in_CALR	3	LOC642441	uncharacterized LOC642441	Homo sapiens	1	1q21.2	genomic	annotated
1116	3	15	19.11220056242508	8.091501747066385	11.020698815358688	1.1454804161378285	1.0556954826698546	1.0556954826698546	Higher_in_CALR	3	CHI3L1	chitinase 3 like 1	Homo sapiens	1	1q32.1	genomic	annotated
9249	3	15	26.24448815283417	15.406228597520824	10.838259555313346	0.7317207513713386	1.055430490109809	1.055430490109809	Higher_in_CALR	3	DHRS3	dehydrogenase/reductase 3	Homo sapiens	1	1p36.21	genomic	annotated
160428	3	15	1.5869030383075655	0.8891195889100383	0.6977834493975275	0.4535119472313387	1.054894097457429	1.054894097457429	Higher_in_CALR	3	ALDH1L2	aldehyde dehydrogenase 1 family member L2	Homo sapiens	12	12q23.3	genomic	annotated
7422	3	15	30.09390999915163	13.404481703709829	16.6894282954418	1.1101142932457213	1.054263974722906	1.054263974722906	Higher_in_CALR	3	VEGFA	vascular endothelial growth factor A	Homo sapiens	6	6p21.1	genomic	annotated
23190	3	15	120.47615402970456	94.93406674228828	25.542087287416265	0.3405580174995588	1.054043708694491	1.054043708694491	Higher_in_CALR	3	UBXN4	UBX domain protein 4	Homo sapiens	2	2q21.3	genomic	annotated
340542	3	15	1.3559135388917098	0.8234461798037295	0.5324673590879804	0.3696189755715263	1.0539760725219371	1.0539760725219371	Higher_in_CALR	3	BEX5	brain expressed X-linked 5	Homo sapiens	X	Xq22.1	genomic	annotated
51380	3	15	8.115359563142372	5.820344149415319	2.295015413727053	0.4184550273363157	1.0529363960924027	1.0529363960924027	Higher_in_CALR	3	CSAD	cysteine sulfinic acid decarboxylase	Homo sapiens	12	12q13.13	genomic	annotated
3566	3	15	116.41737139715762	83.46112240512997	32.95624899202765	0.4752865404146433	1.052667093559468	1.052667093559468	Higher_in_CALR	3	IL4R	interleukin 4 receptor	Homo sapiens	16	16p12.1	genomic	annotated
9767	3	15	3.116689636866537	2.0998032055234974	1.0168864313430397	0.409308058614511	1.0526026172580043	1.0526026172580043	Higher_in_CALR	3	JADE3	jade family PHD finger 3	Homo sapiens	X	Xp11.3	genomic	annotated
403150	3	15	1.59827812919578	1.0150137899776293	0.5832643392181507	0.366766158370815	1.0520850800369728	1.0520850800369728	Higher_in_CALR	3	FOSL2-AS1	FOSL2 antisense RNA 1	Homo sapiens	2	2p23.2	genomic	annotated
57644	3	15	4.665383893782857	2.76665700165544	1.8987268921274176	0.5888890533065956	1.0515096203009635	1.0515096203009635	Higher_in_CALR	3	MYH7B	myosin heavy chain 7B	Homo sapiens	20	20q11.22	genomic	annotated
100129518	3	15	2.0812629756602297	1.4074338772024253	0.6738290984578044	0.3560256434885542	1.051359717598519	1.051359717598519	Higher_in_CALR	3	SOD2-OT1	SOD2 overlapping transcript 1	Homo sapiens	6	6q25.3	genomic	annotated
100302650	3	15	7.235495628758817	4.758969953462391	2.476525675296425	0.5160446818507314	1.051056559679544	1.051056559679544	Higher_in_CALR	3	BABAM2-AS1	BABAM2 antisense RNA 1	Homo sapiens	2	2p23.2	genomic	annotated
5243	3	15	21.4719730925398	13.62002890825678	7.851944184283017	0.6201806381844412	1.049846635419859	1.049846635419859	Higher_in_CALR	3	ABCB1	ATP binding cassette subfamily B member 1	Homo sapiens	7	7q21.12	genomic	annotated
2355	3	15	97.03280756266255	57.10567022766263	39.92713733499994	0.7545856853901318	1.049830721111205	1.049830721111205	Higher_in_CALR	3	FOSL2	FOS like 2, AP-1 transcription factor subunit	Homo sapiens	2	2p23.2	genomic	annotated
51321	3	15	41.74010701498933	32.21023059622328	9.529876418766044	0.3639627800287446	1.0491453124818635	1.0491453124818635	Higher_in_CALR	3	AMZ2	archaelysin family metallopeptidase 2	Homo sapiens	17	17q24.2	genomic	annotated
115426	3	15	55.87108214580636	44.67410864632154	11.19697349948482	0.3163186820318806	1.0490188497685191	1.0490188497685191	Higher_in_CALR	3	UHRF2	ubiquitin like with PHD and ring finger domains 2	Homo sapiens	9	9p24.1	genomic	annotated
57576	3	15	8.684866089269804	5.626624978349287	3.058241110920517	0.547457826054472	1.0488774448615616	1.0488774448615616	Higher_in_CALR	3	KIF17	kinesin family member 17	Homo sapiens	1	1p36.12	genomic	annotated
128854	3	15	1.18006737564326	0.6413177925898964	0.5387495830533636	0.4095181215458725	1.048853049481567	1.048853049481567	Higher_in_CALR	2	TSPY26P	testis specific protein Y-linked 26, pseudogene	Homo sapiens	20	20q11.21	genomic	annotated
728609	3	15	6.46747711343852	5.051029167261423	1.4164479461770965	0.3034403721361367	1.0484501672444972	1.0484501672444972	Higher_in_CALR	3	SDHAP3	SDHA pseudogene 3	Homo sapiens	5	5p15.33	genomic	annotated
51186	3	15	13.996872772729668	6.202338506080641	7.794534266649026	1.0581243815444807	1.0479799282794668	1.0479799282794668	Higher_in_CALR	3	TCEAL9	transcription elongation factor A like 9	Homo sapiens	X	Xq22.2	genomic	annotated
4359	3	15	4.000342672075834	2.810553578124397	1.189789093951437	0.3920263653118829	1.0478254429654237	1.0478254429654237	Higher_in_CALR	3	MPZ	myelin protein zero	Homo sapiens	1	1q23.3	genomic	annotated
55095	3	15	16.294559835112082	11.064476171970206	5.230083663141876	0.5195530195862883	1.0468116376252343	1.0468116376252343	Higher_in_CALR	3	SAMD4B	sterile alpha motif domain containing 4B	Homo sapiens	19	19q13.2	genomic	annotated
50619	3	15	84.93599917183526	69.31121521856069	15.624783953274571	0.2895077832955213	1.0466687996562838	1.0466687996562838	Higher_in_CALR	3	DEF6	DEF6 guanine nucleotide exchange factor	Homo sapiens	6	6p21.31	genomic	annotated
3805	3	15	1.030331881148161	0.4203511865944727	0.6099806945536883	0.5154678867964398	1.0466316542538283	1.0466316542538283	Higher_in_CALR	2	KIR2DL4	killer cell immunoglobulin like receptor, two Ig domains and long cytoplasmic tail 4	Homo sapiens	19	19q13.42	genomic	annotated
84286	3	15	9.391941740035946	7.882560671198726	1.509381068837221	0.2264177049450837	1.0465619666375112	1.0465619666375112	Higher_in_CALR	3	TMEM175	transmembrane protein 175	Homo sapiens	4	4p16.3	genomic	annotated
100507398	3	15	3.01693413099612	2.3275060901654	0.6894280408307201	0.2716534978779561	1.0459737428966758	1.0459737428966758	Higher_in_CALR	3	INTS6-AS1	INTS6 antisense RNA 1	Homo sapiens	13	13q14.3	genomic	annotated
54961	3	15	4.46757604237596	3.6444185738173576	0.8231574685586023	0.2354033806537065	1.0444020732804715	1.0444020732804715	Higher_in_CALR	3	SSH3	slingshot protein phosphatase 3	Homo sapiens	11	11q13.2	genomic	annotated
51119	3	15	97.88490987057644	70.65135862686564	27.233551243710792	0.4647563176524958	1.044367130132325	1.044367130132325	Higher_in_CALR	3	SBDS	SBDS ribosome maturation factor	Homo sapiens	7	7q11.21	genomic	annotated
51272	3	15	13.61964456870726	9.854591095274628	3.765053473432632	0.4296028580409654	1.0443623124609107	1.0443623124609107	Higher_in_CALR	3	BET1L	Bet1 golgi vesicular membrane trafficking protein like	Homo sapiens	11	11p15.5	genomic	annotated
9814	3	15	44.92568762687629	37.44265215131496	7.48303547556133	0.2565934515881025	1.0438166958090254	1.0438166958090254	Higher_in_CALR	3	SFI1	SFI1 centrin binding protein	Homo sapiens	22	22q12.2	genomic	annotated
163590	3	15	29.27078735819153	24.03701769027488	5.233769667916654	0.2738634764435801	1.043163361716049	1.043163361716049	Higher_in_CALR	3	TOR1AIP2	torsin 1A interacting protein 2	Homo sapiens	1	1q25.2	genomic	annotated
6844	3	15	16.376517089923677	10.30248455279185	6.074032537131828	0.6204989946597101	1.0431175230534009	1.0431175230534009	Higher_in_CALR	3	VAMP2	vesicle associated membrane protein 2	Homo sapiens	17	17p13.1	genomic	annotated
11129	3	15	17.8578197042307	14.053239646313925	3.804580057916777	0.3250888782231529	1.041890376281411	1.041890376281411	Higher_in_CALR	3	CLASRP	CLK4 associating serine/arginine rich protein	Homo sapiens	19	19q13.32	genomic	annotated
9891	3	15	1.2608419957905566	0.5339186470541678	0.7269233487363888	0.5596381994475532	1.0416168007278	1.0416168007278	Higher_in_CALR	2	NUAK1	NUAK family kinase 1	Homo sapiens	12	12q23.3	genomic	annotated
3778	3	15	2.345503167430751	0.9781331633921708	1.3673700040385803	0.7580836618481078	1.0414704081888255	1.0414704081888255	Higher_in_CALR	2	KCNMA1	potassium calcium-activated channel subfamily M alpha 1	Homo sapiens	10	10q22.3	genomic	annotated
329	3	15	95.45096214813778	72.86897371603929	22.581988432098484	0.3848270959813824	1.0409231310263471	1.0409231310263471	Higher_in_CALR	3	BIRC2	baculoviral IAP repeat containing 2	Homo sapiens	11	11q22.2	genomic	annotated
8013	3	15	12.3480416832925	5.635353049934277	6.712688633358223	1.0083829620775844	1.040128014138498	1.040128014138498	Higher_in_CALR	3	NR4A3	nuclear receptor subfamily 4 group A member 3	Homo sapiens	9	9q31.1	genomic	annotated
6351	3	15	26.09493511722449	15.290659144826712	10.804275972397786	0.7339782137060089	1.0395010759253684	1.0395010759253684	Higher_in_CALR	3	CCL4	C-C motif chemokine ligand 4	Homo sapiens	17	17q12	genomic	annotated
57592	3	15	31.88647260624224	21.229199282054672	10.65727332418756	0.5650382914237051	1.0386488470459336	1.0386488470459336	Higher_in_CALR	3	ZNF687	zinc finger protein 687	Homo sapiens	1	1q21.3	genomic	annotated
6829	3	15	68.22607411517846	50.0511070111848	18.17496710399366	0.4393732883153252	1.0382213513600511	1.0382213513600511	Higher_in_CALR	3	SUPT5H	SPT5 homolog, DSIF elongation factor subunit	Homo sapiens	19	19q13.2	genomic	annotated
374383	3	15	5.873503631660853	3.8772437567323	1.996259874928553	0.4949795938778396	1.0381936882689642	1.0381936882689642	Higher_in_CALR	3	NCR3LG1	natural killer cell cytotoxicity receptor 3 ligand 1	Homo sapiens	11	11p15.1	genomic	annotated
64768	3	15	9.002221559681853	7.524431736813608	1.4777898228682451	0.2306448994722565	1.037954751747024	1.037954751747024	Higher_in_CALR	3	IPPK	inositol-pentakisphosphate 2-kinase	Homo sapiens	9	9q22.31	genomic	annotated
57414	3	15	9.137896689071598	5.276065519069614	3.861831170001984	0.6918260487012522	1.0377985302615162	1.0377985302615162	Higher_in_CALR	3	RHBDD2	rhomboid domain containing 2	Homo sapiens	7	7q11.23	genomic	annotated
25959	3	15	4.416317934788753	1.785492398978668	2.6308255358100854	0.9593800475892602	1.0377358966836143	1.0377358966836143	Higher_in_CALR	3	KANK2	KN motif and ankyrin repeat domains 2	Homo sapiens	19	19p13.2	genomic	annotated
100506697	3	15	0.5322184360896239	0.3093214981008193	0.2228969379888046	0.226802597215918	1.0371473505545676	1.0371473505545676	Higher_in_CALR	2	LINC00327	long independently transcribed non-coding RNA 327	Homo sapiens	13	13q12.12	genomic	annotated
28409	3	15	1.5560483490114814	0.8288522689325586	0.7271960800789228	0.4829765841430425	1.03702771133343	1.03702771133343	Higher_in_CALR	2	IGHV3-73	immunoglobulin heavy variable 3-73	Homo sapiens	14	14q32.33	genomic	annotated
83733	3	15	0.5660773050708666	0.3159354011261489	0.2501419039447177	0.2510667596887364	1.0363553417885103	1.0363553417885103	Higher_in_CALR	2	SLC25A18	solute carrier family 25 member 18	Homo sapiens	22	22q11.21	genomic	annotated
10866	3	15	42.8783287104321	36.192695577806965	6.685633132625135	0.2384892632112265	1.0362816747372747	1.0362816747372747	Higher_in_CALR	3	HCP5	HLA complex P5	Homo sapiens	6	6p21.33	genomic	annotated
4051	3	15	17.503270840951895	7.599246652655963	9.904024188295931	1.1054981384431182	1.0361672921155385	1.0361672921155385	Higher_in_CALR	3	CYP4F3	cytochrome P450 family 4 subfamily F member 3	Homo sapiens	19	19p13.12	genomic	annotated
55718	3	15	31.73996652130593	21.285396262854345	10.45457025845159	0.5549542324235119	1.0360581255414878	1.0360581255414878	Higher_in_CALR	3	POLR3E	RNA polymerase III subunit E	Homo sapiens	16	16p12.2	genomic	annotated
26502	3	15	14.445620796531244	10.941550200582366	3.5040705959488783	0.3712077242908695	1.03577860335746	1.03577860335746	Higher_in_CALR	3	NARF	nuclear prelamin A recognition factor	Homo sapiens	17	17q25.3	genomic	annotated
8787	3	15	7.61373900978031	5.2309134023117565	2.382825607468553	0.4671959452369836	1.035774417989244	1.035774417989244	Higher_in_CALR	3	RGS9	regulator of G protein signaling 9	Homo sapiens	17	17q24.1	genomic	annotated
10659	3	15	271.640572348143	206.25983251379373	65.38073983434927	0.3955597237519521	1.0353442250545477	1.0353442250545477	Higher_in_CALR	3	CELF2	CUGBP Elav-like family member 2	Homo sapiens	10	10p14	genomic	annotated
9870	3	15	59.646968863387535	48.14977727716002	11.497191586227515	0.3032506622333688	1.0347268272319998	1.0347268272319998	Higher_in_CALR	3	AREL1	apoptosis resistant E3 ubiquitin protein ligase 1	Homo sapiens	14	14q24.3	genomic	annotated
9100	3	15	79.020369057651	57.4513855201086	21.5689835375424	0.4531300599544403	1.0346737357753055	1.0346737357753055	Higher_in_CALR	3	USP10	ubiquitin specific peptidase 10	Homo sapiens	16	16q24.1	genomic	annotated
5909	3	15	5.062288334250733	1.0874355068979251	3.974852827352808	1.53813084616226	1.0343265974596474	1.0343265974596474	Higher_in_CALR	3	RAP1GAP	RAP1 GTPase activating protein	Homo sapiens	1	1p36.12	genomic	annotated
7353	3	15	33.536709930125234	25.170610069386136	8.366099860739098	0.4001830981961571	1.0330641252406552	1.0330641252406552	Higher_in_CALR	3	UFD1	ubiquitin recognition factor in ER associated degradation 1	Homo sapiens	22	22q11.21	genomic	annotated
3759	3	15	14.614729687703758	5.956162294262973	8.658567393440784	1.1665440968769896	1.0326996787708047	1.0326996787708047	Higher_in_CALR	3	KCNJ2	potassium inwardly rectifying channel subfamily J member 2	Homo sapiens	17	17q24.3	genomic	annotated
6262	3	15	7.245558538916026	2.9795388987367355	4.266019640179291	1.0510159442265763	1.032550463070142	1.032550463070142	Higher_in_CALR	3	RYR2	ryanodine receptor 2	Homo sapiens	1	1q43	genomic	annotated
55422	3	15	41.596035632755	21.785824153928743	19.81021147882625	0.902582613428665	1.0323551434460476	1.0323551434460476	Higher_in_CALR	3	ZNF331	zinc finger protein 331	Homo sapiens	19	19q13.42	genomic	annotated
51026	3	15	28.66874217666383	23.094823755183555	5.573918421480276	0.300220515900869	1.0322192493114928	1.0322192493114928	Higher_in_CALR	3	GOLT1B	golgi transport 1B	Homo sapiens	12	12p12.1	genomic	annotated
79973	3	15	1.2044474903878586	0.6641450741277712	0.5403024162600873	0.4056359047021591	1.0318109628000485	1.0318109628000485	Higher_in_CALR	3	ZNF442	zinc finger protein 442	Homo sapiens	19	19p13.2	genomic	annotated
8874	3	15	59.65977572876224	42.56881199580378	17.090963732958457	0.4774443886618442	1.03176082264676	1.03176082264676	Higher_in_CALR	3	ARHGEF7	Rho guanine nucleotide exchange factor 7	Homo sapiens	13	13q34	genomic	annotated
56990	3	15	341.21891480632763	243.90355612355825	97.3153586827694	0.4827057786167312	1.0316665948476398	1.0316665948476398	Higher_in_CALR	3	CDC42SE2	CDC42 small effector 2	Homo sapiens	5	5q31.1	genomic	annotated
100216545	3	15	17.70698456614703	14.087611658891015	3.619372907256016	0.3102125770901467	1.0312232180041323	1.0312232180041323	Higher_in_CALR	3	KMT2E-AS1	KMT2E antisense RNA 1	Homo sapiens	7	7q22.3	genomic	annotated
340351	3	15	3.32204118420882	2.666367224250687	0.6556739599581327	0.2373615257217696	1.0308294910416718	1.0308294910416718	Higher_in_CALR	3	AGBL3	AGBL carboxypeptidase 3	Homo sapiens	7	7q33	genomic	annotated
4053	3	15	3.1457410216492367	2.3977828831141976	0.7479581385350391	0.2870363283566444	1.0300554974007434	1.0300554974007434	Higher_in_CALR	3	LTBP2	latent transforming growth factor beta binding protein 2	Homo sapiens	14	14q24.3	genomic	annotated
27112	3	15	0.5677804654048006	0.375672429315449	0.1921080360893516	0.1885865735360895	1.0297170257726456	1.0297170257726456	Higher_in_CALR	2	NALF2	NALCN channel auxiliary factor 2	Homo sapiens	X	Xq13.1	genomic	annotated
54386	3	15	137.52006338769104	93.03456630854832	44.48549707914272	0.5588318709832727	1.0291321074343398	1.0291321074343398	Higher_in_CALR	3	TERF2IP	TERF2 interacting protein	Homo sapiens	16	16q23.1	genomic	annotated
401145	3	15	8.290989006228296	5.910861560651326	2.38012744557697	0.4269665974530139	1.0281643408836991	1.0281643408836991	Higher_in_CALR	3	CCSER1	coiled-coil serine rich protein 1	Homo sapiens	4	4q22.1	genomic	annotated
9595	3	15	322.71984975731533	236.99304053391532	85.72680922339995	0.4438264445885815	1.0261033161441455	1.0261033161441455	Higher_in_CALR	3	CYTIP	cytohesin 1 interacting protein	Homo sapiens	2	2q24.1	genomic	annotated
64061	3	15	76.0927055645961	46.40082827963855	29.69187728495755	0.7016820913000199	1.0259180975248956	1.0259180975248956	Higher_in_CALR	3	TSPYL2	TSPY like 2	Homo sapiens	X	Xp11.22	genomic	annotated
8744	3	15	1.5529440251468731	0.7573746075183894	0.7955694176284838	0.5387401525674531	1.0243918315425151	1.0243918315425151	Higher_in_CALR	3	TNFSF9	TNF superfamily member 9	Homo sapiens	19	19p13.3	genomic	annotated
9976	3	15	111.64680226828465	84.06548451690242	27.58131775138223	0.4051605805480731	1.0229875228547638	1.0229875228547638	Higher_in_CALR	3	CLEC2B	C-type lectin domain family 2 member B	Homo sapiens	12	12p13.31	genomic	annotated
8843	3	15	40.68864506640311	17.79104654696688	22.897598519436222	1.1496090651661497	1.022736268917768	1.022736268917768	Higher_in_CALR	3	HCAR3	hydroxycarboxylic acid receptor 3	Homo sapiens	12	12q24.31	genomic	annotated
100507419	3	15	5.504401382039307	3.050841875279765	2.453559506759542	0.6831945173731029	1.021904443450351	1.021904443450351	Higher_in_CALR	3	MMP25-AS1	MMP25 antisense RNA 1	Homo sapiens	16	16p13.3	genomic	annotated
30849	3	15	28.95009866079587	22.84933792783826	6.10076073295761	0.328611538815692	1.021318392137383	1.021318392137383	Higher_in_CALR	3	PIK3R4	phosphoinositide-3-kinase regulatory subunit 4	Homo sapiens	3	3q22.1	genomic	annotated
10409	3	15	84.66258781828344	43.71424940337435	40.94833841490909	0.9379306024628686	1.0212589848418785	1.0212589848418785	Higher_in_CALR	3	BASP1	brain abundant membrane attached signal protein 1	Homo sapiens	5	5p15.1	genomic	annotated
57062	3	15	166.68789937931032	114.66344312226968	52.024456257040654	0.5358456308521768	1.0212543543323267	1.0212543543323267	Higher_in_CALR	3	DDX24	DEAD-box helicase 24	Homo sapiens	14	14q32.12	genomic	annotated
23762	3	15	93.42918085066846	44.05716932230088	49.37201152836758	1.0674760750304673	1.02104442327173	1.02104442327173	Higher_in_CALR	3	OSBP2	oxysterol binding protein 2	Homo sapiens	22	22q12.2	genomic	annotated
118987	3	15	85.4947065885014	55.16192936940582	30.332777219095583	0.6230193452017261	1.0202750081604133	1.0202750081604133	Higher_in_CALR	3	PDZD8	PDZ domain containing 8	Homo sapiens	10	10q25.3-q26.11	genomic	annotated
157769	3	15	93.11737338046083	68.99102063162437	24.12635274883648	0.427291212474449	1.020187401321892	1.020187401321892	Higher_in_CALR	3	FAM91A1	family with sequence similarity 91 member A1	Homo sapiens	8	8q24.13	genomic	annotated
55143	3	15	1.036118106261112	0.7485735269835824	0.2875445792775296	0.2196427860407487	1.0196184982132075	1.0196184982132075	Higher_in_CALR	2	CDCA8	cell division cycle associated 8	Homo sapiens	1	1p34.3	genomic	annotated
100507478	3	15	17.207062069290135	14.38942211678302	2.8176399525071147	0.2425590862111413	1.0187833996839355	1.0187833996839355	Higher_in_CALR	3	LOC100507478	hypothetical LOC100507478	Homo sapiens	9		genomic	annotated
3337	3	15	105.06369020191671	70.96712944127282	34.0965607606439	0.5595208294542573	1.0182828050952897	1.0182828050952897	Higher_in_CALR	3	DNAJB1	DnaJ heat shock protein family (Hsp40) member B1	Homo sapiens	19	19p13.12	genomic	annotated
440823	3	15	72.42051239554354	39.9476628590664	32.47284953647714	0.8424020723925443	1.0180222774742824	1.0180222774742824	Higher_in_CALR	3	MIAT	myocardial infarction associated transcript	Homo sapiens	22	22q12.1	genomic	annotated
55544	3	15	181.066104915598	95.86443701015736	85.20166790544064	0.9104233678463444	1.0175240215777046	1.0175240215777046	Higher_in_CALR	3	RBM38	RNA binding motif protein 38	Homo sapiens	20	20q13.31	genomic	annotated
100129354	3	15	0.9389127807647232	0.6054860794246871	0.3334267013400361	0.272237751275285	1.0170166638210707	1.0170166638210707	Higher_in_CALR	2	NRADDP	neurotrophin receptor associated death domain, pseudogene	Homo sapiens	3	3p21.31	genomic	annotated
79931	3	15	1.0208257332366983	0.5793103002841771	0.4415154329525212	0.35565025827183	1.015905448040024	1.015905448040024	Higher_in_CALR	2	TNIP3	TNFAIP3 interacting protein 3	Homo sapiens	4	4q27	genomic	annotated
4175	3	15	29.112111187250434	19.615357536021165	9.49675365122927	0.5466243778836946	1.014845664831176	1.014845664831176	Higher_in_CALR	3	MCM6	minichromosome maintenance complex component 6	Homo sapiens	2	2q21.3	genomic	annotated
83444	3	15	12.123279382379446	9.752201865968884	2.371077516410562	0.2874961515474323	1.014318438544272	1.014318438544272	Higher_in_CALR	3	INO80B	INO80 complex subunit B	Homo sapiens	2	2p13.1	genomic	annotated
3732	3	15	37.64753526911726	24.027181715138784	13.62035355397848	0.6268805700057625	1.0128887397444546	1.0128887397444546	Higher_in_CALR	3	CD82	CD82 molecule	Homo sapiens	11	11p11.2	genomic	annotated
27128	3	15	158.028412053267	116.16087318764548	41.86753886562151	0.4407936901464717	1.0128070352520422	1.0128070352520422	Higher_in_CALR	3	CYTH4	cytohesin 4	Homo sapiens	22	22q13.1	genomic	annotated
1501	3	15	2.2375827860011497	1.3844174662789963	0.8531653197221534	0.4412802369767814	1.012147046109246	1.012147046109246	Higher_in_CALR	3	CTNND2	catenin delta 2	Homo sapiens	5	5p15.2	genomic	annotated
1084	3	15	9.217100313706863	4.66902280357258	4.548077510134283	0.8498138296702118	1.0121076292625175	1.0121076292625175	Higher_in_CALR	3	CEACAM3	CEA cell adhesion molecule 3	Homo sapiens	19	19q13.2	genomic	annotated
10241	3	15	72.00454369923857	59.81180788723725	12.192735812001324	0.2636347777269874	1.0116402691278006	1.0116402691278006	Higher_in_CALR	3	CALCOCO2	calcium binding and coiled-coil domain 2	Homo sapiens	17	17q21.32	genomic	annotated
55159	3	15	23.7610056310944	19.29880218226746	4.462203448826944	0.2866753111122948	1.01142906431026	1.01142906431026	Higher_in_CALR	3	RFWD3	ring finger and WD repeat domain 3	Homo sapiens	16	16q23.1	genomic	annotated
5799	3	15	3.70677741320288	2.7081300842099143	0.9986473289929658	0.344047772819458	1.0109108241430016	1.0109108241430016	Higher_in_CALR	3	PTPRN2	protein tyrosine phosphatase receptor type N2	Homo sapiens	7	7q36.3	genomic	annotated
54812	3	15	99.31351867513604	79.00380524282879	20.309713432307248	0.3263755167104856	1.0103415422244175	1.0103415422244175	Higher_in_CALR	3	AFTPH	aftiphilin	Homo sapiens	2	2p14	genomic	annotated
23541	3	15	9.789575459313143	5.109857424312816	4.679718035000327	0.8204274800352169	1.0093219125522868	1.0093219125522868	Higher_in_CALR	3	SEC14L2	SEC14 like lipid binding 2	Homo sapiens	22	22q12.2	genomic	annotated
134147	3	15	0.8074947311554009	0.4159860135717806	0.3915087175836203	0.3521844264843531	1.0090916405177583	1.0090916405177583	Higher_in_CALR	2	CMBL	carboxymethylenebutenolidase homolog	Homo sapiens	5	5p15.2	genomic	annotated
959	3	15	11.73304081824971	7.8209873651893504	3.91205345306036	0.5295649389722232	1.0089991759611685	1.0089991759611685	Higher_in_CALR	3	CD40LG	CD40 ligand	Homo sapiens	X	Xq26.3	genomic	annotated
28652	3	15	0.614596072391406	0.3884337033122758	0.2261623690791302	0.2177149961933875	1.0083528847655154	1.0083528847655154	Higher_in_CALR	2	TRAV30	T cell receptor alpha variable 30	Homo sapiens	14	14q11.2	genomic	annotated
8649	3	15	33.4140251565618	27.07318097211688	6.340844184444919	0.2938040985334629	1.007752522761748	1.007752522761748	Higher_in_CALR	3	LAMTOR3	late endosomal/lysosomal adaptor, MAPK and MTOR activator 3	Homo sapiens	4	4q23	genomic	annotated
54663	3	15	17.5111407309811	13.252577636285416	4.258563094695685	0.377170942516968	1.0073281882474876	1.0073281882474876	Higher_in_CALR	3	WDR74	WD repeat domain 74	Homo sapiens	11	11q12.3	genomic	annotated
9878	3	15	71.03582247309704	60.6044119778452	10.431410495251846	0.2256808409974988	1.006648063487973	1.006648063487973	Higher_in_CALR	3	TOX4	TOX high mobility group box family member 4	Homo sapiens	14	14q11.2	genomic	annotated
4929	3	15	52.10149038507913	27.01182151701453	25.0896688680646	0.922716553130326	1.006432948405121	1.006432948405121	Higher_in_CALR	3	NR4A2	nuclear receptor subfamily 4 group A member 2	Homo sapiens	2	2q24.1	genomic	annotated
90271	3	15	0.8602042963368	0.5713194148999069	0.288884881436893	0.2434845947328435	1.0059811891084152	1.0059811891084152	Higher_in_CALR	3	OLMALINC	oligodendrocyte maturation-associated long intergenic non-coding RNA	Homo sapiens	10	10q24.31	genomic	annotated
10765	3	15	38.57458911384777	26.906669725227133	11.66791938862064	0.5039644025589833	1.0054466272319575	1.0054466272319575	Higher_in_CALR	3	KDM5B	lysine demethylase 5B	Homo sapiens	1	1q32.1	genomic	annotated
79908	3	15	2.4771038754341137	1.081081634687913	1.3960222407462006	0.7405526081106122	1.0054102258299562	1.0054102258299562	Higher_in_CALR	2	BTNL8	butyrophilin like 8	Homo sapiens	5	5q35.3	genomic	annotated
140803	3	15	8.173703318015301	3.161138484386323	5.0125648336289785	1.1405259480605243	1.0051318895002106	1.0051318895002106	Higher_in_CALR	2	TRPM6	transient receptor potential cation channel subfamily M member 6	Homo sapiens	9	9q21.13	genomic	annotated
1627	3	15	24.1477516112798	13.149678954741775	10.998072656538026	0.8296600987541085	1.0049103295447186	1.0049103295447186	Higher_in_CALR	3	DBN1	drebrin 1	Homo sapiens	5	5q35.3	genomic	annotated
100507005	3	15	2.124413447197961	0.7593647124814755	1.3650487347164857	0.8285307936174698	1.0033954064057593	1.0033954064057593	Higher_in_CALR	3	LOC100507005	hypothetical LOC100507005	Homo sapiens	X		genomic	annotated
57580	3	15	225.68171267727567	176.03811979517178	49.64359288210389	0.356607973356553	1.0032117625882526	1.0032117625882526	Higher_in_CALR	3	PREX1	phosphatidylinositol-3,4,5-trisphosphate dependent Rac exchange factor 1	Homo sapiens	20	20q13.13	genomic	annotated
64763	3	15	8.71103018061651	6.713025556028869	1.99800462458764	0.3323274589150151	1.0027947579565897	1.0027947579565897	Higher_in_CALR	3	ZNF574	zinc finger protein 574	Homo sapiens	19	19q13.2	genomic	annotated
403	3	15	6.164803831211827	5.271485445330062	0.8933183858817655	0.1921200088059467	1.0026843341290643	1.0026843341290643	Higher_in_CALR	3	ARL3	ARF like GTPase 3	Homo sapiens	10	10q24.32	genomic	annotated
150763	3	15	1.9829426950889832	1.4381922971061196	0.5447503979828636	0.2909243485620192	1.0021647741257078	1.0021647741257078	Higher_in_CALR	3	GPAT2	glycerol-3-phosphate acyltransferase 2, mitochondrial	Homo sapiens	2	2q11.2	genomic	annotated
56965	3	15	28.165527649557163	22.606420231355298	5.559107418201865	0.3050848926645173	1.0021566710800218	1.0021566710800218	Higher_in_CALR	3	PARP6	poly(ADP-ribose) polymerase family member 6	Homo sapiens	15	15q23	genomic	annotated
84842	3	15	0.7154273677394061	0.4429065900743176	0.2725207776650885	0.2495901359627523	1.0019698963784027	1.0019698963784027	Higher_in_CALR	2	HPDL	4-hydroxyphenylpyruvate dioxygenase like	Homo sapiens	1	1p34.1	genomic	annotated
90834	3	15	4.431060824203766	2.260566327845153	2.1704944963586126	0.7361114526026231	1.0018191116282775	1.0018191116282775	Higher_in_CALR	3	LOC90834	uncharacterized protein BC001742	Homo sapiens	22	22q13.33	genomic	annotated
5333	3	15	11.149255642589466	8.004975839931783	3.1442798026576835	0.4320736153332816	1.0017059458770468	1.0017059458770468	Higher_in_CALR	3	PLCD1	phospholipase C delta 1	Homo sapiens	3	3p22.2	genomic	annotated
1398	3	15	18.974444018743203	15.935384780482051	3.039059238261151	0.2381145808663172	1.0008030062158817	1.0008030062158817	Higher_in_CALR	3	CRK	CRK proto-oncogene, adaptor protein	Homo sapiens	17	17p13.3	genomic	annotated
100506562	3	15	3.41561543602484	2.7198148675728726	0.6958005684519675	0.2473837093956776	1.000440465063422	1.000440465063422	Higher_in_CALR	3	LOC100506562	protein LLP homolog	Homo sapiens	22	22q13.2	genomic	annotated
7329	3	15	52.11855590559813	47.288400833752135	4.830155071845994	0.1375392391566521	1.0003803124944348	1.0003803124944348	Higher_in_CALR	3	UBE2I	ubiquitin conjugating enzyme E2 I	Homo sapiens	16	16p13.3	genomic	annotated
1847	3	15	25.966490624327733	18.00195244325173	7.964538181076001	0.5050201212505225	1.0001378696151804	1.0001378696151804	Higher_in_CALR	3	DUSP5	dual specificity phosphatase 5	Homo sapiens	10	10q25.2	genomic	annotated
