gene_id	CALR_n	nonCALR_ET_n	CALR_mean_CPM	nonCALR_ET_mean_CPM	mean_difference_CPM	log2_pseudocount_ratio	Cohens_d	abs_Cohens_d	direction	CALR_detected_n	gene_symbol	gene_description	organism	chromosome	map_location	gene_type	annotation_status
84311	3	15	4.0491730333145135	6.464765280802197	-2.415592247487684	-0.5640497786590903	-2.359112630329526	2.359112630329526	Lower_in_CALR	3	MRPL45	mitochondrial ribosomal protein L45	Homo sapiens	17	17q12	genomic	annotated
9545	3	15	21.281221862624463	44.9391496770638	-23.65792781443933	-1.043895803334176	-2.323053533312003	2.323053533312003	Lower_in_CALR	3	RAB3D	RAB3D, member RAS oncogene family	Homo sapiens	19	19p13.2	genomic	annotated
84926	3	15	3.5255538339178667	6.912590302736391	-3.3870364688185246	-0.8060557004987183	-2.204567474671721	2.204567474671721	Lower_in_CALR	3	SPRYD3	SPRY domain containing 3	Homo sapiens	12	12q13.13	genomic	annotated
8846	3	15	2.3090057458184865	3.689922122744565	-1.380916376926078	-0.5031661698756007	-2.1687873678930583	2.1687873678930583	Lower_in_CALR	3	ALKBH1	alkB homolog 1, histone H2A dioxygenase	Homo sapiens	14	14q24.3	genomic	annotated
285362	3	15	9.764286979842604	16.72149361492408	-6.957206635081475	-0.7192474438345298	-2.133062613198629	2.133062613198629	Lower_in_CALR	3	SUMF1	sulfatase modifying factor 1	Homo sapiens	3	3p26.1	genomic	annotated
2132	3	15	12.41256064465829	18.49234776579441	-6.079787121136116	-0.5393231730863359	-2.0645787524746515	2.0645787524746515	Lower_in_CALR	3	EXT2	exostosin glycosyltransferase 2	Homo sapiens	11	11p11.2	genomic	annotated
10645	3	15	37.037042242861865	46.74447829987646	-9.707436057014595	-0.3279288268494786	-2.042333167026719	2.042333167026719	Lower_in_CALR	3	CAMKK2	calcium/calmodulin dependent protein kinase kinase 2	Homo sapiens	12	12q24.31	genomic	annotated
23509	3	15	9.40936772886051	16.904609395819197	-7.495241666958687	-0.7824486042402472	-2.026354714142283	2.026354714142283	Lower_in_CALR	3	POFUT1	protein O-fucosyltransferase 1	Homo sapiens	20	20q11.21	genomic	annotated
150465	3	15	11.089156669545565	17.650574846095946	-6.561418176550381	-0.6255064909847814	-2.0198744529473065	2.0198744529473065	Lower_in_CALR	3	TTL	tubulin tyrosine ligase	Homo sapiens	2	2q14.1	genomic	annotated
134353	3	15	0.915512327743246	1.6307074339945584	-0.7151951062513124	-0.4577205019450987	-2.0146159853122776	2.0146159853122776	Lower_in_CALR	3	LSM11	LSM11, U7 small nuclear RNA associated	Homo sapiens	5	5q33.3	genomic	annotated
6715	3	15	2.0335402908600635	4.829061017888463	-2.7955207270284	-0.942261030598618	-2.0132169094691927	2.0132169094691927	Lower_in_CALR	3	SRD5A1	steroid 5 alpha-reductase 1	Homo sapiens	5	5p15.31	genomic	annotated
92806	3	15	0.7831989722428133	2.153981860969316	-1.3707828887265028	-0.8227066727882884	-1.9800016930081736	1.9800016930081736	Lower_in_CALR	2	CENPBD1P	CENPB DNA-binding domain containing 1, pseudogene	Homo sapiens	16	16q24.3	genomic	annotated
150737	3	15	1.1703277984131155	2.046823076944874	-0.8764952785317581	-0.4893927694421842	-1.9785277146821585	1.9785277146821585	Lower_in_CALR	3	IFT70B	intraflagellar transport 70B	Homo sapiens	2	2q31.2	genomic	annotated
8522	3	15	39.971716267261534	76.94728474825689	-36.97556848099536	-0.9278704410489382	-1.9661546902173608	1.9661546902173608	Lower_in_CALR	3	GAS7	growth arrest specific 7	Homo sapiens	17	17p13.1	genomic	annotated
246330	3	15	4.423988280683243	6.543740510334259	-2.119752229651016	-0.4759259897024122	-1.955935911533108	1.955935911533108	Lower_in_CALR	3	PELI3	pellino E3 ubiquitin protein ligase family member 3	Homo sapiens	11	11q13.2	genomic	annotated
100129034	3	15	30.964016304398864	48.040044231442685	-17.07602792704382	-0.6175115848117567	-1.947180819060068	1.947180819060068	Lower_in_CALR	3	LOC100129034	uncharacterized LOC100129034	Homo sapiens	9	9q33.3	genomic	annotated
79754	3	15	2.508608225432593	5.141973296319277	-2.633365070886684	-0.8078033758516017	-1.9319814909632755	1.9319814909632755	Lower_in_CALR	3	ASB13	ankyrin repeat and SOCS box containing 13	Homo sapiens	10	10p15.1	genomic	annotated
3643	3	15	11.7633918017897	21.627525589321	-9.8641337875313	-0.8260670603455704	-1.894361566456942	1.894361566456942	Lower_in_CALR	3	INSR	insulin receptor	Homo sapiens	19	19p13.2	genomic	annotated
56893	3	15	5.458469785882503	9.090310400749742	-3.6318406148672384	-0.6437062648848517	-1.8776368152504777	1.8776368152504777	Lower_in_CALR	3	UBQLN4	ubiquilin 4	Homo sapiens	1	1q22	genomic	annotated
433	3	15	2.268659609554597	6.001467857044854	-3.732808247490257	-1.0989582685466637	-1.84744627484147	1.84744627484147	Lower_in_CALR	2	ASGR2	asialoglycoprotein receptor 2	Homo sapiens	17	17p13.1	genomic	annotated
9394	3	15	4.378601230902127	7.293361570078427	-2.9147603391763006	-0.6247259600569475	-1.823140678433809	1.823140678433809	Lower_in_CALR	3	HS6ST1	heparan sulfate 6-O-sulfotransferase 1	Homo sapiens	2	2q14.3	genomic	annotated
10454	3	15	3.98322811057432	7.113231798433325	-3.1300036878590047	-0.7031960915367903	-1.8030776849864023	1.8030776849864023	Lower_in_CALR	3	TAB1	TGF-beta activated kinase 1 (MAP3K7) binding protein 1	Homo sapiens	22	22q13.1	genomic	annotated
79644	3	15	1.981749408819604	4.208513177406323	-2.22676376858672	-0.804712583205281	-1.7991725878327394	1.7991725878327394	Lower_in_CALR	3	SRD5A3	steroid 5 alpha-reductase 3	Homo sapiens	4	4q12	genomic	annotated
3684	3	15	76.02292403139906	129.91313628730106	-53.890212255902	-0.7652500711629848	-1.7847755278991055	1.7847755278991055	Lower_in_CALR	3	ITGAM	integrin subunit alpha M	Homo sapiens	16	16p11.2	genomic	annotated
4967	3	15	30.9041872746022	49.49535470297853	-18.591167428376327	-0.6624048905406346	-1.784408571040403	1.784408571040403	Lower_in_CALR	3	OGDH	oxoglutarate dehydrogenase	Homo sapiens	7	7p13	genomic	annotated
123041	3	15	11.983415662849966	29.36840004016982	-17.384984377319853	-1.2259009261768088	-1.781440147189142	1.781440147189142	Lower_in_CALR	3	SLC24A4	solute carrier family 24 member 4	Homo sapiens	14	14q32.12	genomic	annotated
64757	3	15	7.186399174102784	16.246356231239954	-9.059957057137169	-1.0749906645903144	-1.761545850186799	1.761545850186799	Lower_in_CALR	3	MTARC1	mitochondrial amidoxime reducing component 1	Homo sapiens	1	1q41	genomic	annotated
412	3	15	5.586385387069494	12.13125403995266	-6.544868652883166	-0.9954458652860324	-1.7502385981877198	1.7502385981877198	Lower_in_CALR	3	STS	steroid sulfatase	Homo sapiens	X	Xp22.31	genomic	annotated
414	3	15	6.794690101820084	16.400344593479115	-9.605654491659031	-1.1585523061634049	-1.7223593491726148	1.7223593491726148	Lower_in_CALR	3	ARSD	arylsulfatase D	Homo sapiens	X	Xp22.33	genomic	annotated
91752	3	15	1.074716812765035	2.593703130047872	-1.518986317282837	-0.7925568049890097	-1.722089688605746	1.722089688605746	Lower_in_CALR	2	ZNF804A	zinc finger protein 804A	Homo sapiens	2	2q32.1	genomic	annotated
9777	3	15	22.83779077021917	31.74631852171098	-8.90852775149181	-0.4580821854986414	-1.7147707993064196	1.7147707993064196	Lower_in_CALR	3	TM9SF4	transmembrane 9 superfamily member 4	Homo sapiens	20	20q11.21	genomic	annotated
5818	3	15	0.914000335514454	1.8080367853708208	-0.8940364498563672	-0.5529707523959818	-1.7132772699620284	1.7132772699620284	Lower_in_CALR	3	NECTIN1	nectin cell adhesion molecule 1	Homo sapiens	11	11q23.3	genomic	annotated
100506356	3	15	1.452883426856925	3.910688313015071	-2.4578048861581463	-1.0014465844140457	-1.7076226672585062	1.7076226672585062	Lower_in_CALR	2	ARSD-AS1	ARSD antisense RNA 1	Homo sapiens	X	Xp22.33	genomic	annotated
55666	3	15	42.80427043727099	51.45494619487765	-8.650675757606656	-0.260007293257833	-1.6886341300340235	1.6886341300340235	Lower_in_CALR	3	NPLOC4	NPL4 homolog, ubiquitin recognition factor	Homo sapiens	17	17q25.3	genomic	annotated
8879	3	15	16.855670208245133	24.593589311999363	-7.73791910375423	-0.5194002027490665	-1.6859659039293575	1.6859659039293575	Lower_in_CALR	3	SGPL1	sphingosine-1-phosphate lyase 1	Homo sapiens	10	10q22.1	genomic	annotated
9690	3	15	37.71345216471593	49.32718218125367	-11.613730016537737	-0.3785028619108921	-1.684318967699311	1.684318967699311	Lower_in_CALR	3	UBE3C	ubiquitin protein ligase E3C	Homo sapiens	7	7q36.3	genomic	annotated
1994	3	15	19.796651427375068	24.46262390928949	-4.665972481914423	-0.2920298442866631	-1.681029490617282	1.681029490617282	Lower_in_CALR	3	ELAVL1	ELAV like RNA binding protein 1	Homo sapiens	19	19p13.2	genomic	annotated
25939	3	15	99.17348579704954	204.3630566672452	-105.1895708701956	-1.0356759721288613	-1.675996633578513	1.675996633578513	Lower_in_CALR	3	SAMHD1	SAM and HD domain containing deoxynucleoside triphosphate triphosphohydrolase 1	Homo sapiens	20	20q11.23	genomic	annotated
6038	3	15	1.529365096751418	4.90126878962588	-3.3719036928744623	-1.2222498760668172	-1.6707302007628235	1.6707302007628235	Lower_in_CALR	2	RNASE4	ribonuclease A family member 4	Homo sapiens	14	14q11.2	genomic	annotated
51744	3	15	16.575172793428198	32.40875619001786	-15.833583396589663	-0.926687398570742	-1.6631187155418998	1.6631187155418998	Lower_in_CALR	3	CD244	CD244 molecule	Homo sapiens	1	1q23.3	genomic	annotated
2590	3	15	15.7067192657002	22.061788249873505	-6.355068984173304	-0.4650759302364946	-1.653375754011731	1.653375754011731	Lower_in_CALR	3	GALNT2	polypeptide N-acetylgalactosaminyltransferase 2	Homo sapiens	1	1q42.13	genomic	annotated
56894	3	15	26.901982494238364	38.00784975440386	-11.105867260165493	-0.4833968420900563	-1.6422001927385357	1.6422001927385357	Lower_in_CALR	3	AGPAT3	1-acylglycerol-3-phosphate O-acyltransferase 3	Homo sapiens	21	21q22.3	genomic	annotated
286101	3	15	3.91481334686713	8.929567426940974	-5.014754080073844	-1.0145942419369685	-1.6363063851796191	1.6363063851796191	Lower_in_CALR	3	ZNF252P	zinc finger protein 252, pseudogene	Homo sapiens	8	8q24.3	genomic	annotated
100270710	3	15	0.557969225073805	1.476495523420212	-0.918526298346407	-0.6686332773279506	-1.6249393551630649	1.6249393551630649	Lower_in_CALR	2	LOC100270710	uncharacterized LOC100270710	Homo sapiens	10	10q24.2	genomic	annotated
643680	3	15	2.55227833474483	7.533312177255481	-4.981033842510652	-1.264361200764834	-1.619416107088837	1.619416107088837	Lower_in_CALR	3	MS4A4E	membrane spanning 4-domains A4E	Homo sapiens	11	11q12.2	genomic	annotated
9375	3	15	44.97507040074564	62.92150184201032	-17.946431441264686	-0.475449521116607	-1.6191201455378026	1.6191201455378026	Lower_in_CALR	3	TM9SF2	transmembrane 9 superfamily member 2	Homo sapiens	13	13q32.3	genomic	annotated
79762	3	15	0.6910100956100359	1.633745991738875	-0.9427358961288392	-0.639230940525198	-1.6174788455562497	1.6174788455562497	Lower_in_CALR	2	C1orf115	chromosome 1 open reading frame 115	Homo sapiens	1	1q41	genomic	annotated
84078	3	15	2.87588022081351	5.436914693202699	-2.5610344723891885	-0.7318453625304924	-1.6116077655816257	1.6116077655816257	Lower_in_CALR	3	KBTBD7	kelch repeat and BTB domain containing 7	Homo sapiens	13	13q14.11	genomic	annotated
219972	3	15	249.9988210868756	540.8950667531568	-290.8962456662812	-1.110332925313366	-1.6086086920200169	1.6086086920200169	Lower_in_CALR	3	MPEG1	macrophage expressed 1	Homo sapiens	11	11q12.1	genomic	annotated
23158	3	15	13.588383189304702	39.53596524830065	-25.94758205899595	-1.474382496959962	-1.6008237872525384	1.6008237872525384	Lower_in_CALR	3	TBC1D9	TBC1 domain family member 9	Homo sapiens	4	4q31.21	genomic	annotated
57630	3	15	2.2672762425838533	4.219082333099461	-1.951806090515608	-0.6757077239101714	-1.598528022120029	1.598528022120029	Lower_in_CALR	3	SH3RF1	SH3 domain containing ring finger 1	Homo sapiens	4	4q32.3-q33	genomic	annotated
91860	3	15	17.289648059714366	24.68840254359593	-7.3987544838815715	-0.4900898635824244	-1.5982464586883025	1.5982464586883025	Lower_in_CALR	3	CALML4	calmodulin like 4	Homo sapiens	15	15q23	genomic	annotated
93589	3	15	2.704114026727803	5.23178288526464	-2.527668858536837	-0.7505164599882024	-1.5940480392036955	1.5940480392036955	Lower_in_CALR	3	CACNA2D4	calcium voltage-gated channel auxiliary subunit alpha2delta 4	Homo sapiens	12	12p13.33	genomic	annotated
84826	3	15	7.54286757469843	10.72012316577182	-3.17725559107339	-0.4561954069322325	-1.5912508179134337	1.5912508179134337	Lower_in_CALR	3	SFT2D3	SFT2 domain containing 3	Homo sapiens	2	2q14.3	genomic	annotated
55334	3	15	24.644075708544403	32.60179091728853	-7.95771520874413	-0.3899125551210272	-1.586504380247217	1.586504380247217	Lower_in_CALR	3	SLC39A9	solute carrier family 39 member 9	Homo sapiens	14	14q24.1	genomic	annotated
1161	3	15	3.0416807936035664	4.653829832635174	-1.6121490390316078	-0.4842730778522388	-1.5831869608412146	1.5831869608412146	Lower_in_CALR	3	ERCC8	ERCC excision repair 8, CSA ubiquitin ligase complex subunit	Homo sapiens	5	5q12.1	genomic	annotated
1639	3	15	36.723986701062366	50.7201874152963	-13.996200714233936	-0.4552453537291061	-1.5768359773162846	1.5768359773162846	Lower_in_CALR	3	DCTN1	dynactin subunit 1	Homo sapiens	2	2p13.1	genomic	annotated
340526	3	15	0.6540469027641848	2.2921529619896206	-1.6381060592254355	-0.9930312239988732	-1.5759045437677046	1.5759045437677046	Lower_in_CALR	2	RTL5	retrotransposon Gag like 5	Homo sapiens	X	Xq13.1	genomic	annotated
55902	3	15	10.984411187677653	17.10292758758941	-6.118516399911757	-0.5950639984647399	-1.575833255647244	1.575833255647244	Lower_in_CALR	3	ACSS2	acyl-CoA synthetase short chain family member 2	Homo sapiens	20	20q11.22	genomic	annotated
162073	3	15	8.310414127552578	15.610499981715298	-7.30008585416272	-0.835178254115891	-1.575560734877777	1.575560734877777	Lower_in_CALR	3	ITPRIPL2	ITPRIP like 2	Homo sapiens	16	16p12.3	genomic	annotated
23192	3	15	13.230631288565249	16.657072755917216	-3.426441467351969	-0.3112465253312066	-1.574810780899561	1.574810780899561	Lower_in_CALR	3	ATG4B	autophagy related 4B cysteine peptidase	Homo sapiens	2	2q37.3	genomic	annotated
25828	3	15	6.935331186501326	10.714926328875986	-3.77959514237466	-0.5619855403201615	-1.5714253516730223	1.5714253516730223	Lower_in_CALR	3	TXN2	thioredoxin 2	Homo sapiens	22	22q12.3	genomic	annotated
644714	3	15	7.99373788632533	11.515488068271026	-3.521750181945696	-0.4767218093078331	-1.5647820870177258	1.5647820870177258	Lower_in_CALR	3	LIMD1-AS1	LIMD1 antisense RNA 1	Homo sapiens	3	3p21.31	genomic	annotated
5271	3	15	13.82671272332827	20.977481714708816	-7.150768991380545	-0.5678273160043874	-1.5646993726393927	1.5646993726393927	Lower_in_CALR	3	SERPINB8	serpin family B member 8	Homo sapiens	18	18q22.1	genomic	annotated
2857	3	15	1.4829211414564298	4.991756706448245	-3.5088355649918155	-1.2709406030848394	-1.5637768502973457	1.5637768502973457	Lower_in_CALR	3	GPR34	G protein-coupled receptor 34	Homo sapiens	X	Xp11.4	genomic	annotated
121456	3	15	4.202056954505189	8.903510011800957	-4.701453057295768	-0.928857742572354	-1.5617410127550595	1.5617410127550595	Lower_in_CALR	3	SLC9A7P1	solute carrier family 9 member 7 pseudogene 1	Homo sapiens	12	12q23.1	genomic	annotated
114885	3	15	27.21716096731937	42.16428827456168	-14.947127307242315	-0.6132653600746911	-1.5616404962381758	1.5616404962381758	Lower_in_CALR	3	OSBPL11	oxysterol binding protein like 11	Homo sapiens	3	3q21.2	genomic	annotated
100506327	3	15	1.2043208733423043	2.619658384804625	-1.4153375114623203	-0.7155192994302366	-1.5607570456279598	1.5607570456279598	Lower_in_CALR	2	LOC100506327	uncharacterized LOC100506327	Homo sapiens	1		genomic	annotated
29789	3	15	16.035588826511102	20.55287606502089	-4.517287238509788	-0.339328584362172	-1.5572922879588351	1.5572922879588351	Lower_in_CALR	3	OLA1	Obg like ATPase 1	Homo sapiens	2	2q31.1	genomic	annotated
139065	3	15	1.4146014180999191	4.807464326780746	-3.392862908680826	-1.266123326224023	-1.5571119798289967	1.5571119798289967	Lower_in_CALR	3	SLITRK4	SLIT and NTRK like family member 4	Homo sapiens	X	Xq27.3	genomic	annotated
1612	3	15	20.314054533811063	37.955729923353566	-17.641675389542502	-0.8700304866525377	-1.5552935342807857	1.5552935342807857	Lower_in_CALR	3	DAPK1	death associated protein kinase 1	Homo sapiens	9	9q21.33	genomic	annotated
115	3	15	6.132230193234371	10.82326631069944	-4.691036117465069	-0.7292034794479312	-1.5521829414720103	1.5521829414720103	Lower_in_CALR	3	ADCY9	adenylate cyclase 9	Homo sapiens	16	16p13.3	genomic	annotated
23191	3	15	23.25667868890637	43.025169072478846	-19.76849038357248	-0.859946519512218	-1.5496860207318324	1.5496860207318324	Lower_in_CALR	3	CYFIP1	cytoplasmic FMR1 interacting protein 1	Homo sapiens	15	15q11.2	genomic	annotated
84986	3	15	21.522622856905368	28.17281477165892	-6.650191914753549	-0.3732497477136691	-1.548750280505221	1.548750280505221	Lower_in_CALR	3	ARHGAP19	Rho GTPase activating protein 19	Homo sapiens	10	10q24.1	genomic	annotated
909	3	15	0.7383081829863759	1.562880633712004	-0.8245724507256281	-0.5600824077591341	-1.5481557366493195	1.5481557366493195	Lower_in_CALR	2	CD1A	CD1a molecule	Homo sapiens	1	1q23.1	genomic	annotated
9826	3	15	13.318877053651926	22.822067008482406	-9.50318995483048	-0.734380244480362	-1.5472822836743152	1.5472822836743152	Lower_in_CALR	3	ARHGEF11	Rho guanine nucleotide exchange factor 11	Homo sapiens	1	1q23.1	genomic	annotated
4610	3	15	6.756231625901584	15.595409150484382	-8.839177524582798	-1.0973564059977927	-1.5431954104962249	1.5431954104962249	Lower_in_CALR	3	MYCL	MYCL proto-oncogene, bHLH transcription factor	Homo sapiens	1	1p34.2	genomic	annotated
57107	3	15	3.70336598870624	5.571494271961653	-1.868128283255413	-0.4825278591204283	-1.540801534935077	1.540801534935077	Lower_in_CALR	3	PDSS2	decaprenyl diphosphate synthase subunit 2	Homo sapiens	6	6q21	genomic	annotated
55	3	15	8.813021454679024	17.923560170011378	-9.110538715332352	-0.9474142150866318	-1.539105183042362	1.539105183042362	Lower_in_CALR	3	ACP3	acid phosphatase 3	Homo sapiens	3	3q22.1	genomic	annotated
5817	3	15	3.5963514310913465	8.087970973297212	-4.491619542205866	-0.9834691181260165	-1.5387453838628415	1.5387453838628415	Lower_in_CALR	3	PVR	PVR cell adhesion molecule	Homo sapiens	19	19q13.31	genomic	annotated
7249	3	15	9.895546081497834	14.518688106526978	-4.623142025029145	-0.5102680967779456	-1.533681263923698	1.533681263923698	Lower_in_CALR	3	TSC2	TSC complex subunit 2	Homo sapiens	16	16p13.3	genomic	annotated
81570	3	15	5.872539591690097	8.872086995095499	-2.999547403405402	-0.5225117949868627	-1.5333866765090447	1.5333866765090447	Lower_in_CALR	3	CLPB	ClpB family mitochondrial disaggregase	Homo sapiens	11	11q13.4	genomic	annotated
136895	3	15	2.573139291910953	4.0414082521443815	-1.4682689602334285	-0.4966346325189195	-1.533159190293213	1.533159190293213	Lower_in_CALR	3	SPMIP4	sperm microtubule inner protein 4	Homo sapiens	7	7p15.3	genomic	annotated
8907	3	15	15.904021259467498	23.06534099142465	-7.161319731957157	-0.5095903787669149	-1.5323787581133346	1.5323787581133346	Lower_in_CALR	3	AP1M1	adaptor related protein complex 1 subunit mu 1	Homo sapiens	19	19p13.11	genomic	annotated
11138	3	15	18.168290060154856	30.67570076454156	-12.507410704386704	-0.7246548919122038	-1.531057219188899	1.531057219188899	Lower_in_CALR	3	TBC1D8	TBC1 domain family member 8	Homo sapiens	2	2q11.2	genomic	annotated
5780	3	15	9.02974098086828	15.233373593259763	-6.203632612391484	-0.694678500899975	-1.5269985602593616	1.5269985602593616	Lower_in_CALR	3	PTPN9	protein tyrosine phosphatase non-receptor type 9	Homo sapiens	15	15q24.2	genomic	annotated
2629	3	15	8.027248480864786	11.119040610895295	-3.091792130030509	-0.4249172699660901	-1.5254009112065006	1.5254009112065006	Lower_in_CALR	3	GBA1	glucosylceramidase beta 1	Homo sapiens	1	1q22	genomic	annotated
57645	3	15	29.39666034458	38.87101211476941	-9.474351770189417	-0.3914274035311171	-1.525317889905188	1.525317889905188	Lower_in_CALR	3	POGK	pogo transposable element derived with KRAB domain	Homo sapiens	1	1q24.1	genomic	annotated
23236	3	15	7.914568734492604	17.902178867769052	-9.987610133276448	-1.084315634011444	-1.5249122805859068	1.5249122805859068	Lower_in_CALR	3	PLCB1	phospholipase C beta 1	Homo sapiens	20	20p12.3	genomic	annotated
55869	3	15	5.49729014978266	8.620510287452701	-3.123220137670041	-0.5662752857860629	-1.5248400372073474	1.5248400372073474	Lower_in_CALR	3	HDAC8	histone deacetylase 8	Homo sapiens	X	Xq13.1	genomic	annotated
57623	3	15	9.4294219189876	13.349526545211097	-3.920104626223495	-0.4603439422421433	-1.5244347679767782	1.5244347679767782	Lower_in_CALR	3	ZFAT	zinc finger and AT-hook domain containing	Homo sapiens	8	8q24.22	genomic	annotated
79047	3	15	3.539463760780244	6.995846390767382	-3.456382629987139	-0.8167288721065327	-1.5213004833857409	1.5213004833857409	Lower_in_CALR	3	KCTD15	potassium channel tetramerization domain containing 15	Homo sapiens	19	19q13.11	genomic	annotated
203259	3	15	2.34985773972194	3.98523373647144	-1.6353759967494996	-0.5735613189264659	-1.5209028490686938	1.5209028490686938	Lower_in_CALR	3	FAM219A	family with sequence similarity 219 member A	Homo sapiens	9	9p13.3	genomic	annotated
206358	3	15	6.474979191616566	11.646332691568354	-5.171353499951787	-0.7585776102709274	-1.5191716947607656	1.5191716947607656	Lower_in_CALR	3	SLC36A1	solute carrier family 36 member 1	Homo sapiens	5	5q33.1	genomic	annotated
7694	3	15	0.5667636462969047	1.6125016163029144	-1.0457379700060097	-0.737644370903359	-1.5180436572800176	1.5180436572800176	Lower_in_CALR	2	ZNF135	zinc finger protein 135	Homo sapiens	19	19q13.43	genomic	annotated
91050	3	15	3.944081285217297	8.1520578184657	-4.207976533248402	-0.8883937037617033	-1.515780759294859	1.515780759294859	Lower_in_CALR	3	CCDC149	coiled-coil domain containing 149	Homo sapiens	4	4p15.2	genomic	annotated
5330	3	15	78.39269556406754	107.1936865343238	-28.80099097025625	-0.446538130463713	-1.515589610269395	1.515589610269395	Lower_in_CALR	3	PLCB2	phospholipase C beta 2	Homo sapiens	15	15q15.1	genomic	annotated
100506603	3	15	2.793434937835863	4.960630414206907	-2.167195476371044	-0.6519601286189836	-1.5155888730947924	1.5155888730947924	Lower_in_CALR	3	VASH1-AS1	VASH1 antisense RNA 1	Homo sapiens	14	14q24.3	genomic	annotated
79415	3	15	14.808437908846466	23.15392658929796	-8.345488680451487	-0.6115629235965243	-1.5126591511025549	1.5126591511025549	Lower_in_CALR	3	CYBC1	cytochrome b-245 chaperone 1	Homo sapiens	17	17q25.3	genomic	annotated
23139	3	15	4.272754574094294	6.147104147856518	-1.874349573762224	-0.4388019649071615	-1.5093041020956584	1.5093041020956584	Lower_in_CALR	3	MAST2	microtubule associated serine/threonine kinase 2	Homo sapiens	1	1p34.1	genomic	annotated
140707	3	15	2.5625150933083667	4.842394393312946	-2.27987930000458	-0.7136636247513601	-1.5042768904128736	1.5042768904128736	Lower_in_CALR	3	BRI3BP	BRI3 binding protein	Homo sapiens	12	12q24.31	genomic	annotated
9812	3	15	13.390983869621689	20.008576666707707	-6.61759279708602	-0.5458131942752646	-1.501073649583936	1.501073649583936	Lower_in_CALR	3	DELE1	DAP3 binding cell death enhancer 1	Homo sapiens	5	5q31.3	genomic	annotated
57552	3	15	5.915443941177997	10.055578963609312	-4.140135022431315	-0.6768808046884707	-1.4992175745296783	1.4992175745296783	Lower_in_CALR	3	NCEH1	neutral cholesterol ester hydrolase 1	Homo sapiens	3	3q26.31	genomic	annotated
1436	3	15	39.84680099501197	83.79155242354516	-43.94475142853319	-1.053697444711351	-1.4964821134291053	1.4964821134291053	Lower_in_CALR	3	CSF1R	colony stimulating factor 1 receptor	Homo sapiens	5	5q32	genomic	annotated
4802	3	15	17.37470667645577	21.32361691721644	-3.948910240760672	-0.2808495746955604	-1.4930458467453394	1.4930458467453394	Lower_in_CALR	3	NFYC	nuclear transcription factor Y subunit gamma	Homo sapiens	1	1p34.2	genomic	annotated
124599	3	15	11.587448589978068	20.569161922888213	-8.981713332910147	-0.7769842352343646	-1.4926323432124944	1.4926323432124944	Lower_in_CALR	3	CD300LB	CD300 molecule like family member b	Homo sapiens	17	17q25.1	genomic	annotated
115207	3	15	76.45009022725047	147.9176672189697	-71.46757699171924	-0.9431760969701052	-1.4883102340438994	1.4883102340438994	Lower_in_CALR	3	KCTD12	potassium channel tetramerization domain containing 12	Homo sapiens	13	13q22.3	genomic	annotated
9145	3	15	1.3854138191567775	3.2723881285731418	-1.886974309416364	-0.8408031505763334	-1.484767447305866	1.484767447305866	Lower_in_CALR	3	SYNGR1	synaptogyrin 1	Homo sapiens	22	22q13.1	genomic	annotated
55785	3	15	7.448698926390783	15.01391433864145	-7.565215412250668	-0.9225249010742173	-1.483412718340182	1.483412718340182	Lower_in_CALR	3	FGD6	FYVE, RhoGEF and PH domain containing 6	Homo sapiens	12	12q22	genomic	annotated
100132111	3	15	0.570309276741488	2.067596811937224	-1.4972875351957358	-0.9660601455273636	-1.4824201317208932	1.4824201317208932	Lower_in_CALR	2	C2CD4D-AS1	C2CD4D and THEM5 antisense RNA 1	Homo sapiens	1	1q21.3	genomic	annotated
5338	3	15	4.49652418736294	6.850129745947807	-2.3536055585848663	-0.5141969025773894	-1.4795292031437783	1.4795292031437783	Lower_in_CALR	3	PLD2	phospholipase D2	Homo sapiens	17	17p13.2	genomic	annotated
7568	3	15	1.4454236098924154	2.0412399542734025	-0.5958163443809872	-0.3145752512148028	-1.4779124514364592	1.4779124514364592	Lower_in_CALR	3	ZNF20	zinc finger protein 20	Homo sapiens	19	19p13.2	genomic	annotated
147657	3	15	7.184419402427934	12.783106594968228	-5.598687192540294	-0.7519491143198618	-1.477195890101353	1.477195890101353	Lower_in_CALR	3	ZNF480	zinc finger protein 480	Homo sapiens	19	19q13.41	genomic	annotated
23385	3	15	26.087363250476603	35.31083576673362	-9.223472516257017	-0.4227801720947726	-1.472489367136956	1.472489367136956	Lower_in_CALR	3	NCSTN	nicastrin	Homo sapiens	1	1q23.2	genomic	annotated
10783	3	15	10.898996874187118	19.05044328474456	-8.151446410557439	-0.7527941782492946	-1.4701743941261396	1.4701743941261396	Lower_in_CALR	3	NEK6	NIMA related kinase 6	Homo sapiens	9	9q33.3	genomic	annotated
100506585	3	15	1.1924633020643578	2.3912253985876206	-1.1987620965232628	-0.6292539818893046	-1.4699660803936556	1.4699660803936556	Lower_in_CALR	3	PTPRN2-AS1	PTPRN2 antisense RNA 1	Homo sapiens	7	7q36.3	genomic	annotated
118	3	15	56.13972522863266	72.7133698827088	-16.57364465407614	-0.3674322155070273	-1.4642781900322552	1.4642781900322552	Lower_in_CALR	3	ADD1	adducin 1	Homo sapiens	4	4p16.3	genomic	annotated
2630	3	15	3.467829828085343	5.029057680396122	-1.5612278523107794	-0.4323582946936493	-1.4608612407494814	1.4608612407494814	Lower_in_CALR	3	GBA1LP	glucosylceramidase beta 1 like, pseudogene	Homo sapiens	1	1q22	genomic	annotated
7410	3	15	6.608070833077446	11.728172059518664	-5.120101226441219	-0.7424226600430726	-1.4577678837850674	1.4577678837850674	Lower_in_CALR	3	VAV2	vav guanine nucleotide exchange factor 2	Homo sapiens	9	9q34.2	genomic	annotated
51651	3	15	2.46054345742319	3.94047286289853	-1.4799294054753402	-0.5136505095652013	-1.4573533248954995	1.4573533248954995	Lower_in_CALR	3	PTRH2	peptidyl-tRNA hydrolase 2	Homo sapiens	17	17q23.1	genomic	annotated
125919	3	15	2.69481374786514	4.348271043315918	-1.6534572954507785	-0.5335709398789237	-1.454807797068265	1.454807797068265	Lower_in_CALR	3	ZNF543	zinc finger protein 543	Homo sapiens	19	19q13.43	genomic	annotated
3636	3	15	34.25772000532093	46.51744585203217	-12.25972584671124	-0.4305181071946542	-1.4533617473322504	1.4533617473322504	Lower_in_CALR	3	INPPL1	inositol polyphosphate phosphatase like 1	Homo sapiens	11	11q13.4	genomic	annotated
55760	3	15	4.99534177020744	7.38628630928454	-2.3909445390771005	-0.4841900866885016	-1.4533484911301695	1.4533484911301695	Lower_in_CALR	3	DHX32	DEAH-box helicase 32 (putative)	Homo sapiens	10	10q26.2	genomic	annotated
224	3	15	10.155232777374598	16.413795943302375	-6.258563165927777	-0.6425101041399568	-1.4516469405914725	1.4516469405914725	Lower_in_CALR	3	ALDH3A2	aldehyde dehydrogenase 3 family member A2	Homo sapiens	17	17p11.2	genomic	annotated
138050	3	15	10.422326566916317	17.957776842260003	-7.5354502753436865	-0.7309332536109046	-1.4494232069102584	1.4494232069102584	Lower_in_CALR	3	HGSNAT	heparan-alpha-glucosaminide N-acetyltransferase	Homo sapiens	8	8p11.21-p11.1	genomic	annotated
1819	3	15	5.251665216681114	6.953378303124183	-1.7017130864430683	-0.3473272719194282	-1.4478008413329173	1.4478008413329173	Lower_in_CALR	3	DRG2	developmentally regulated GTP binding protein 2	Homo sapiens	17	17p11.2	genomic	annotated
160335	3	15	7.579375680829373	14.748762692430525	-7.169387011601152	-0.8762939151017846	-1.4439569794312308	1.4439569794312308	Lower_in_CALR	3	TMTC2	transmembrane O-mannosyltransferase targeting cadherins 2	Homo sapiens	12	12q21.31	genomic	annotated
79068	3	15	20.3178348475732	27.32422004351304	-7.006385195939838	-0.4099753117106344	-1.4438379578743457	1.4438379578743457	Lower_in_CALR	3	FTO	FTO alpha-ketoglutarate dependent dioxygenase	Homo sapiens	16	16q12.2	genomic	annotated
100507238	3	15	9.518676747684706	14.03721174197674	-4.5185349942920325	-0.5155838570858653	-1.4429850062406595	1.4429850062406595	Lower_in_CALR	3	LOC100507238	hypothetical LOC100507238	Homo sapiens	2		genomic	annotated
170591	3	15	1.4307194421270866	3.482106814802834	-2.0513873726757472	-0.8827936460749601	-1.4407895714029952	1.4407895714029952	Lower_in_CALR	3	S100Z	S100 calcium binding protein Z	Homo sapiens	5	5q13.3	genomic	annotated
4144	3	15	39.5574770504961	58.11892374750264	-18.561446697006545	-0.543652095904152	-1.4387378622480378	1.4387378622480378	Lower_in_CALR	3	MAT2A	methionine adenosyltransferase 2A	Homo sapiens	2	2p11.2	genomic	annotated
23235	3	15	6.844310210675601	13.22162580427966	-6.377315593604059	-0.8583679075543786	-1.4364573368785334	1.4364573368785334	Lower_in_CALR	3	SIK2	salt inducible kinase 2	Homo sapiens	11	11q23.1	genomic	annotated
57460	3	15	1.4388951688000131	3.563861023507514	-2.1249658547075008	-0.9040271120367211	-1.434229110118138	1.434229110118138	Lower_in_CALR	3	PPM1H	protein phosphatase, Mg2+/Mn2+ dependent 1H	Homo sapiens	12	12q14.1-q14.2	genomic	annotated
126075	3	15	4.63793596910222	5.891246434806077	-1.2533104657038576	-0.2895978568427204	-1.433653759650489	1.433653759650489	Lower_in_CALR	3	CCDC159	coiled-coil domain containing 159	Homo sapiens	19	19p13.2	genomic	annotated
84102	3	15	1.3278682886982367	2.4811828975338925	-1.1533146088356558	-0.5805681811175951	-1.4311008860937846	1.4311008860937846	Lower_in_CALR	3	SLC41A2	solute carrier family 41 member 2	Homo sapiens	12	12q23.3	genomic	annotated
28232	3	15	27.53680180161104	34.844149625270205	-7.307347823659171	-0.3289140087330304	-1.4279177753025312	1.4279177753025312	Lower_in_CALR	3	SLCO3A1	solute carrier organic anion transporter family member 3A1	Homo sapiens	15	15q26.1	genomic	annotated
5550	3	15	6.995145792706826	13.68062000513067	-6.685474212423844	-0.8767166518376919	-1.4265861167013585	1.4265861167013585	Lower_in_CALR	3	PREP	prolyl endopeptidase	Homo sapiens	6	6q21	genomic	annotated
10239	3	15	14.8622711054089	19.650015519311363	-4.787744413902463	-0.3805435199445579	-1.4228480034577564	1.4228480034577564	Lower_in_CALR	3	AP3S2	adaptor related protein complex 3 subunit sigma 2	Homo sapiens	15	15q26.1	genomic	annotated
2319	3	15	27.59141236332517	37.53937910976678	-9.947966746441612	-0.4307514410058246	-1.418094047184538	1.418094047184538	Lower_in_CALR	3	FLOT2	flotillin 2	Homo sapiens	17	17q11.2	genomic	annotated
3030	3	15	58.09197890539313	89.22834580853656	-31.13636690314344	-0.6106184230053406	-1.4175669575769765	1.4175669575769765	Lower_in_CALR	3	HADHA	hydroxyacyl-CoA dehydrogenase trifunctional multienzyme complex subunit alpha	Homo sapiens	2	2p23.3	genomic	annotated
25813	3	15	7.613054066224147	10.942568923596628	-3.329514857372481	-0.4715164104393654	-1.4173486137943792	1.4173486137943792	Lower_in_CALR	3	SAMM50	SAMM50 sorting and assembly machinery component	Homo sapiens	22	22q13.31	genomic	annotated
126231	3	15	2.05689957007178	4.322800859881311	-2.265901289809531	-0.8001164368344305	-1.4172906934776348	1.4172906934776348	Lower_in_CALR	3	ZNF573	zinc finger protein 573	Homo sapiens	19	19q13.12	genomic	annotated
22849	3	15	5.032787443443026	8.253886436105331	-3.221098992662305	-0.6172346422443598	-1.41683366301098	1.41683366301098	Lower_in_CALR	3	CPEB3	cytoplasmic polyadenylation element binding protein 3	Homo sapiens	10	10q23.32	genomic	annotated
4064	3	15	8.115854403073127	18.610498535216283	-10.494644132143156	-1.1051764245658902	-1.4159324750829654	1.4159324750829654	Lower_in_CALR	3	CD180	CD180 molecule	Homo sapiens	5	5q12.3	genomic	annotated
7157	3	15	4.985460874988087	11.180203871393523	-6.194742996405438	-1.0250040384231638	-1.4151634595314182	1.4151634595314182	Lower_in_CALR	3	TP53	tumor protein p53	Homo sapiens	17	17p13.1	genomic	annotated
84247	3	15	6.419528754817134	9.78246251459736	-3.362933759780227	-0.5392872372329851	-1.4142680165062764	1.4142680165062764	Lower_in_CALR	3	RTL6	retrotransposon Gag like 6	Homo sapiens	22	22q13.31	genomic	annotated
440465	3	15	5.147898309132533	10.883659197604702	-5.735760888472169	-0.9508139298525328	-1.414013411123446	1.414013411123446	Lower_in_CALR	3	BAIAP2-DT	BAIAP2 divergent transcript	Homo sapiens	17	17q25.3	genomic	annotated
80724	3	15	6.9980304673876965	11.171662625653118	-4.173632158265422	-0.6058095688564298	-1.412280757296045	1.412280757296045	Lower_in_CALR	3	ACAD10	acyl-CoA dehydrogenase family member 10	Homo sapiens	12	12q24.12	genomic	annotated
122402	3	15	1.089060013357418	4.0709281936151935	-2.981868180257776	-1.2793959074632573	-1.4120288511425805	1.4120288511425805	Lower_in_CALR	2	TDRD9	tudor domain containing 9	Homo sapiens	14	14q32.33	genomic	annotated
4257	3	15	3.8919100751790463	6.588547999960917	-2.6966379247818706	-0.6334259814180063	-1.4108352499149237	1.4108352499149237	Lower_in_CALR	3	MGST1	microsomal glutathione S-transferase 1	Homo sapiens	12	12p12.3	genomic	annotated
83742	3	15	1.2411605447588785	2.9471260714656484	-1.7059655267067702	-0.8165566002318352	-1.4065710959701978	1.4065710959701978	Lower_in_CALR	3	MARVELD1	MARVEL domain containing 1	Homo sapiens	10	10q24.2	genomic	annotated
91647	3	15	6.82516711478707	8.720846536868233	-1.8956794220811632	-0.3129603932814255	-1.4017764790941605	1.4017764790941605	Lower_in_CALR	3	ATPAF2	ATP synthase mitochondrial F1 complex assembly factor 2	Homo sapiens	17	17p11.2	genomic	annotated
84765	3	15	4.241013699160853	7.319691164673878	-3.0786774655130245	-0.6666840951136157	-1.3996102825718415	1.3996102825718415	Lower_in_CALR	3	ZNF577	zinc finger protein 577	Homo sapiens	19	19q13.41	genomic	annotated
1545	3	15	16.78674495993074	50.46614816245392	-33.679403202523176	-1.532821295940387	-1.398619554006827	1.398619554006827	Lower_in_CALR	3	CYP1B1	cytochrome P450 family 1 subfamily B member 1	Homo sapiens	2	2p22.2	genomic	annotated
390561	3	15	1.071128000298198	2.208864408020747	-1.1377364077225491	-0.6316461111301297	-1.3947984564849334	1.3947984564849334	Lower_in_CALR	2	HERC2P10	HERC2 pseudogene 10	Homo sapiens	15	15q13.2	genomic	annotated
1352	3	15	5.77740040191308	8.263232462995846	-2.4858320610827667	-0.4507837118931612	-1.393971834579422	1.393971834579422	Lower_in_CALR	3	COX10	cytochrome c oxidase assembly factor heme A:farnesyltransferase COX10	Homo sapiens	17	17p12	genomic	annotated
223	3	15	17.35426348202473	22.66659793554356	-5.312334453518822	-0.3667371108308117	-1.3923013848378736	1.3923013848378736	Lower_in_CALR	3	ALDH9A1	aldehyde dehydrogenase 9 family member A1	Homo sapiens	1	1q24.1	genomic	annotated
920	3	15	43.80552898697004	71.41884931801246	-27.613320331042424	-0.6926884822951083	-1.391715824820689	1.391715824820689	Lower_in_CALR	3	CD4	CD4 molecule	Homo sapiens	12	12p13.31	genomic	annotated
340591	3	15	4.18984259907435	5.633020100959035	-1.4431775018846853	-0.353975113628354	-1.390001330622476	1.390001330622476	Lower_in_CALR	3	CA5BP1	carbonic anhydrase 5B pseudogene 1	Homo sapiens	X	Xp22.2	genomic	annotated
197322	3	15	8.633968815174033	12.422260270198766	-3.7882914550247335	-0.4784254786194033	-1.389891096410802	1.389891096410802	Lower_in_CALR	3	ACSF3	acyl-CoA synthetase family member 3	Homo sapiens	16	16q24.3	genomic	annotated
191	3	15	6.42515120549976	10.150987914380655	-3.725836708880896	-0.5866792201056046	-1.3895131840865824	1.3895131840865824	Lower_in_CALR	3	AHCY	adenosylhomocysteinase	Homo sapiens	20	20q11.22	genomic	annotated
6745	3	15	74.37229939025123	107.8003384120373	-33.42803902178608	-0.5295767330465191	-1.389492059301851	1.389492059301851	Lower_in_CALR	3	SSR1	signal sequence receptor subunit 1	Homo sapiens	6	6p24.3	genomic	annotated
22918	3	15	86.42709941293356	166.76886875943876	-80.3417693465052	-0.9403225933804632	-1.3885779469524078	1.3885779469524078	Lower_in_CALR	3	CD93	CD93 molecule	Homo sapiens	20	20p11.21	genomic	annotated
6850	3	15	103.89595771735708	159.40359241048046	-55.50763469312338	-0.6127473697323325	-1.387009710776962	1.387009710776962	Lower_in_CALR	3	SYK	spleen associated tyrosine kinase	Homo sapiens	9	9q22.2	genomic	annotated
140710	3	15	3.752788738224067	7.950663168495148	-4.1978744302710815	-0.9132203026718996	-1.3830855519421168	1.3830855519421168	Lower_in_CALR	3	MTCL2	microtubule crosslinking factor 2	Homo sapiens	20	20q11.23	genomic	annotated
8226	3	15	3.51133415475476	7.441643958514171	-3.9303098037594113	-0.9039698318143934	-1.382968541558517	1.382968541558517	Lower_in_CALR	3	PUDP	pseudouridine 5'-phosphatase	Homo sapiens	X	Xp22.31	genomic	annotated
8566	3	15	17.711953206020766	24.310843181809563	-6.598889975788797	-0.4357954098623349	-1.378442171223565	1.378442171223565	Lower_in_CALR	3	PDXK	pyridoxal kinase	Homo sapiens	21	21q22.3	genomic	annotated
54627	3	15	1.72721054949067	2.6878795026996274	-0.9606689532089574	-0.4353654328207801	-1.3781423189970203	1.3781423189970203	Lower_in_CALR	3	MAP10	microtubule associated protein 10	Homo sapiens	1	1q42.2	genomic	annotated
157567	3	15	2.2673301091247766	4.01508572887605	-1.7477556197512736	-0.6181621403925492	-1.3763833236354253	1.3763833236354253	Lower_in_CALR	3	ANKRD46	ankyrin repeat domain 46	Homo sapiens	8	8q22.3	genomic	annotated
4037	3	15	1.9615367146860363	3.9315219111409294	-1.969985196454893	-0.735686972142019	-1.3751650481559128	1.3751650481559128	Lower_in_CALR	3	LRP3	LDL receptor related protein 3	Homo sapiens	19	19q13.11	genomic	annotated
23596	3	15	6.07386394900677	10.703856795642984	-4.629992846636212	-0.7264136451843686	-1.3735233315223063	1.3735233315223063	Lower_in_CALR	3	OPN3	opsin 3	Homo sapiens	1	1q43	genomic	annotated
388567	3	15	1.0244643958194684	1.8661978594360968	-0.8417334636166285	-0.5015979345816541	-1.3731745578813543	1.3731745578813543	Lower_in_CALR	3	ZNF749	zinc finger protein 749	Homo sapiens	19	19q13.43	genomic	annotated
3305	3	15	2.4186461633332432	5.015654025693739	-2.597007862360496	-0.8152964879450906	-1.367074005780555	1.367074005780555	Lower_in_CALR	3	HSPA1L	heat shock protein family A (Hsp70) member 1 like	Homo sapiens	6	6p21.33	genomic	annotated
317749	3	15	6.667914841170254	9.962200840741696	-3.294285999571442	-0.5156312521238116	-1.3667897002259517	1.3667897002259517	Lower_in_CALR	3	DHRS4L2	dehydrogenase/reductase 4 like 2	Homo sapiens	14	14q11.2	genomic	annotated
81831	3	15	2.436619350202219	4.579658743681764	-2.1430393934795453	-0.699186824862613	-1.3666855879075204	1.3666855879075204	Lower_in_CALR	3	NETO2	neuropilin and tolloid like 2	Homo sapiens	16	16q12.1	genomic	annotated
10903	3	15	7.071875426268597	13.061955510411908	-5.990080084143311	-0.8008214206336821	-1.3655525610240218	1.3655525610240218	Lower_in_CALR	3	MTMR11	myotubularin related protein 11	Homo sapiens	1	1q21.2	genomic	annotated
3614	3	15	24.8574308979268	35.468915789427186	-10.611484891500384	-0.4960883681582455	-1.363817853880494	1.363817853880494	Lower_in_CALR	3	IMPDH1	inosine monophosphate dehydrogenase 1	Homo sapiens	7	7q32.1	genomic	annotated
1677	3	15	3.249184396762153	5.29534178552387	-2.0461573887617166	-0.5670987546839692	-1.3626646330099634	1.3626646330099634	Lower_in_CALR	3	DFFB	DNA fragmentation factor subunit beta	Homo sapiens	1	1p36.32	genomic	annotated
23313	3	15	21.541149886988364	41.82462566317853	-20.28347577619017	-0.9258795222497564	-1.3615461344527062	1.3615461344527062	Lower_in_CALR	3	KIAA0930	KIAA0930	Homo sapiens	22	22q13.31	genomic	annotated
85019	3	15	1.41745869910597	2.1712167884631786	-0.7537580893572084	-0.3915452630075562	-1.3610543283470562	1.3610543283470562	Lower_in_CALR	3	SLC35D4	solute carrier family 35 member D4	Homo sapiens	18	18q11.2	genomic	annotated
7011	3	15	37.8353040086403	57.210100306125824	-19.374796297485524	-0.5839007439637971	-1.3572128553107683	1.3572128553107683	Lower_in_CALR	3	TEP1	telomerase associated protein 1	Homo sapiens	14	14q11.2	genomic	annotated
54825	3	15	0.564193661150458	1.0816528420538278	-0.5174591809033698	-0.4123103477199702	-1.3546769701619743	1.3546769701619743	Lower_in_CALR	2	CDHR2	cadherin related family member 2	Homo sapiens	5	5q35.2	genomic	annotated
51063	3	15	5.64364362166845	10.84335890777634	-5.19971528610789	-0.83403171185304	-1.3538110172043534	1.3538110172043534	Lower_in_CALR	3	CALHM2	calcium homeostasis modulator family member 2	Homo sapiens	10	10q24.33	genomic	annotated
1911	3	15	34.85140276243257	50.09584125222782	-15.24443848979525	-0.5111763048299203	-1.3534837096528691	1.3534837096528691	Lower_in_CALR	3	PHC1	polyhomeotic homolog 1	Homo sapiens	12	12p13.31	genomic	annotated
116138	3	15	15.118488660418132	22.03046600085846	-6.911977340440329	-0.5148271262211317	-1.3534074156568885	1.3534074156568885	Lower_in_CALR	3	KLHDC3	kelch domain containing 3	Homo sapiens	6	6p21.1	genomic	annotated
8505	3	15	18.327484027253035	28.106087708292925	-9.77860368103989	-0.5906670871530988	-1.35278120487283	1.35278120487283	Lower_in_CALR	3	PARG	poly(ADP-ribose) glycohydrolase	Homo sapiens	10	10q11.23	genomic	annotated
11091	3	15	7.780019444204986	10.194821676680071	-2.4148022324750853	-0.3505355076896994	-1.3520670306318243	1.3520670306318243	Lower_in_CALR	3	WDR5	WD repeat domain 5	Homo sapiens	9	9q34.2	genomic	annotated
349075	3	15	0.7683585903170416	1.26181546671735	-0.4934568764003084	-0.3550703737112596	-1.352040299516844	1.352040299516844	Lower_in_CALR	3	ZNF713	zinc finger protein 713	Homo sapiens	7	7p11.2	genomic	annotated
166929	3	15	7.744323042346793	18.14362936251705	-10.399306320170258	-1.1304457656907192	-1.3509284440978735	1.3509284440978735	Lower_in_CALR	3	SGMS2	sphingomyelin synthase 2	Homo sapiens	4	4q25	genomic	annotated
11253	3	15	14.427959036985332	19.437351375290984	-5.00939233830565	-0.4056610185054152	-1.350189239999377	1.350189239999377	Lower_in_CALR	3	MAN1B1	mannosidase alpha class 1B member 1	Homo sapiens	9	9q34.3	genomic	annotated
55051	3	15	8.972827004286126	12.375006579964316	-3.402179575678192	-0.423465171772301	-1.348210340911781	1.348210340911781	Lower_in_CALR	3	NRDE2	NRDE-2, necessary for RNA interference, domain containing	Homo sapiens	14	14q32.11	genomic	annotated
286102	3	15	1.189893316917911	2.5152157779528133	-1.3253224610349024	-0.6827526613376969	-1.3466914650168853	1.3466914650168853	Lower_in_CALR	3	TMED10P1	transmembrane p24 trafficking protein 10 pseudogene 1	Homo sapiens	8	8q24.3	genomic	annotated
55238	3	15	1.2558900979865335	2.2698114536701337	-1.0139213556836	-0.5355106638407832	-1.3460983913666151	1.3460983913666151	Lower_in_CALR	2	SLC38A7	solute carrier family 38 member 7	Homo sapiens	16	16q21	genomic	annotated
23170	3	15	4.37822957921051	7.715099289477335	-3.336869710266825	-0.6963857602899517	-1.343530602517721	1.343530602517721	Lower_in_CALR	3	TTLL12	tubulin tyrosine ligase like 12	Homo sapiens	22	22q13.2	genomic	annotated
9563	3	15	13.926078947542171	21.96869687745929	-8.042617929917123	-0.6218337861314818	-1.3420723237226335	1.3420723237226335	Lower_in_CALR	3	H6PD	hexose-6-phosphate dehydrogenase/glucose 1-dehydrogenase	Homo sapiens	1	1p36.22	genomic	annotated
7204	3	15	26.961833813881068	47.55495367654452	-20.593119862663453	-0.7961595101571541	-1.3418050803664254	1.3418050803664254	Lower_in_CALR	3	TRIO	trio Rho guanine nucleotide exchange factor	Homo sapiens	5	5p15.2	genomic	annotated
27044	3	15	51.5762889600184	74.29868523153858	-22.72239627152019	-0.518212360143746	-1.3413741692180612	1.3413741692180612	Lower_in_CALR	3	SND1	staphylococcal nuclease and tudor domain containing 1	Homo sapiens	7	7q32.1	genomic	annotated
10766	3	15	8.01146403033575	13.253483576580075	-5.242019546244327	-0.6614811446958897	-1.3412930444013658	1.3412930444013658	Lower_in_CALR	3	TOB2	transducer of ERBB2, 2	Homo sapiens	22	22q13.2	genomic	annotated
2137	3	15	11.668607721143234	17.491497432591743	-5.822889711448509	-0.5456040770906783	-1.3410194542681486	1.3410194542681486	Lower_in_CALR	3	EXTL3	exostosin like glycosyltransferase 3	Homo sapiens	8	8p21.1	genomic	annotated
54802	3	15	7.5261317769297955	11.059408309747432	-3.533276532817637	-0.5001958653145291	-1.3407031381813197	1.3407031381813197	Lower_in_CALR	3	TRIT1	tRNA isopentenyltransferase 1	Homo sapiens	1	1p34.2	genomic	annotated
392	3	15	8.881105907099448	13.832936096764538	-4.95183018966509	-0.5860597750846219	-1.3399852697094357	1.3399852697094357	Lower_in_CALR	3	ARHGAP1	Rho GTPase activating protein 1	Homo sapiens	11	11p11.2	genomic	annotated
116988	3	15	6.608703307762563	9.31467939809605	-2.705976090333487	-0.4389764674549963	-1.337832341967488	1.337832341967488	Lower_in_CALR	3	AGAP3	ArfGAP with GTPase domain, ankyrin repeat and PH domain 3	Homo sapiens	7	7q36.1	genomic	annotated
22929	3	15	9.03859035603608	12.043953268279411	-3.005362912243333	-0.3778244808933877	-1.3353731190703904	1.3353731190703904	Lower_in_CALR	3	SEPHS1	selenophosphate synthetase 1	Homo sapiens	10	10p13	genomic	annotated
221955	3	15	12.685164802185682	17.752311506840723	-5.067146704655041	-0.4544556323036226	-1.334409309707428	1.334409309707428	Lower_in_CALR	3	DAGLB	diacylglycerol lipase beta	Homo sapiens	7	7p22.1	genomic	annotated
9706	3	15	14.900539167435875	22.389900621862864	-7.489361454426989	-0.5568100457073961	-1.333173373288381	1.333173373288381	Lower_in_CALR	3	ULK2	unc-51 like autophagy activating kinase 2	Homo sapiens	17	17p11.2	genomic	annotated
391634	3	15	1.0446232234121149	1.9065017148006584	-0.8618784913885436	-0.5074487472825422	-1.331555244247216	1.331555244247216	Lower_in_CALR	3	HSP90AB2P	heat shock protein 90 alpha family class B member 2, pseudogene	Homo sapiens	4	4p15.33	genomic	annotated
374655	3	15	12.715451567856215	18.44849449089452	-5.733042923038306	-0.5038563581313387	-1.3309116374579313	1.3309116374579313	Lower_in_CALR	3	ZNF710	zinc finger protein 710	Homo sapiens	15	15q26.1	genomic	annotated
4035	3	15	79.60336494851123	186.79427333619407	-107.19090838768284	-1.2202410963087251	-1.3289431263967757	1.3289431263967757	Lower_in_CALR	3	LRP1	LDL receptor related protein 1	Homo sapiens	12	12q13.3	genomic	annotated
8228	3	15	1.2549841075767547	2.398313255236712	-1.1433291476599574	-0.5917015798849663	-1.3272402837627602	1.3272402837627602	Lower_in_CALR	2	PNPLA4	patatin like domain 4, phospholipase and triacylglycerol lipase	Homo sapiens	X	Xp22.31	genomic	annotated
129303	3	15	2.744953327900093	3.882421900939802	-1.1374685730397092	-0.3826492280235649	-1.3262791231747488	1.3262791231747488	Lower_in_CALR	3	TMEM150A	transmembrane protein 150A	Homo sapiens	2	2p11.2	genomic	annotated
60491	3	15	4.748827555852267	7.037943354227784	-2.289115798375517	-0.4835586545936747	-1.323683558529982	1.323683558529982	Lower_in_CALR	3	NIF3L1	NGG1 interacting factor 3 like 1	Homo sapiens	2	2q33.1	genomic	annotated
463	3	15	9.08771018794192	20.69066714679225	-11.602956958850337	-1.1044756932566764	-1.3236125618850352	1.3236125618850352	Lower_in_CALR	3	ZFHX3	zinc finger homeobox 3	Homo sapiens	16	16q22.2-q22.3	genomic	annotated
283	3	15	0.9038174434918425	2.6279962873847613	-1.7241788438929189	-0.9302778338581372	-1.319191155745428	1.319191155745428	Lower_in_CALR	2	ANG	angiogenin	Homo sapiens	14	14q11.2	genomic	annotated
57514	3	15	14.559157270815888	24.579378319829114	-10.020221049013228	-0.7172172795607579	-1.3184363072946117	1.3184363072946117	Lower_in_CALR	3	ARHGAP31	Rho GTPase activating protein 31	Homo sapiens	3	3q13.32-q13.33	genomic	annotated
9343	3	15	40.1875363823835	51.13139766456297	-10.94386128217947	-0.3399447052055864	-1.3182709387693663	1.3182709387693663	Lower_in_CALR	3	EFTUD2	elongation factor Tu GTP binding domain containing 2	Homo sapiens	17	17q21.31	genomic	annotated
100132726	3	15	2.1921917197950465	3.067890592146779	-0.8756988723517325	-0.3497335767852203	-1.318189345926866	1.318189345926866	Lower_in_CALR	3	LOC100132726	hypothetical LOC100132726	Homo sapiens	15	15q13.2	genomic	annotated
51108	3	15	50.293783079863125	67.38463978998799	-17.09085671012486	-0.4148883320827563	-1.3178120042919903	1.3178120042919903	Lower_in_CALR	3	METTL9	methyltransferase 9, His-X-His N1(pi)-histidine	Homo sapiens	16	16p12.2	genomic	annotated
56606	3	15	2.0545639350527267	4.3033751101396325	-2.2488111750869058	-0.7959443567933446	-1.3162780247229606	1.3162780247229606	Lower_in_CALR	3	SLC2A9	solute carrier family 2 member 9	Homo sapiens	4	4p16.1	genomic	annotated
4853	3	15	145.97662880020565	237.15679362522755	-91.1801648250219	-0.696324937410508	-1.3146357392286034	1.3146357392286034	Lower_in_CALR	3	NOTCH2	notch receptor 2	Homo sapiens	1	1p12	genomic	annotated
1462	3	15	403.2900680568444	1356.1735052481454	-952.883437191301	-1.7471425037684885	-1.314288953501266	1.314288953501266	Lower_in_CALR	3	VCAN	versican	Homo sapiens	5	5q14.2-q14.3	genomic	annotated
283377	3	15	2.7328476263598063	4.106809536374673	-1.3739619100148666	-0.4521456337883109	-1.3137576736228216	1.3137576736228216	Lower_in_CALR	3	SPRYD4	SPRY domain containing 4	Homo sapiens	12	12q13.3	genomic	annotated
54453	3	15	9.380271153843074	16.54555316870543	-7.165282014862354	-0.7572613028066111	-1.3128782497340363	1.3128782497340363	Lower_in_CALR	3	RIN2	Ras and Rab interactor 2	Homo sapiens	20	20p11.23	genomic	annotated
5465	3	15	5.344888708981717	8.880816392579732	-3.5359276835980147	-0.6390353889331224	-1.3117724758661298	1.3117724758661298	Lower_in_CALR	3	PPARA	peroxisome proliferator activated receptor alpha	Homo sapiens	22	22q13.31	genomic	annotated
197187	3	15	0.7683585903170416	1.1134026799732284	-0.3450440896561868	-0.2571568230846449	-1.3059240312004057	1.3059240312004057	Lower_in_CALR	3	SNAI3-AS1	SNAI3 antisense RNA 1	Homo sapiens	16	16q24.2	genomic	annotated
57089	3	15	7.16056001286161	11.53240921887168	-4.3718492060100695	-0.6189237190255246	-1.3035622147155983	1.3035622147155983	Lower_in_CALR	3	ENTPD7	ectonucleoside triphosphate diphosphohydrolase 7	Homo sapiens	10	10q24.2	genomic	annotated
220074	3	15	7.04369613672224	8.785701635601113	-1.7420054988788731	-0.2828167133145975	-1.3018197152904722	1.3018197152904722	Lower_in_CALR	3	LRTOMT	leucine rich transmembrane and O-methyltransferase domain containing	Homo sapiens	11	11q13.4	genomic	annotated
2166	3	15	1.4156574028050803	2.630079982650884	-1.2144225798458033	-0.5875854749208369	-1.3013763670324618	1.3013763670324618	Lower_in_CALR	2	FAAH	fatty acid amide hydrolase	Homo sapiens	1	1p33	genomic	annotated
10244	3	15	3.6788125024164295	4.910854006390178	-1.2320415039737482	-0.3372241719060915	-1.3007664470738798	1.3007664470738798	Lower_in_CALR	3	RABEPK	Rab9 effector protein with kelch motifs	Homo sapiens	9	9q33.3	genomic	annotated
2068	3	15	2.5007218028317664	3.9780283352611	-1.477306532429334	-0.5079220247692899	-1.2989851355847466	1.2989851355847466	Lower_in_CALR	3	ERCC2	ERCC excision repair 2, TFIIH core complex helicase subunit	Homo sapiens	19	19q13.32	genomic	annotated
10175	3	15	8.308121841150863	11.352294522042929	-3.044172680892066	-0.4082170565184402	-1.298454561738018	1.298454561738018	Lower_in_CALR	3	CNIH1	cornichon family member 1	Homo sapiens	14	14q22.2	genomic	annotated
100506220	3	15	0.5558944130482544	0.841153924070557	-0.2852595110223026	-0.2428660851665549	-1.2981533227790183	1.2981533227790183	Lower_in_CALR	2	LOC100506220	uncharacterized LOC100506220	Homo sapiens	11		genomic	annotated
23193	3	15	45.8419588568311	64.58092639969021	-18.738967542859115	-0.4854748731310341	-1.2974910680520777	1.2974910680520777	Lower_in_CALR	3	GANAB	glucosidase II alpha subunit	Homo sapiens	11	11q12.3	genomic	annotated
7024	3	15	13.375193505212591	25.21210742254839	-11.836913917335798	-0.8666519729313502	-1.2971170982355864	1.2971170982355864	Lower_in_CALR	3	TFCP2	transcription factor CP2	Homo sapiens	12	12q13.12-q13.13	genomic	annotated
55213	3	15	12.94147446852441	16.963897012766868	-4.022422544242458	-0.3657172056813591	-1.2951304426485457	1.2951304426485457	Lower_in_CALR	3	RCBTB1	RCC1 and BTB domain containing protein 1	Homo sapiens	13	13q14.2	genomic	annotated
348645	3	15	2.01409427735956	3.280293382592373	-1.266199105232813	-0.5059851426743622	-1.2945623485487594	1.2945623485487594	Lower_in_CALR	3	MIR3667HG	MIR3667 host gene	Homo sapiens	22	22q13.33	genomic	annotated
132160	3	15	32.05285200869137	43.44077873446136	-11.387926725769988	-0.4271093353134096	-1.2920520684140044	1.2920520684140044	Lower_in_CALR	3	PPM1M	protein phosphatase, Mg2+/Mn2+ dependent 1M	Homo sapiens	3	3p21.2	genomic	annotated
100506687	3	15	0.8254109558671813	2.4503333126924107	-1.6249223568252296	-0.9185144419903	-1.2909704451142243	1.2909704451142243	Lower_in_CALR	2	LOC100506687	uncharacterized LOC100506687	Homo sapiens	1		genomic	annotated
231	3	15	7.599782638684334	12.105337703890932	-4.505555065206598	-0.6077824291545184	-1.288109342318539	1.288109342318539	Lower_in_CALR	3	AKR1B1	aldo-keto reductase family 1 member B	Homo sapiens	7	7q33	genomic	annotated
200081	3	15	21.191732827470968	29.98334265564244	-8.79160982817147	-0.4814704746373515	-1.2881036670677384	1.2881036670677384	Lower_in_CALR	3	TXLNA	taxilin alpha	Homo sapiens	1	1p35.2	genomic	annotated
11336	3	15	19.045568554234663	23.73599009516852	-4.690421540933855	-0.303328309332767	-1.287920464134757	1.287920464134757	Lower_in_CALR	3	EXOC3	exocyst complex component 3	Homo sapiens	5	5p15.33	genomic	annotated
949	3	15	1.587421588678291	2.8567779625337537	-1.2693563738554627	-0.5758809486977099	-1.2873724266746698	1.2873724266746698	Lower_in_CALR	3	SCARB1	scavenger receptor class B member 1	Homo sapiens	12	12q24.31	genomic	annotated
154467	3	15	1.15504610990737	2.192174437407957	-1.0371283275005876	-0.5668207523432638	-1.286800015975569	1.286800015975569	Lower_in_CALR	3	CCDC167	coiled-coil domain containing 167	Homo sapiens	6	6p21.2	genomic	annotated
6546	3	15	32.84970594284543	53.48819709500154	-20.638491152156107	-0.6868004548629614	-1.283656044806026	1.283656044806026	Lower_in_CALR	3	SLC8A1	solute carrier family 8 member A1	Homo sapiens	2	2p22.1	genomic	annotated
192111	3	15	6.513603283582813	9.145317204566991	-2.6317139209841782	-0.4332371240987354	-1.2828159810183666	1.2828159810183666	Lower_in_CALR	3	PGAM5	PGAM family member 5, mitochondrial serine/threonine protein phosphatase	Homo sapiens	12	12q24.33	genomic	annotated
55315	3	15	1.3917902577413075	2.2557991154847725	-0.8640088577434648	-0.4449208058760663	-1.2818381438808852	1.2818381438808852	Lower_in_CALR	3	SLC29A3	solute carrier family 29 member 3	Homo sapiens	10	10q22.1	genomic	annotated
1968	3	15	95.6831920414918	137.6247636573316	-41.94157161583982	-0.5198479904604643	-1.2816551334377784	1.2816551334377784	Lower_in_CALR	3	EIF2S3	eukaryotic translation initiation factor 2 subunit gamma	Homo sapiens	X	Xp22.11	genomic	annotated
55199	3	15	0.5192743908154224	1.2311936198054056	-0.7119192289899833	-0.5544332605758748	-1.2809405701247347	1.2809405701247347	Lower_in_CALR	2	FAM86C1P	family with sequence similarity 86, member C	Homo sapiens	11	11q13.4	genomic	annotated
10162	3	15	14.2421801201891	17.55892520704869	-3.3167450868595925	-0.2840438936589429	-1.2806677494872027	1.2806677494872027	Lower_in_CALR	3	LPCAT3	lysophosphatidylcholine acyltransferase 3	Homo sapiens	12	12p13.31	genomic	annotated
7045	3	15	70.92338376492494	145.17793188992863	-74.2545481250037	-1.023192725988988	-1.2801424556269303	1.2801424556269303	Lower_in_CALR	3	TGFBI	transforming growth factor beta induced	Homo sapiens	5	5q31.1	genomic	annotated
8455	3	15	15.989688640454077	27.729189880064403	-11.739501239610329	-0.7578578982320714	-1.2782776037434935	1.2782776037434935	Lower_in_CALR	3	ATRN	attractin	Homo sapiens	20	20p13	genomic	annotated
51400	3	15	3.4905047742835134	4.569640705822478	-1.079135931538965	-0.3107066368236646	-1.276521314235773	1.276521314235773	Lower_in_CALR	3	PPME1	protein phosphatase methylesterase 1	Homo sapiens	11	11q13.4	genomic	annotated
79613	3	15	12.190434133950111	18.483279558912827	-6.292845424962716	-0.5627444936752557	-1.275711820152381	1.275711820152381	Lower_in_CALR	3	TANGO6	transport and golgi organization 6 homolog	Homo sapiens	16	16q22.1	genomic	annotated
26747	3	15	2.3374226477035767	3.135833510044562	-0.7984108623409854	-0.3094437109665455	-1.2755512814897632	1.2755512814897632	Lower_in_CALR	3	NUFIP1	nuclear FMR1 interacting protein 1	Homo sapiens	13	13q14.12	genomic	annotated
138639	3	15	1.85353181082935	3.595156120159112	-1.7416243093297623	-0.68736523173143	-1.2752643791091596	1.2752643791091596	Lower_in_CALR	3	PTPDC1	protein tyrosine phosphatase domain containing 1	Homo sapiens	9	9q22.32	genomic	annotated
6621	3	15	2.6884500020117734	3.90614785992581	-1.2176978579140365	-0.4115760343892702	-1.2746172927283843	1.2746172927283843	Lower_in_CALR	3	SNAPC4	small nuclear RNA activating complex polypeptide 4	Homo sapiens	9	9q34.3	genomic	annotated
3570	3	15	39.14633479112556	68.29178874344227	-29.145453952316707	-0.787416118248502	-1.2742384077548148	1.2742384077548148	Lower_in_CALR	3	IL6R	interleukin 6 receptor	Homo sapiens	1	1q21.3	genomic	annotated
6045	3	15	18.277947963963467	23.7598566904086	-5.481908726445127	-0.3610514718330684	-1.2737154716333423	1.2737154716333423	Lower_in_CALR	3	RNF2	ring finger protein 2	Homo sapiens	1	1q25.3	genomic	annotated
5499	3	15	30.727232824372603	47.3350934041641	-16.607860579791495	-0.6073493313342135	-1.2726906188751153	1.2726906188751153	Lower_in_CALR	3	PPP1CA	protein phosphatase 1 catalytic subunit alpha	Homo sapiens	11	11q13.2	genomic	annotated
55217	3	15	11.235314480040108	15.532898357070115	-4.297583877030009	-0.4342884804747564	-1.272525566472956	1.272525566472956	Lower_in_CALR	3	TMLHE	trimethyllysine hydroxylase, epsilon	Homo sapiens	X	Xq28	genomic	annotated
205	3	15	0.7370285326724862	1.528823613261605	-0.7917950805891191	-0.5418449596420943	-1.2716553141177616	1.2716553141177616	Lower_in_CALR	2	AK4	adenylate kinase 4	Homo sapiens	1	1p31.3	genomic	annotated
147172	3	15	7.165260684787023	9.417052809027878	-2.251792124240855	-0.3513763170507191	-1.2716429077634797	1.2716429077634797	Lower_in_CALR	3	LRRC37BP1	leucine rich repeat containing 37B pseudogene 1	Homo sapiens	17	17q11.2	genomic	annotated
55070	3	15	1.3090018041506437	2.4509472470370457	-1.141945442886402	-0.5797231197902684	-1.2696953352280012	1.2696953352280012	Lower_in_CALR	3	DET1	DET1 partner of COP1 E3 ubiquitin ligase	Homo sapiens	15	15q26.1	genomic	annotated
7074	3	15	26.17316824329344	54.672545830248296	-28.49937758695486	-1.0347832714614755	-1.2663924740583894	1.2663924740583894	Lower_in_CALR	3	TIAM1	TIAM Rac1 associated GEF 1	Homo sapiens	21	21q22.11	genomic	annotated
114790	3	15	4.560355132480313	6.541402361049381	-1.981047228569068	-0.4396557958122216	-1.262316432078344	1.262316432078344	Lower_in_CALR	3	STK11IP	serine/threonine kinase 11 interacting protein	Homo sapiens	2	2q35	genomic	annotated
23201	3	15	4.287192815037357	7.462046906326893	-3.174854091289536	-0.6785047424377195	-1.2620349814880245	1.2620349814880245	Lower_in_CALR	3	FAM168A	family with sequence similarity 168 member A	Homo sapiens	11	11q13.4	genomic	annotated
84313	3	15	6.227640247067357	9.67065248210211	-3.443012235034753	-0.5620517923078903	-1.2596394208626855	1.2596394208626855	Lower_in_CALR	3	VPS25	vacuolar protein sorting 25 homolog	Homo sapiens	17	17q21.2	genomic	annotated
65010	3	15	4.974618114605543	6.653973891152609	-1.679355776547066	-0.3573624778485236	-1.258725306796276	1.258725306796276	Lower_in_CALR	3	SLC26A6	solute carrier family 26 member 6	Homo sapiens	3	3p21.31	genomic	annotated
55540	3	15	1.1255300412948654	2.187053157728698	-1.0615231164338323	-0.5844004328901458	-1.258624089615448	1.258624089615448	Lower_in_CALR	3	IL17RB	interleukin 17 receptor B	Homo sapiens	3	3p21.1	genomic	annotated
30837	3	15	4.693533304580769	5.9555313616290135	-1.2619980570482443	-0.2888364912789685	-1.2579361174121158	1.2579361174121158	Lower_in_CALR	3	SOCS7	suppressor of cytokine signaling 7	Homo sapiens	17	17q12	genomic	annotated
4048	3	15	73.46010415501922	168.71170843451168	-95.25160427949244	-1.1885465606971597	-1.257451842943895	1.257451842943895	Lower_in_CALR	3	LTA4H	leukotriene A4 hydrolase	Homo sapiens	12	12q23.1	genomic	annotated
7813	3	15	17.264392887798646	32.1797184438681	-14.915325556069453	-0.8612678449231206	-1.2564937832839345	1.2564937832839345	Lower_in_CALR	3	EVI5	ecotropic viral integration site 5	Homo sapiens	1	1p22.1	genomic	annotated
10714	3	15	6.1506242384547	9.079640136489411	-2.929015898034711	-0.4953030350797247	-1.2559776361210897	1.2559776361210897	Lower_in_CALR	3	POLD3	DNA polymerase delta 3, accessory subunit	Homo sapiens	11	11q13.4	genomic	annotated
81609	3	15	22.927981601756034	37.55390945958229	-14.62592785782626	-0.6881784540403872	-1.2555656927106755	1.2555656927106755	Lower_in_CALR	3	SNX27	sorting nexin 27	Homo sapiens	1	1q21.3	genomic	annotated
57794	3	15	9.865294742352082	12.194636899108804	-2.32934215675672	-0.2802243389672307	-1.252495336633451	1.252495336633451	Lower_in_CALR	3	SUGP1	SURP and G-patch domain containing 1	Homo sapiens	19	19p13.11	genomic	annotated
411	3	15	15.481923713069902	21.7218081174374	-6.2398844043675	-0.463193005026504	-1.2516571630844084	1.2516571630844084	Lower_in_CALR	3	ARSB	arylsulfatase B	Homo sapiens	5	5q14.1	genomic	annotated
10439	3	15	0.645856475147604	1.945886597880509	-1.3000301227329052	-0.8398633619611225	-1.25139196855532	1.25139196855532	Lower_in_CALR	2	OLFM1	olfactomedin 1	Homo sapiens	9	9q34.3	genomic	annotated
7317	3	15	50.951642970477536	70.86533862850787	-19.91369565803033	-0.468126737091886	-1.250925960138597	1.250925960138597	Lower_in_CALR	3	UBA1	ubiquitin like modifier activating enzyme 1	Homo sapiens	X	Xp11.3	genomic	annotated
11024	3	15	15.474770830142331	25.99165273425624	-10.516881904113903	-0.71225492063932	-1.2496676278450451	1.2496676278450451	Lower_in_CALR	3	LILRA1	leukocyte immunoglobulin like receptor A1	Homo sapiens	19	19q13.42	genomic	annotated
6692	3	15	2.905643332284573	5.573704700542995	-2.668061368258422	-0.7511464433999351	-1.2479218872196791	1.2479218872196791	Lower_in_CALR	3	SPINT1	serine peptidase inhibitor, Kunitz type 1	Homo sapiens	15	15q15.1	genomic	annotated
54974	3	15	3.236540340078717	4.825616825527929	-1.589076485449212	-0.459524206304903	-1.2475945480636863	1.2475945480636863	Lower_in_CALR	3	THG1L	tRNA-histidine guanylyltransferase 1 like	Homo sapiens	5	5q33.3	genomic	annotated
162967	3	15	4.68084899489628	6.833255254612308	-2.1524062597160274	-0.4635054162388026	-1.2471278394352314	1.2471278394352314	Lower_in_CALR	3	ZNF320	zinc finger protein 320	Homo sapiens	19	19q13.41	genomic	annotated
257364	3	15	1.5523547324840106	2.6579631146252662	-1.1056083821412557	-0.5192116753126161	-1.2467909902840892	1.2467909902840892	Lower_in_CALR	3	SNX33	sorting nexin 33	Homo sapiens	15	15q24.2	genomic	annotated
1388	3	15	27.5560981310822	32.80366983166546	-5.247571700583261	-0.243381013657653	-1.2462901402162054	1.2462901402162054	Lower_in_CALR	3	ATF6B	activating transcription factor 6 beta	Homo sapiens	6	6p21.32	genomic	annotated
140711	3	15	19.248747463850503	32.31606494898257	-13.067317485132063	-0.7183853408299585	-1.2455885882919635	1.2455885882919635	Lower_in_CALR	3	TLDC2	TBC/LysM-associated domain containing 2	Homo sapiens	20	20q11.23	genomic	annotated
51111	3	15	24.6295682566606	37.00141139899824	-12.371843142337642	-0.5682438263644682	-1.245400109968199	1.245400109968199	Lower_in_CALR	3	KMT5B	lysine methyltransferase 5B	Homo sapiens	11	11q13.2	genomic	annotated
23788	3	15	12.250817584589846	17.349733534790072	-5.098915950200226	-0.4696777354578154	-1.2442795276196277	1.2442795276196277	Lower_in_CALR	3	MTCH2	mitochondrial carrier 2	Homo sapiens	11	11p11.2	genomic	annotated
55276	3	15	16.433698468841804	26.219309219153995	-9.785610750312191	-0.6427517918892249	-1.2435253343076251	1.2435253343076251	Lower_in_CALR	3	PGM2	phosphoglucomutase 2	Homo sapiens	4	4p14	genomic	annotated
90874	3	15	3.3960047272852933	5.865315632103844	-2.4693109048185504	-0.6431331119334831	-1.242747525570457	1.242747525570457	Lower_in_CALR	3	ZNF697	zinc finger protein 697	Homo sapiens	1	1p12	genomic	annotated
146540	3	15	1.3826526659051863	2.1867499203280523	-0.8040972544228657	-0.4195171520747054	-1.2421227020806922	1.2421227020806922	Lower_in_CALR	3	ZNF785	zinc finger protein 785	Homo sapiens	16	16p11.2	genomic	annotated
79991	3	15	12.10157232598195	18.33716651644952	-6.235594190467571	-0.5616364508829221	-1.241021256922063	1.241021256922063	Lower_in_CALR	3	STN1	STN1 subunit of CST complex	Homo sapiens	10	10q24.33	genomic	annotated
3991	3	15	1.791214866153258	2.7384193937450885	-0.9472045275918306	-0.4215352400502703	-1.240984469509096	1.240984469509096	Lower_in_CALR	2	LIPE	lipase E, hormone sensitive type	Homo sapiens	19	19q13.2	genomic	annotated
55005	3	15	4.285947670439543	6.889731707216709	-2.6037840367771654	-0.5778140990488376	-1.240724804354007	1.240724804354007	Lower_in_CALR	3	RMND1	required for meiotic nuclear division 1 homolog	Homo sapiens	6	6q25.1	genomic	annotated
55747	3	15	33.290585063253666	44.0442718190266	-10.753686755772932	-0.3935311337156619	-1.2383804990692708	1.2383804990692708	Lower_in_CALR	3	FAM21B	family with sequence similarity 21, member B	Homo sapiens	10	10q11.22	genomic	annotated
84937	3	15	1.9874374979656	2.699384509406348	-0.7119470114407476	-0.3083767302857616	-1.2370207978211187	1.2370207978211187	Lower_in_CALR	3	ZNRF1	zinc and ring finger 1	Homo sapiens	16	16q23.1	genomic	annotated
23276	3	15	13.916904642268902	17.539906823428414	-3.623002181159512	-0.3136857956303469	-1.236827682556979	1.236827682556979	Lower_in_CALR	3	KLHL18	kelch like family member 18	Homo sapiens	3	3p21.31	genomic	annotated
23621	3	15	4.45856197196912	9.106366571178322	-4.647804599209202	-0.8886715781949488	-1.2368053381000867	1.2368053381000867	Lower_in_CALR	3	BACE1	beta-secretase 1	Homo sapiens	11	11q23.3	genomic	annotated
100505639	3	15	1.0546668056580122	2.138339799638096	-1.0836729939800838	-0.6110971079571477	-1.2363172538130416	1.2363172538130416	Lower_in_CALR	3	LOC100505639	uncharacterized LOC100505639	Homo sapiens	19		genomic	annotated
9675	3	15	7.949787149247157	12.285226212907228	-4.335439063660071	-0.5698975167787386	-1.2356966621629604	1.2356966621629604	Lower_in_CALR	3	TTI1	TELO2 interacting protein 1	Homo sapiens	20	20q11.23	genomic	annotated
1019	3	15	2.3422321401146133	3.8441722812464594	-1.501940141131846	-0.5354382332892138	-1.2350950968800405	1.2350950968800405	Lower_in_CALR	3	CDK4	cyclin dependent kinase 4	Homo sapiens	12	12q14.1	genomic	annotated
8540	3	15	29.624412234991965	39.860216581018776	-10.23580434602681	-0.4160146959725308	-1.234905120873057	1.234905120873057	Lower_in_CALR	3	AGPS	alkylglycerone phosphate synthase	Homo sapiens	2	2q31.2	genomic	annotated
79947	3	15	6.334077283941833	10.789741262036422	-4.455663978094589	-0.6848446833846129	-1.2341818205289536	1.2341818205289536	Lower_in_CALR	3	DHDDS	dehydrodolichyl diphosphate synthase subunit	Homo sapiens	1	1p36.11	genomic	annotated
8863	3	15	4.034293485791477	5.92228250568713	-1.8879890198956533	-0.4594584964214858	-1.233785167438329	1.233785167438329	Lower_in_CALR	3	PER3	period circadian regulator 3	Homo sapiens	1	1p36.23	genomic	annotated
2734	3	15	86.46433542221013	125.09429156226892	-38.6299561400588	-0.5277361979859503	-1.2329254687750753	1.2329254687750753	Lower_in_CALR	3	GLG1	golgi glycoprotein 1	Homo sapiens	16	16q23.1	genomic	annotated
54985	3	15	1.6302660469877768	2.879939893206697	-1.24967384621892	-0.5608255697377378	-1.2328450553574968	1.2328450553574968	Lower_in_CALR	3	HCFC1R1	host cell factor C1 regulator 1	Homo sapiens	16	16p13.3	genomic	annotated
5351	3	15	17.677705610088065	26.81227166573488	-9.134566055646816	-0.5744043430361288	-1.2314846128990604	1.2314846128990604	Lower_in_CALR	3	PLOD1	procollagen-lysine,2-oxoglutarate 5-dioxygenase 1	Homo sapiens	1	1p36.22	genomic	annotated
8218	3	15	1.7975913047377885	4.204479380476665	-2.406888075738877	-0.8955686365951099	-1.2302043232642772	1.2302043232642772	Lower_in_CALR	3	CLTCL1	clathrin heavy chain like 1	Homo sapiens	22	22q11.21	genomic	annotated
23022	3	15	3.081987764270192	6.497508756954345	-3.415520992684153	-0.8771394442278542	-1.2298724869653694	1.2298724869653694	Lower_in_CALR	3	PALLD	palladin, cytoskeletal associated protein	Homo sapiens	4	4q32.3	genomic	annotated
7733	3	15	3.166391926746503	4.974510486945252	-1.8081185601987488	-0.5200219546644984	-1.2291521502217573	1.2291521502217573	Lower_in_CALR	3	ZNF180	zinc finger protein 180	Homo sapiens	19	19q13.31	genomic	annotated
5987	3	15	13.4101074380903	21.02090533892188	-7.610797900831578	-0.6117926912935805	-1.2290252553510488	1.2290252553510488	Lower_in_CALR	3	TRIM27	tripartite motif containing 27	Homo sapiens	6	6p22.1	genomic	annotated
10238	3	15	19.4792854161153	40.00390253055194	-20.52461711443664	-1.001595847961842	-1.228938247860112	1.228938247860112	Lower_in_CALR	3	DCAF7	DDB1 and CUL4 associated factor 7	Homo sapiens	17	17q23.3	genomic	annotated
50485	3	15	4.348318481656556	6.671545062040135	-2.3232265803835785	-0.5204317906022351	-1.228919175540493	1.228919175540493	Lower_in_CALR	3	SMARCAL1	SNF2 related chromatin remodeling annealing helicase 1	Homo sapiens	2	2q35	genomic	annotated
8994	3	15	26.392502801192865	34.518599562110104	-8.126096760917239	-0.3747936114170471	-1.228413451202952	1.228413451202952	Lower_in_CALR	3	LIMD1	LIM domain containing 1	Homo sapiens	3	3p21.31	genomic	annotated
2322	3	15	2.971355913109864	6.500637533765285	-3.529281620655421	-0.9173815649140054	-1.2282243646635065	1.2282243646635065	Lower_in_CALR	3	FLT3	fms related receptor tyrosine kinase 3	Homo sapiens	13	13q12.2	genomic	annotated
158135	3	15	1.5396999912819065	2.800262405892242	-1.2605624146103358	-0.5814409543134376	-1.2279566887890632	1.2279566887890632	Lower_in_CALR	3	TTLL11	tubulin tyrosine ligase like 11	Homo sapiens	9	9q33.2	genomic	annotated
439931	3	15	1.2718169539085569	2.3961287811624303	-1.1243118272538737	-0.580044569003829	-1.227807457866689	1.227807457866689	Lower_in_CALR	3	THAP7-AS1	THAP7 antisense RNA 1	Homo sapiens	22	22q11.21	genomic	annotated
1184	3	15	6.520076770730509	12.48258317915456	-5.962506408424052	-0.8422776391753577	-1.2275173946324416	1.2275173946324416	Lower_in_CALR	3	CLCN5	Cl-/H+ antiporter 5	Homo sapiens	X	Xp11.23	genomic	annotated
441454	3	15	1.3072966356042133	2.4857472840898795	-1.1784506484856665	-0.5952644833924359	-1.227408989370958	1.227408989370958	Lower_in_CALR	3	PTMAP11	prothymosin alpha pseudogene 11	Homo sapiens	9	9q22.33	genomic	annotated
113829	3	15	4.447249423928003	6.995248994385636	-2.547999570457633	-0.5536150357510281	-1.2272453780612966	1.2272453780612966	Lower_in_CALR	3	SLC35A4	solute carrier family 35 member A4	Homo sapiens	5	5q31.3	genomic	annotated
113146	3	15	0.8240794472248644	2.5666688843405834	-1.742589437115719	-0.9674087208137198	-1.2270276185727218	1.2270276185727218	Lower_in_CALR	2	AHNAK2	AHNAK nucleoprotein 2	Homo sapiens	14	14q32.33	genomic	annotated
2802	3	15	31.14571991191353	42.92266867966457	-11.776948767751032	-0.4503390524956794	-1.2264363934712488	1.2264363934712488	Lower_in_CALR	3	GOLGA3	golgin A3	Homo sapiens	12	12q24.33	genomic	annotated
5608	3	15	4.802662760627189	7.686814045402296	-2.8841512847751067	-0.5821120700301057	-1.2252092692726135	1.2252092692726135	Lower_in_CALR	3	MAP2K6	mitogen-activated protein kinase kinase 6	Homo sapiens	17	17q24.3	genomic	annotated
79932	3	15	12.230372271188893	17.678635280002084	-5.448263008813191	-0.497535394856071	-1.2245488180950497	1.2245488180950497	Lower_in_CALR	3	KIAA0319L	KIAA0319 like	Homo sapiens	1	1p34.3	genomic	annotated
57534	3	15	42.47271054334453	58.13162983557803	-15.6589192922335	-0.4438199913066576	-1.2244582912123394	1.2244582912123394	Lower_in_CALR	3	MIB1	MIB E3 ubiquitin protein ligase 1	Homo sapiens	18	18q11.2	genomic	annotated
642819	3	15	1.7864073819547166	2.700842498699703	-0.9144351167449865	-0.4094475382637481	-1.2234620752776026	1.2234620752776026	Lower_in_CALR	3	ZNF487	zinc finger protein 487	Homo sapiens	10	10q11.21	genomic	annotated
387036	3	15	11.803710710973869	17.57621749246542	-5.772506781491554	-0.5368947827636865	-1.2225543325417625	1.2225543325417625	Lower_in_CALR	3	GUSBP2	GUSB pseudogene 2	Homo sapiens	6	6p22.2	genomic	annotated
7730	3	15	1.3549917601344963	2.3450317815178754	-0.9900400213833788	-0.5062979061269106	-1.2224866613354284	1.2224866613354284	Lower_in_CALR	2	ZNF177	zinc finger protein 177	Homo sapiens	19	19p13.2	genomic	annotated
23544	3	15	1.0490051893781194	2.1229817239411988	-1.0739765345630794	-0.608000488390172	-1.222090047993784	1.222090047993784	Lower_in_CALR	3	SEZ6L	seizure related 6 homolog like	Homo sapiens	22	22q12.1	genomic	annotated
27163	3	15	25.355894769310623	40.81027892382036	-15.454384154509732	-0.6657319962232711	-1.222039585886536	1.222039585886536	Lower_in_CALR	3	NAAA	N-acylethanolamine acid amidase	Homo sapiens	4	4q21.1	genomic	annotated
23463	3	15	8.917181660309069	15.37834708090992	-6.461165420600851	-0.7237876781224641	-1.2216111066338464	1.2216111066338464	Lower_in_CALR	3	ICMT	isoprenylcysteine carboxyl methyltransferase	Homo sapiens	1	1p36.31	genomic	annotated
79709	3	15	40.04813874435367	58.98577344224324	-18.937634697889564	-0.5473035767373347	-1.22101264830174	1.22101264830174	Lower_in_CALR	3	COLGALT1	collagen beta(1-O)galactosyltransferase 1	Homo sapiens	19	19p13.11	genomic	annotated
1632	3	15	1.7511188683642005	3.508642917720078	-1.7575240493558784	-0.7126747778392462	-1.2206960622345964	1.2206960622345964	Lower_in_CALR	3	ECI1	enoyl-CoA delta isomerase 1	Homo sapiens	16	16p13.3	genomic	annotated
100128590	3	15	0.73720901625896	2.270734629652668	-1.5335256133937074	-0.9128433657877388	-1.2191471270626046	1.2191471270626046	Lower_in_CALR	2	SLC8A1-AS1	SLC8A1 antisense RNA 1	Homo sapiens	2	2p22.1	genomic	annotated
5256	3	15	21.29901456590697	27.60260349970317	-6.303588933796206	-0.3591665154285195	-1.218013759110429	1.218013759110429	Lower_in_CALR	3	PHKA2	phosphorylase kinase regulatory subunit alpha 2	Homo sapiens	X	Xp22.13	genomic	annotated
151011	3	15	1.2459288633601544	2.513508154956116	-1.2675792915959614	-0.6456000139787914	-1.216582454491554	1.216582454491554	Lower_in_CALR	2	SEPTIN10	septin 10	Homo sapiens	2	2q13	genomic	annotated
388536	3	15	1.4757495411602397	2.598964918315865	-1.1232153771556257	-0.5397166674495077	-1.2164807049973465	1.2164807049973465	Lower_in_CALR	3	ZNF790	zinc finger protein 790	Homo sapiens	19	19q13.12	genomic	annotated
5191	3	15	1.7267977239892935	2.3643620485603365	-0.637564324571043	-0.3031252824963859	-1.2162907054840533	1.2162907054840533	Lower_in_CALR	3	PEX7	peroxisomal biogenesis factor 7	Homo sapiens	6	6q23.3	genomic	annotated
10449	3	15	10.296969012358256	15.676853222472223	-5.3798842101139694	-0.5619113423321247	-1.2157198567993597	1.2157198567993597	Lower_in_CALR	3	ACAA2	acetyl-CoA acyltransferase 2	Homo sapiens	18	18q21.1	genomic	annotated
84893	3	15	24.716719348305933	31.5719748203958	-6.855255472089869	-0.3409245806778402	-1.2157005403586665	1.2157005403586665	Lower_in_CALR	3	FBH1	F-box DNA helicase 1	Homo sapiens	10	10p15.1	genomic	annotated
48	3	15	4.388373305635857	7.721183951378213	-3.3328106457423567	-0.6946741985862546	-1.2156333810065885	1.2156333810065885	Lower_in_CALR	3	ACO1	aconitase 1	Homo sapiens	9	9p21.1	genomic	annotated
29	3	15	30.92457186476724	40.51162467633248	-9.587052811565249	-0.3788481247396387	-1.215468737689149	1.215468737689149	Lower_in_CALR	3	ABR	ABR activator of RhoGEF and GTPase	Homo sapiens	17	17p13.3	genomic	annotated
51313	3	15	17.283918463568448	35.95432923908584	-18.67041077551739	-1.015168097109207	-1.2134817954849002	1.2134817954849002	Lower_in_CALR	3	GASK1B	golgi associated kinase 1B	Homo sapiens	4	4q32.1	genomic	annotated
3087	3	15	10.715748776940083	14.892543973582226	-4.176795196642143	-0.4399009176015975	-1.2127367565780294	1.2127367565780294	Lower_in_CALR	3	HHEX	hematopoietically expressed homeobox	Homo sapiens	10	10q23.33	genomic	annotated
199704	3	15	2.368876226777413	4.004367979932571	-1.6354917531551578	-0.5709204527810119	-1.211644446824573	1.211644446824573	Lower_in_CALR	3	ZNF585A	zinc finger protein 585A	Homo sapiens	19	19q13.12	genomic	annotated
84279	3	15	2.16079602368712	4.0960205289949	-1.93522450530778	-0.6890831529065913	-1.211603426988371	1.211603426988371	Lower_in_CALR	3	PRADC1	protease associated domain containing 1	Homo sapiens	2	2p13.2	genomic	annotated
5164	3	15	5.258211454333453	7.269831300646	-2.0116198463125468	-0.4021074940089062	-1.2112887668197745	1.2112887668197745	Lower_in_CALR	3	PDK2	pyruvate dehydrogenase kinase 2	Homo sapiens	17	17q21.33	genomic	annotated
284759	3	15	5.836966877856253	15.52132394915894	-9.684357071302683	-1.2729009616591398	-1.2108933458021132	1.2108933458021132	Lower_in_CALR	3	SIRPB2	signal regulatory protein beta 2	Homo sapiens	20	20p13	genomic	annotated
126014	3	15	7.433780856726687	12.233723001028068	-4.79994214430138	-0.6499675472626847	-1.2102729513812336	1.2102729513812336	Lower_in_CALR	3	OSCAR	osteoclast associated Ig-like receptor	Homo sapiens	19	19q13.42	genomic	annotated
1020	3	15	2.9012740590497264	4.862474858710798	-1.961200799661072	-0.5875644813948906	-1.2098958263079254	1.2098958263079254	Lower_in_CALR	3	CDK5	cyclin dependent kinase 5	Homo sapiens	7	7q36.1	genomic	annotated
5091	3	15	1.0352228003700017	1.6247578712666864	-0.5895350708966847	-0.3669976049724492	-1.2089097544567515	1.2089097544567515	Lower_in_CALR	3	PC	pyruvate carboxylase	Homo sapiens	11	11q13.2	genomic	annotated
84436	3	15	2.6116251615042603	4.24552432460427	-1.63389916310001	-0.5384388187585052	-1.2082971894578938	1.2082971894578938	Lower_in_CALR	3	ZNF528	zinc finger protein 528	Homo sapiens	19	19q13.41	genomic	annotated
124961	3	15	2.325466940458673	4.686871728835954	-2.361404788377281	-0.7740783350133937	-1.2074606167501645	1.2074606167501645	Lower_in_CALR	3	ZFP3	ZFP3 zinc finger protein	Homo sapiens	17	17p13.2	genomic	annotated
10349	3	15	0.887686726733513	1.6517624930241324	-0.7640757662906194	-0.4903322048235138	-1.207137049204096	1.207137049204096	Lower_in_CALR	3	ABCA10	ATP binding cassette subfamily A member 10	Homo sapiens	17	17q24.3	genomic	annotated
23505	3	15	41.3438066010415	60.7119766418031	-19.3681700407616	-0.5433995352061611	-1.2070451698326563	1.2070451698326563	Lower_in_CALR	3	TMEM131	transmembrane protein 131	Homo sapiens	2	2q11.2	genomic	annotated
23382	3	15	7.467000582929123	11.620851833593518	-4.1538512506643945	-0.5758863935727265	-1.2068997029645254	1.2068997029645254	Lower_in_CALR	3	AHCYL2	adenosylhomocysteinase like 2	Homo sapiens	7	7q32.1	genomic	annotated
100506093	3	15	1.2038541813000063	2.7421462524399405	-1.5382920711399342	-0.7638371731138964	-1.2059012628286243	1.2059012628286243	Lower_in_CALR	3	LOC100506093	hypothetical LOC100506093	Homo sapiens	7	7q21.3	genomic	annotated
100506961	3	15	7.111821119496203	12.568280483635569	-5.456459364139364	-0.7421401549906674	-1.2043740657366289	1.2043740657366289	Lower_in_CALR	3	LOC100506961	hypothetical LOC100506961	Homo sapiens	17		genomic	annotated
376497	3	15	2.4637027352325	4.802539624390471	-2.3388368891579714	-0.744369350273562	-1.201966110364701	1.201966110364701	Lower_in_CALR	3	SLC27A1	solute carrier family 27 member 1	Homo sapiens	19	19p13.11	genomic	annotated
51028	3	15	33.40601736441513	47.38382747969783	-13.9778101152827	-0.4918639965632012	-1.2016483441343568	1.2016483441343568	Lower_in_CALR	3	VPS36	vacuolar protein sorting 36 homolog	Homo sapiens	13	13q14.3	genomic	annotated
4191	3	15	16.5722034855628	19.630750900522425	-3.0585474149596266	-0.2315012211637785	-1.201514470229421	1.201514470229421	Lower_in_CALR	3	MDH2	malate dehydrogenase 2	Homo sapiens	7	7q11.23	genomic	annotated
79770	3	15	11.488952929649164	16.368566590756494	-4.87961366110733	-0.4758261680170608	-1.20118083533581	1.20118083533581	Lower_in_CALR	3	TXNDC15	thioredoxin domain containing 15	Homo sapiens	5	5q31.1	genomic	annotated
55704	3	15	40.27824576429109	73.58648600773857	-33.30824024344748	-0.8535325980264741	-1.2010614829364774	1.2010614829364774	Lower_in_CALR	3	CCDC88A	coiled-coil and HOOK domain protein 88A	Homo sapiens	2	2p16.1	genomic	annotated
152002	3	15	5.136008240351	7.228651578027171	-2.092643337676172	-0.4233556165252454	-1.2006912450916878	1.2006912450916878	Lower_in_CALR	3	XXYLT1	xyloside xylosyltransferase 1	Homo sapiens	3	3q29	genomic	annotated
10526	3	15	19.2211784699007	32.088941760797994	-12.867763290897294	-0.710482074105637	-1.2002478341617402	1.2002478341617402	Lower_in_CALR	3	IPO8	importin 8	Homo sapiens	12	12p11.21	genomic	annotated
140612	3	15	1.3470906365900124	2.447798336521949	-1.1007076999319367	-0.5548018380571949	-1.1997123403345022	1.1997123403345022	Lower_in_CALR	3	ZFP28	ZFP28 zinc finger protein	Homo sapiens	19	19q13.43	genomic	annotated
91662	3	15	12.480367842281533	24.76318654490982	-12.282818702628289	-0.934451181385695	-1.1994130709677957	1.1994130709677957	Lower_in_CALR	3	NLRP12	NLR family pyrin domain containing 12	Homo sapiens	19	19q13.42	genomic	annotated
313	3	15	96.30102421354196	143.4466599477623	-47.14563573422035	-0.5700099483823324	-1.199172081683818	1.199172081683818	Lower_in_CALR	3	AOAH	acyloxyacyl hydrolase	Homo sapiens	7	7p14.2	genomic	annotated
79789	3	15	26.1258028095178	49.26571447368782	-23.139911664170025	-0.8899088578993899	-1.198917847136963	1.198917847136963	Lower_in_CALR	3	CLMN	calmin	Homo sapiens	14	14q32.13	genomic	annotated
29901	3	15	0.8289977601215238	1.5853045612729004	-0.7563068011513766	-0.4992809386507497	-1.198177737853278	1.198177737853278	Lower_in_CALR	2	SAC3D1	SAC3 domain containing 1	Homo sapiens	11	11q13.1	genomic	annotated
55665	3	15	7.750023990819014	10.09137287174871	-2.3413488809296963	-0.3420790733082448	-1.1980446662329676	1.1980446662329676	Lower_in_CALR	3	URGCP	upregulator of cell proliferation	Homo sapiens	7	7p13	genomic	annotated
583	3	15	9.166558902955266	13.631914498910474	-4.465355595955208	-0.5252871001597543	-1.1972823794278136	1.1972823794278136	Lower_in_CALR	3	BBS2	Bardet-Biedl syndrome 2	Homo sapiens	16	16q13	genomic	annotated
8139	3	15	5.513804290155053	7.596909323291323	-2.083105033136269	-0.4003177153845354	-1.196018949364012	1.196018949364012	Lower_in_CALR	3	GAN	gigaxonin	Homo sapiens	16	16q23.2	genomic	annotated
284325	3	15	1.0137451568662026	1.7823670331610717	-0.7686218762948689	-0.4664316249058298	-1.195722165814329	1.195722165814329	Lower_in_CALR	2	ACTMAP	actin maturation protease	Homo sapiens	19	19q13.2	genomic	annotated
9726	3	15	12.52686630757365	17.85517651762645	-5.3283102100528	-0.4791329996653846	-1.195679496683987	1.195679496683987	Lower_in_CALR	3	ZNF646	zinc finger protein 646	Homo sapiens	16	16p11.2	genomic	annotated
57698	3	15	8.0534277171027	16.64919736783751	-8.595769650734809	-0.963066556257262	-1.1956592502432395	1.1956592502432395	Lower_in_CALR	3	SHTN1	shootin 1	Homo sapiens	10	10q25.3	genomic	annotated
8321	3	15	3.565555712164951	5.836860041592653	-2.2713043294277018	-0.582543418557385	-1.1956503476128135	1.1956503476128135	Lower_in_CALR	3	FZD1	frizzled class receptor 1	Homo sapiens	7	7q21.13	genomic	annotated
51449	3	15	8.40014292692833	14.280725233674811	-5.880582306746481	-0.7009584183890651	-1.194358498216014	1.194358498216014	Lower_in_CALR	3	PCYOX1	prenylcysteine oxidase 1	Homo sapiens	2	2p13.3	genomic	annotated
104	3	15	11.53900723304339	16.01313350654166	-4.474126273498269	-0.4402257550782207	-1.193032910662275	1.193032910662275	Lower_in_CALR	3	ADARB1	adenosine deaminase RNA specific B1	Homo sapiens	21	21q22.3	genomic	annotated
284273	3	15	15.96769819386453	22.954399341615115	-6.986701147750585	-0.4974997733868687	-1.1925875131072257	1.1925875131072257	Lower_in_CALR	3	PTGR3	prostaglandin reductase 3	Homo sapiens	18	18q22.3	genomic	annotated
93164	3	15	2.6887540070275264	3.932018504495979	-1.2432644974684526	-0.4190446297827757	-1.1922674092229322	1.1922674092229322	Lower_in_CALR	3	HTR7P1	5-hydroxytryptamine receptor 7 pseudogene 1	Homo sapiens	12	12p13.1	genomic	annotated
677794	3	15	0.501755203257581	0.8906301193585047	-0.3888749161009236	-0.3322174812411316	-1.1920859192907869	1.1920859192907869	Lower_in_CALR	2	SNORA2B	small nucleolar RNA, H/ACA box 2B	Homo sapiens	12	12q13.11	genomic	annotated
5635	3	15	5.25020351851584	6.964900230407827	-1.7146967118919871	-0.3497531230045005	-1.1919309559504936	1.1919309559504936	Lower_in_CALR	3	PRPSAP1	phosphoribosyl pyrophosphate synthetase associated protein 1	Homo sapiens	17	17q25.1	genomic	annotated
55972	3	15	9.593546725118545	15.00491672287281	-5.411369997754267	-0.595329484963437	-1.1913066972025008	1.1913066972025008	Lower_in_CALR	3	SLC25A40	solute carrier family 25 member 40	Homo sapiens	7	7q21.12	genomic	annotated
157	3	15	73.84591387793674	116.89309379476478	-43.04717991682804	-0.6554837460203702	-1.190572995251627	1.190572995251627	Lower_in_CALR	3	GRK3	G protein-coupled receptor kinase 3	Homo sapiens	22	22q12.1	genomic	annotated
84775	3	15	1.2497764906079964	2.6446936566482493	-1.3949171660402528	-0.6960158778243279	-1.1897913128532418	1.1897913128532418	Lower_in_CALR	2	ZNF607	zinc finger protein 607	Homo sapiens	19	19q13.12	genomic	annotated
388566	3	15	1.236406927101257	2.519996685328705	-1.2835897582274478	-0.6543913515967332	-1.189616205953381	1.189616205953381	Lower_in_CALR	3	ZNF470	zinc finger protein 470	Homo sapiens	19	19q13.43	genomic	annotated
10015	3	15	50.5260118429103	73.84899168366857	-23.322979840758272	-0.5386819503865032	-1.1888649075842943	1.1888649075842943	Lower_in_CALR	3	PDCD6IP	programmed cell death 6 interacting protein	Homo sapiens	3	3p22.3	genomic	annotated
10197	3	15	20.11841659061804	25.19528769788428	-5.076871107266246	-0.3108056380820994	-1.1885098543708603	1.1885098543708603	Lower_in_CALR	3	PSME3	proteasome activator subunit 3	Homo sapiens	17	17q21.31	genomic	annotated
3069	3	15	90.14843955424772	112.53760277867848	-22.389163224430742	-0.3168803232363837	-1.1877350761109735	1.1877350761109735	Lower_in_CALR	3	HDLBP	high density lipoprotein binding protein	Homo sapiens	2	2q37.3	genomic	annotated
57002	3	15	1.1307788320733827	1.7873144561907164	-0.6565356241173337	-0.387494918183898	-1.187491222986116	1.187491222986116	Lower_in_CALR	3	YAE1	YAE1 maturation factor of ABCE1	Homo sapiens	7	7p14.1	genomic	annotated
2799	3	15	102.28523259053868	149.5874691436143	-47.302236553075616	-0.5439677270337997	-1.187484544286012	1.187484544286012	Lower_in_CALR	3	GNS	glucosamine (N-acetyl)-6-sulfatase	Homo sapiens	12	12q14.3	genomic	annotated
80233	3	15	3.832624870458	5.624951173413147	-1.7923263029551468	-0.4551028109941128	-1.1873388115569865	1.1873388115569865	Lower_in_CALR	3	FAAP100	FA core complex associated protein 100	Homo sapiens	17	17q25.3	genomic	annotated
4771	3	15	14.849455241445131	19.53233681975151	-4.682881578306377	-0.3734645777123653	-1.1864945796783055	1.1864945796783055	Lower_in_CALR	3	NF2	NF2, moesin-ezrin-radixin like (MERLIN) tumor suppressor	Homo sapiens	22	22q12.2	genomic	annotated
22808	3	15	2.077742730677968	4.363740584238625	-2.2859978535606578	-0.801366821952151	-1.1864198298881043	1.1864198298881043	Lower_in_CALR	3	MRAS	muscle RAS oncogene homolog	Homo sapiens	3	3q22.3	genomic	annotated
2201	3	15	6.7096581245398434	20.21041995997033	-13.500761835430495	-1.4600343939759584	-1.1859979996838077	1.1859979996838077	Lower_in_CALR	3	FBN2	fibrillin 2	Homo sapiens	5	5q23.3	genomic	annotated
1892	3	15	6.061618016881063	9.534740425072416	-3.4731224081913528	-0.5770840779157318	-1.1856936981835993	1.1856936981835993	Lower_in_CALR	3	ECHS1	enoyl-CoA hydratase, short chain 1	Homo sapiens	10	10q26.3	genomic	annotated
83544	3	15	2.8756067050888503	3.5083417054380592	-0.6327350003492089	-0.218174693236836	-1.1856267040501691	1.1856267040501691	Lower_in_CALR	3	DNAL1	dynein axonemal light chain 1	Homo sapiens	14	14q24.3	genomic	annotated
23344	3	15	41.2219313569432	69.84495297905895	-28.623021622115743	-0.7466725053056722	-1.1849767137762597	1.1849767137762597	Lower_in_CALR	3	ESYT1	extended synaptotagmin 1	Homo sapiens	12	12q13.2	genomic	annotated
11010	3	15	114.56368049286768	179.711351420797	-65.14767092792933	-0.6449990752775037	-1.1845657522232045	1.1845657522232045	Lower_in_CALR	3	GLIPR1	GLI pathogenesis related 1	Homo sapiens	12	12q21.2	genomic	annotated
677776	3	15	1.2445561809080767	2.2213069029909	-0.9767507220828228	-0.5212159097447373	-1.184389964441456	1.184389964441456	Lower_in_CALR	3	SCARNA8	small Cajal body-specific RNA 8	Homo sapiens	9	9p22.1	genomic	annotated
79026	3	15	1024.835470821913	2195.634484888597	-1170.799014066684	-1.0984954664010758	-1.1842662213466388	1.1842662213466388	Lower_in_CALR	3	AHNAK	AHNAK nucleoprotein	Homo sapiens	11	11q12.3	genomic	annotated
29957	3	15	22.88798123193624	31.787898553786743	-8.89991732185051	-0.4568785021940789	-1.1839758528109294	1.1839758528109294	Lower_in_CALR	3	SLC25A24	solute carrier family 25 member 24	Homo sapiens	1	1p13.3	genomic	annotated
960	3	15	203.0742599121144	341.88902084965497	-138.81476093754063	-0.7486474852789611	-1.183853223315513	1.183853223315513	Lower_in_CALR	3	CD44	CD44 molecule (IN blood group)	Homo sapiens	11	11p13	genomic	annotated
653598	3	15	1.6586976498165231	2.3365358121707973	-0.677838162354274	-0.327631267300656	-1.1834068248495484	1.1834068248495484	Lower_in_CALR	3	PPIAL4C	peptidylprolyl isomerase A like 4C	Homo sapiens	1	1q21.2	genomic	annotated
10871	3	15	4.467793516752139	9.363531032257775	-4.895737515505638	-0.922484969845394	-1.1819315048357557	1.1819315048357557	Lower_in_CALR	3	CD300C	CD300c molecule	Homo sapiens	17	17q25.1	genomic	annotated
6391	3	15	10.45741306128795	14.52629697220079	-4.06888391091284	-0.4384324488273901	-1.1817368501540788	1.1817368501540788	Lower_in_CALR	3	SDHC	succinate dehydrogenase complex subunit C	Homo sapiens	1	1q23.3	genomic	annotated
6256	3	15	35.99166932532537	52.29425918387609	-16.302589858550725	-0.5267797288485667	-1.1798752619363166	1.1798752619363166	Lower_in_CALR	3	RXRA	retinoid X receptor alpha	Homo sapiens	9	9q34.2	genomic	annotated
100506204	3	15	27.345922357471697	46.86426109979123	-19.51833874231953	-0.7558076237770806	-1.1793610178373577	1.1793610178373577	Lower_in_CALR	3	LOC100506204	hypothetical LOC100506204	Homo sapiens	22		genomic	annotated
27180	3	15	8.67982749423113	14.891432759841232	-6.2116052656101015	-0.7151959605294906	-1.1778573967065291	1.1778573967065291	Lower_in_CALR	3	SIGLEC9	sialic acid binding Ig like lectin 9	Homo sapiens	19	19q13.41	genomic	annotated
57864	3	15	3.069807304012776	6.839205211943744	-3.7693979079309687	-0.9457469044078112	-1.1769701981352247	1.1769701981352247	Lower_in_CALR	3	SLC46A2	solute carrier family 46 member 2	Homo sapiens	9	9q32	genomic	annotated
10352	3	15	4.001973081905137	5.119322511525746	-1.1173494296206083	-0.2908746429985247	-1.1767132087351384	1.1767132087351384	Lower_in_CALR	3	WARS2	tryptophanyl tRNA synthetase 2, mitochondrial	Homo sapiens	1	1p12	genomic	annotated
2288	3	15	8.28664001462701	12.761355889922903	-4.474715875295894	-0.5673940072736054	-1.1764651035747158	1.1764651035747158	Lower_in_CALR	3	FKBP4	FKBP prolyl isomerase 4	Homo sapiens	12	12p13.33	genomic	annotated
3071	3	15	139.3328367994222	177.51602662477364	-38.18318982535144	-0.3472009728813585	-1.1764651002978237	1.1764651002978237	Lower_in_CALR	3	NCKAP1L	NCK associated protein 1 like	Homo sapiens	12	12q13.13-q13.2	genomic	annotated
10984	3	15	18.820554717176964	55.29608287227811	-36.475528155101145	-1.506037202145433	-1.176390930392329	1.176390930392329	Lower_in_CALR	3	KCNQ1OT1	KCNQ1 opposite strand/antisense transcript 1	Homo sapiens	11	11p15.5	genomic	annotated
2997	3	15	7.304511290456254	10.587381127765848	-3.282869837309592	-0.4805873635588478	-1.175579584874309	1.175579584874309	Lower_in_CALR	3	GYS1	glycogen synthase 1	Homo sapiens	19	19q13.33	genomic	annotated
5106	3	15	4.22453671617323	6.511658921339942	-2.287122205166712	-0.5238284442212224	-1.1742504979447683	1.1742504979447683	Lower_in_CALR	3	PCK2	phosphoenolpyruvate carboxykinase 2, mitochondrial	Homo sapiens	14	14q11.2-q12	genomic	annotated
100506928	3	15	9.02469822573361	12.15594332079202	-3.1312450950584108	-0.3921558900223885	-1.1730529137122223	1.1730529137122223	Lower_in_CALR	3	LOC100506928	uncharacterized LOC100506928	Homo sapiens	16		genomic	annotated
10388	3	15	2.7722750794827604	4.844695247656556	-2.072420168173795	-0.6316929189927434	-1.1729808033661997	1.1729808033661997	Lower_in_CALR	3	SYCP2	synaptonemal complex protein 2	Homo sapiens	20	20q13.33	genomic	annotated
55799	3	15	1.5905279207553935	3.3953670218842413	-1.804839101128848	-0.7627375052383216	-1.1723259056154822	1.1723259056154822	Lower_in_CALR	3	CACNA2D3	calcium voltage-gated channel auxiliary subunit alpha2delta 3	Homo sapiens	3	3p21.1-p14.3	genomic	annotated
51393	3	15	15.88344851896972	20.63758792651584	-4.754139407546118	-0.3579300711590552	-1.1712733122137862	1.1712733122137862	Lower_in_CALR	3	TRPV2	transient receptor potential cation channel subfamily V member 2	Homo sapiens	17	17p11.2	genomic	annotated
23185	3	15	26.4486627898731	44.38614378062236	-17.93748099074926	-0.7255160478508955	-1.1712047363282077	1.1712047363282077	Lower_in_CALR	3	LARP4B	La ribonucleoprotein 4B	Homo sapiens	10	10p15.3	genomic	annotated
79626	3	15	6.880755607364381	13.830470304160135	-6.949714696795756	-0.9121584821697568	-1.170215233332955	1.170215233332955	Lower_in_CALR	3	TIPE2	TNF alpha induced protein 8 like 2	Homo sapiens	1	1q21.3	genomic	annotated
4055	3	15	12.24379754285395	18.80611670300412	-6.562319160150173	-0.5806291835464639	-1.1691221041134372	1.1691221041134372	Lower_in_CALR	3	LTBR	lymphotoxin beta receptor	Homo sapiens	12	12p13.31	genomic	annotated
79685	3	15	16.4069081269561	21.43955239667906	-5.032644269722958	-0.3663839292520663	-1.168866526052527	1.168866526052527	Lower_in_CALR	3	SAP30L	SAP30 like	Homo sapiens	5	5q33.2	genomic	annotated
134145	3	15	1.6418932845633163	2.9751894166980137	-1.3332961321346972	-0.5894514138685765	-1.1682023731562587	1.1682023731562587	Lower_in_CALR	3	ATPSCKMT	ATP synthase c subunit lysine N-methyltransferase	Homo sapiens	5	5p15.2	genomic	annotated
27130	3	15	10.367000095493747	14.304843363102334	-3.937843267608587	-0.4291367219268025	-1.1680643428016644	1.1680643428016644	Lower_in_CALR	3	INVS	inversin	Homo sapiens	9	9q31.1	genomic	annotated
9896	3	15	12.260631753942071	19.477399990620093	-7.2167682366780195	-0.6268830394286873	-1.1680302138459169	1.1680302138459169	Lower_in_CALR	3	FIG4	FIG4 phosphoinositide 5-phosphatase	Homo sapiens	6	6q21	genomic	annotated
55332	3	15	7.816894708741411	11.590723537250954	-3.773828828509543	-0.514018654929322	-1.167765528411633	1.167765528411633	Lower_in_CALR	3	DRAM1	DNA damage regulated autophagy modulator 1	Homo sapiens	12	12q23.2	genomic	annotated
645142	3	15	1.0312251788267774	1.4030738662684088	-0.3718486874416313	-0.2425308113742892	-1.1676737049050492	1.1676737049050492	Lower_in_CALR	3	PPIAL4D	peptidylprolyl isomerase A like 4D	Homo sapiens	1	1q21.1	genomic	annotated
84364	3	15	36.19849947949766	43.31599674680315	-7.117497267305488	-0.2525831356841035	-1.1668911275949287	1.1668911275949287	Lower_in_CALR	3	ARFGAP2	ARF GTPase activating protein 2	Homo sapiens	11	11p11.2	genomic	annotated
5373	3	15	9.36889807116737	13.03537770378836	-3.666479632620989	-0.4368053050336931	-1.166765197603209	1.166765197603209	Lower_in_CALR	3	PMM2	phosphomannomutase 2	Homo sapiens	16	16p13.2	genomic	annotated
8824	3	15	11.893444924444417	15.064234230278515	-3.1707893058340986	-0.3172144297945931	-1.1659827308097257	1.1659827308097257	Lower_in_CALR	3	CES2	carboxylesterase 2	Homo sapiens	16	16q22.1	genomic	annotated
9731	3	15	9.637777646015032	13.839510972074152	-4.20173332605912	-0.4802467627744415	-1.1654614009740374	1.1654614009740374	Lower_in_CALR	3	CEP104	centrosomal protein 104	Homo sapiens	1	1p36.32	genomic	annotated
81929	3	15	7.909584339184998	10.678423129509817	-2.7688387903248186	-0.3904154564736841	-1.1642950062473223	1.1642950062473223	Lower_in_CALR	3	SEH1L	SEH1 like nucleoporin	Homo sapiens	18	18p11.21	genomic	annotated
57595	3	15	5.06494114387784	9.568113956702378	-4.503172812824538	-0.8011523783076822	-1.1640571754629754	1.1640571754629754	Lower_in_CALR	3	PDZD4	PDZ domain containing 4	Homo sapiens	X	Xq28	genomic	annotated
4047	3	15	8.724852656030583	12.453735985385055	-3.728883329354474	-0.4682585555730956	-1.1640041428035717	1.1640041428035717	Lower_in_CALR	3	LSS	lanosterol synthase	Homo sapiens	21	21q22.3	genomic	annotated
10288	3	15	46.05060160236567	68.35806063354985	-22.307459031184187	-0.559850389196141	-1.1639610438653978	1.1639610438653978	Lower_in_CALR	3	LILRB2	leukocyte immunoglobulin like receptor B2	Homo sapiens	19	19q13.42	genomic	annotated
9650	3	15	2.0445183445943367	3.690471223882509	-1.6459528792881724	-0.6235188631975255	-1.1636483903322643	1.1636483903322643	Lower_in_CALR	3	MTFR1	mitochondrial fission regulator 1	Homo sapiens	8	8q13.1	genomic	annotated
255649	3	15	0.6814881593511384	1.0536214509388229	-0.3721332915876845	-0.2884316508834298	-1.1634013864564017	1.1634013864564017	Lower_in_CALR	3	OOSP1	oocyte secreted protein 1	Homo sapiens	11	11q12.1	genomic	annotated
27036	3	15	6.225935999329633	10.12002969422196	-3.894093694892328	-0.6219042586691401	-1.162445005029601	1.162445005029601	Lower_in_CALR	3	SIGLEC7	sialic acid binding Ig like lectin 7	Homo sapiens	19	19q13.41	genomic	annotated
83692	3	15	11.232289408178724	16.37544724705232	-5.143157838873599	-0.5063556680756616	-1.162108514032797	1.162108514032797	Lower_in_CALR	3	CD99L2	CD99 molecule like 2	Homo sapiens	X	Xq28	genomic	annotated
53373	3	15	8.8265839171509	16.111806688242694	-7.285222771091794	-0.8002302147593157	-1.1619897021296826	1.1619897021296826	Lower_in_CALR	3	TPCN1	two pore segment channel 1	Homo sapiens	12	12q24.13	genomic	annotated
6693	3	15	78.64990185520567	120.35520447763844	-41.70530262243277	-0.6074914925189878	-1.161696963801877	1.161696963801877	Lower_in_CALR	3	SPN	sialophorin	Homo sapiens	16	16p11.2	genomic	annotated
2677	3	15	4.73674631896559	6.404271804260107	-1.667525485294517	-0.3681251333432462	-1.161553389540474	1.161553389540474	Lower_in_CALR	3	GGCX	gamma-glutamyl carboxylase	Homo sapiens	2	2p11.2	genomic	annotated
1355	3	15	15.6628010261256	21.75269921538684	-6.089898189261236	-0.4494067674225181	-1.1612480061392991	1.1612480061392991	Lower_in_CALR	3	COX15	cytochrome c oxidase assembly factor COX15	Homo sapiens	10	10q24.2	genomic	annotated
4069	3	15	907.2824738164868	2133.452011572651	-1226.169537756164	-1.232652779806111	-1.1610454695254289	1.1610454695254289	Lower_in_CALR	3	LYZ	lysozyme	Homo sapiens	12	12q15	genomic	annotated
29767	3	15	13.576941539144377	26.770080683709168	-13.19313914456479	-0.929843316426858	-1.1610195432293555	1.1610195432293555	Lower_in_CALR	3	TMOD2	tropomodulin 2	Homo sapiens	15	15q21.2	genomic	annotated
10491	3	15	40.7788470134716	63.29896974904235	-22.52012273557075	-0.6220229433346907	-1.1608649971026748	1.1608649971026748	Lower_in_CALR	3	CRTAP	cartilage associated protein	Homo sapiens	3	3p22.3	genomic	annotated
55779	3	15	6.365385972549056	12.569189978511206	-6.20380400596215	-0.881501565991393	-1.1607205967801326	1.1607205967801326	Lower_in_CALR	3	CFAP44	cilia and flagella associated protein 44	Homo sapiens	3	3q13.2	genomic	annotated
127833	3	15	0.7743918582885533	1.7434306498666032	-0.96903879157805	-0.6286564560421066	-1.160562203366369	1.160562203366369	Lower_in_CALR	3	SYT2	synaptotagmin 2	Homo sapiens	1	1q32.1	genomic	annotated
1374	3	15	30.142606986499867	54.81504816191163	-24.67244117541177	-0.8417644167892115	-1.1604316047709828	1.1604316047709828	Lower_in_CALR	3	CPT1A	carnitine palmitoyltransferase 1A	Homo sapiens	11	11q13.3	genomic	annotated
83937	3	15	21.54959848592975	37.747646463806994	-16.198047977877245	-0.7810069382543823	-1.160356100337319	1.160356100337319	Lower_in_CALR	3	RASSF4	Ras association domain family member 4	Homo sapiens	10	10q11.21	genomic	annotated
972	3	15	329.9200197839157	482.3630425247351	-152.4430227408194	-0.5466245967232837	-1.1601542324999394	1.1601542324999394	Lower_in_CALR	3	CD74	CD74 molecule	Homo sapiens	5	5q33.1	genomic	annotated
10201	3	15	1.7949948467252377	2.879330256542292	-1.0843354098170548	-0.4729619780316787	-1.1594018605447314	1.1594018605447314	Lower_in_CALR	2	NME6	NME/NM23 nucleoside diphosphate kinase 6	Homo sapiens	3	3p21.31	genomic	annotated
29015	3	15	15.136935207423102	20.459632657846083	-5.3226974504229805	-0.4112587784065544	-1.159382653279349	1.159382653279349	Lower_in_CALR	3	SLC43A3	solute carrier family 43 member 3	Homo sapiens	11	11q12.1	genomic	annotated
192670	3	15	52.2432609811901	69.49251662978479	-17.24925564859469	-0.4048711770352353	-1.1577215624981003	1.1577215624981003	Lower_in_CALR	3	AGO4	argonaute RISC component 4	Homo sapiens	1	1p34.3	genomic	annotated
9791	3	15	45.8981753308074	60.96615525706058	-15.06797992625318	-0.4019486650037942	-1.155851161953243	1.155851161953243	Lower_in_CALR	3	PTDSS1	phosphatidylserine synthase 1	Homo sapiens	8	8q22.1	genomic	annotated
57705	3	15	31.3231254324331	50.48549533544532	-19.162369903012223	-0.6715993448013808	-1.1555382418118	1.1555382418118	Lower_in_CALR	3	WDFY4	WDFY family member 4	Homo sapiens	10	10q11.23	genomic	annotated
100507614	3	15	0.9154426728548885	1.417886618984557	-0.5024439461296686	-0.3360687463440888	-1.155213846889646	1.155213846889646	Lower_in_CALR	2	LOC100507614	hypothetical LOC100507614	Homo sapiens	7		genomic	annotated
64780	3	15	33.4720233544887	42.047525095215214	-8.575501740726516	-0.3205043150567164	-1.1545908943284986	1.1545908943284986	Lower_in_CALR	3	MICAL1	microtubule associated monooxygenase, calponin and LIM domain containing 1	Homo sapiens	6	6q21	genomic	annotated
3038	3	15	7.023034380511239	9.596605503186485	-2.5735711226752462	-0.401382303903055	-1.1538273665807397	1.1538273665807397	Lower_in_CALR	3	HAS3	hyaluronan synthase 3	Homo sapiens	16	16q22.1	genomic	annotated
8243	3	15	53.5326159058522	88.1168252706454	-34.58420936479321	-0.7085784759437832	-1.1533539699229782	1.1533539699229782	Lower_in_CALR	3	SMC1A	structural maintenance of chromosomes 1A	Homo sapiens	X	Xp11.22	genomic	annotated
23294	3	15	11.710598047371368	15.5051330296923	-3.794534982320931	-0.3768828542822131	-1.1528742139642378	1.1528742139642378	Lower_in_CALR	3	ANKS1A	ankyrin repeat and sterile alpha motif domain containing 1A	Homo sapiens	6	6p21.31	genomic	annotated
23623	3	15	2.09046712676843	3.4190054077664342	-1.3285382809980044	-0.5158967773870047	-1.1527642417700794	1.1527642417700794	Lower_in_CALR	3	RUSC1	RUN and SH3 domain containing 1	Homo sapiens	1	1q22	genomic	annotated
253725	3	15	49.57271920395363	62.01064272837985	-12.437923524426218	-0.3172361740085652	-1.1521052464615278	1.1521052464615278	Lower_in_CALR	3	WASHC2C	WASH complex subunit 2C	Homo sapiens	10	10q11.22	genomic	annotated
261734	3	15	1.7571786092018131	2.655832547843531	-0.8986539386417178	-0.4070072628203209	-1.1516618697275545	1.1516618697275545	Lower_in_CALR	3	NPHP4	nephrocystin 4	Homo sapiens	1	1p36.31	genomic	annotated
401509	3	15	0.705920132424165	1.9012301382770085	-1.1953100058528436	-0.7661146366582959	-1.151329202785295	1.151329202785295	Lower_in_CALR	2	ZNF658B	zinc finger protein 658B (pseudogene)	Homo sapiens	9	9p12	genomic	annotated
51281	3	15	8.73437101981209	12.230291623623646	-3.495920603811557	-0.4426851937707483	-1.1504360184566866	1.1504360184566866	Lower_in_CALR	3	ANKMY1	ankyrin repeat and MYND domain containing 1	Homo sapiens	2	2q37.3	genomic	annotated
5532	3	15	20.532995627034	30.352622642752348	-9.819627015718346	-0.5420370910260228	-1.1500041007776425	1.1500041007776425	Lower_in_CALR	3	PPP3CB	protein phosphatase 3 catalytic subunit beta	Homo sapiens	10	10q22.2	genomic	annotated
1730	3	15	30.3414348633884	51.04106206602379	-20.69962720263539	-0.7315791748919196	-1.1498803952392689	1.1498803952392689	Lower_in_CALR	3	DIAPH2	diaphanous related formin 2	Homo sapiens	X	Xq21.33	genomic	annotated
58491	3	15	2.956004569715757	5.195715154013738	-2.2397105842979808	-0.6472267256132902	-1.149506605012388	1.149506605012388	Lower_in_CALR	3	ZNF71	zinc finger protein 71	Homo sapiens	19	19q13.43	genomic	annotated
10445	3	15	6.829881566847424	9.075162703885695	-2.245281137038273	-0.3637407461452508	-1.149447579942672	1.149447579942672	Lower_in_CALR	3	MCRS1	microspherule protein 1	Homo sapiens	12	12q13.12	genomic	annotated
7371	3	15	2.53771146854372	3.6796635628170806	-1.141952094273361	-0.4035884248367631	-1.149183838543209	1.149183838543209	Lower_in_CALR	3	UCK2	uridine-cytidine kinase 2	Homo sapiens	1	1q24.1	genomic	annotated
92249	3	15	4.778109274337377	6.320582998176553	-1.5424737238391757	-0.3413610586518576	-1.147430440861246	1.147430440861246	Lower_in_CALR	3	LINC01278	long independently transcribed non-coding RNA 1278	Homo sapiens	X	Xq11.1	genomic	annotated
170371	3	15	1.3907734386334116	2.141022157576813	-0.7502487189434013	-0.3937567004675186	-1.1473235279251377	1.1473235279251377	Lower_in_CALR	3	TMEM273	transmembrane protein 273	Homo sapiens	10	10q11.23	genomic	annotated
50813	3	15	5.77528441607777	8.703754382836468	-2.928469966758698	-0.5182615241890636	-1.1470700667132818	1.1470700667132818	Lower_in_CALR	3	COPS7A	COP9 signalosome subunit 7A	Homo sapiens	12	12p13.31	genomic	annotated
26091	3	15	24.602488610702768	35.01730054480367	-10.4148119341009	-0.4924060072146483	-1.146879730900059	1.146879730900059	Lower_in_CALR	3	HERC4	HECT and RLD domain containing E3 ubiquitin protein ligase 4	Homo sapiens	10	10q21.3	genomic	annotated
91942	3	15	4.155365956351643	6.30676853014093	-2.1514025737892872	-0.5031586634884926	-1.1457730001730129	1.1457730001730129	Lower_in_CALR	3	NDUFAF2	NADH:ubiquinone oxidoreductase complex assembly factor 2	Homo sapiens	5	5q12.1	genomic	annotated
388559	3	15	3.0071914581497	4.721995231940067	-1.7148037737903672	-0.5139268540642381	-1.1455453439059742	1.1455453439059742	Lower_in_CALR	3	ZNF888	zinc finger protein 888	Homo sapiens	19	19q13.41	genomic	annotated
55266	3	15	8.23625431254221	13.683932082939457	-5.447677770397245	-0.6688585445466804	-1.1454520576449352	1.1454520576449352	Lower_in_CALR	3	FAABTP	fatty acid amide binding transmembrane protein	Homo sapiens	12	12q21.1	genomic	annotated
11160	3	15	11.268120936793563	14.08100126667828	-2.8128803298847167	-0.29781792244153	-1.144818645367733	1.144818645367733	Lower_in_CALR	3	ERLIN2	ER lipid raft associated 2	Homo sapiens	8	8p11.23	genomic	annotated
4615	3	15	49.99344295757134	74.19535997005042	-24.20191701247908	-0.5603318925906269	-1.1448162658520995	1.1448162658520995	Lower_in_CALR	3	MYD88	MYD88 innate immune signal transduction adaptor	Homo sapiens	3	3p22.2	genomic	annotated
7156	3	15	12.6571404441684	16.048596860695813	-3.3914564165274133	-0.3199975657171681	-1.144550274195744	1.144550274195744	Lower_in_CALR	3	TOP3A	DNA topoisomerase III alpha	Homo sapiens	17	17p11.2	genomic	annotated
79901	3	15	13.771748139887352	24.73801547718084	-10.96626733729349	-0.8010602494915924	-1.144328949696079	1.144328949696079	Lower_in_CALR	3	CYBRD1	cytochrome b reductase 1	Homo sapiens	2	2q31.1	genomic	annotated
64231	3	15	80.14412843174402	150.12156906160828	-69.97744062986426	-0.8971509754774578	-1.1442932787270828	1.1442932787270828	Lower_in_CALR	3	MS4A6A	membrane spanning 4-domains A6A	Homo sapiens	11	11q12.2	genomic	annotated
128338	3	15	27.04441603231924	36.158948669792736	-9.114532637473502	-0.4059961422799043	-1.1439336583575437	1.1439336583575437	Lower_in_CALR	3	DRAM2	DNA damage regulated autophagy modulator 2	Homo sapiens	1	1p13.3	genomic	annotated
3101	3	15	47.3136331436296	78.19614968268785	-30.882516539058244	-0.7129999455362146	-1.1435430640340551	1.1435430640340551	Lower_in_CALR	3	HK3	hexokinase 3	Homo sapiens	5	5q35.2	genomic	annotated
27151	3	15	1.967580667176212	3.935184336476723	-1.9676036693005108	-0.733816725591212	-1.1429640042839782	1.1429640042839782	Lower_in_CALR	3	CPAMD8	C3 and PZP like alpha-2-macroglobulin domain containing 8	Homo sapiens	19	19p13.11	genomic	annotated
5777	3	15	80.2573916265891	101.02793157882331	-20.77053995223423	-0.3283932045770061	-1.1425942170668912	1.1425942170668912	Lower_in_CALR	3	PTPN6	protein tyrosine phosphatase non-receptor type 6	Homo sapiens	12	12p13.31	genomic	annotated
84747	3	15	6.349455100202039	8.568496063390628	-2.219040963188588	-0.3806548953884867	-1.142569030800081	1.142569030800081	Lower_in_CALR	3	UNC119B	unc-119 lipid binding chaperone B	Homo sapiens	12	12q24.31	genomic	annotated
6281	3	15	42.68120006528591	58.32950239351511	-15.6483023282292	-0.4417371903746874	-1.1425577321072964	1.1425577321072964	Lower_in_CALR	3	S100A10	S100 calcium binding protein A10	Homo sapiens	1	1q21.3	genomic	annotated
92285	3	15	4.539796172117453	7.539182312539444	-2.999386140421992	-0.6242650325358148	-1.1425138666421373	1.1425138666421373	Lower_in_CALR	3	ZNF585B	zinc finger protein 585B	Homo sapiens	19	19q13.12	genomic	annotated
285	3	15	1.8530366377084533	4.231926001221092	-2.3788893635126387	-0.8748438623093178	-1.1423471890087806	1.1423471890087806	Lower_in_CALR	3	ANGPT2	angiopoietin 2	Homo sapiens	8	8p23.1	genomic	annotated
159195	3	15	2.9641391225789264	4.613079643698688	-1.6489405211197616	-0.50178493456924	-1.1421731838140037	1.1421731838140037	Lower_in_CALR	3	USP54	ubiquitin specific peptidase 54	Homo sapiens	10	10q22.2	genomic	annotated
646396	3	15	2.40288709826653	5.089265987648596	-2.686378889382066	-0.8395090472096767	-1.1418518383780578	1.1418518383780578	Lower_in_CALR	3	REREP3	arginine-glutamic acid dipeptide repeats pseudogene 3	Homo sapiens	15	15q11.2	genomic	annotated
100507522	3	15	1.1050280430892003	1.8381837556523863	-0.733155712563186	-0.4311285454757394	-1.1416928465851548	1.1416928465851548	Lower_in_CALR	3	LOC100507522	hypothetical LOC100507522	Homo sapiens	19		genomic	annotated
284837	3	15	5.239714446669897	11.952707661262568	-6.712993214592672	-1.0537018010075498	-1.1413183705327326	1.1413183705327326	Lower_in_CALR	3	AATBC	apoptosis associated transcript in bladder cancer	Homo sapiens	21	21q22.3	genomic	annotated
100290566	3	15	1.7203781033825096	2.706309789156532	-0.985931685774022	-0.4461762884498126	-1.1402247138144366	1.1402247138144366	Lower_in_CALR	3	LOC100290566	uncharacterized LOC100290566	Homo sapiens	17		genomic	annotated
10548	3	15	8.894917697994849	11.206642151555494	-2.311724453560645	-0.3029067803225107	-1.1395863399802546	1.1395863399802546	Lower_in_CALR	3	TM9SF1	transmembrane 9 superfamily member 1	Homo sapiens	14	14q12	genomic	annotated
79672	3	15	6.630516532976991	8.416743622921672	-1.7862270899446813	-0.3034475310479338	-1.1393598021421554	1.1393598021421554	Lower_in_CALR	3	FN3KRP	fructosamine 3 kinase related protein	Homo sapiens	17	17q25.3	genomic	annotated
84321	3	15	12.651719679514509	19.35222543319592	-6.700505753681412	-0.5761038599920392	-1.1385163126941436	1.1385163126941436	Lower_in_CALR	3	THOC3	THO complex subunit 3	Homo sapiens	5	5q35.2	genomic	annotated
57404	3	15	16.5323213896725	22.053372065554232	-5.521050675881732	-0.394960761502432	-1.1378640348112117	1.1378640348112117	Lower_in_CALR	3	CYP20A1	cytochrome P450 family 20 subfamily A member 1	Homo sapiens	2	2q33.2	genomic	annotated
79794	3	15	7.6799893352061135	10.662456374296696	-2.982467039090584	-0.4261065092081897	-1.1366895593121111	1.1366895593121111	Lower_in_CALR	3	SPRING1	SREBF pathway regulator in golgi 1	Homo sapiens	12	12q24.22	genomic	annotated
3703	3	15	26.2027753029181	34.35924579106865	-8.156470488150553	-0.3783336557750685	-1.1350497662162793	1.1350497662162793	Lower_in_CALR	3	STT3A	STT3 oligosaccharyltransferase complex catalytic subunit A	Homo sapiens	11	11q24.2	genomic	annotated
65123	3	15	13.196553857804034	22.840926588194847	-9.644372730390812	-0.7478995426245554	-1.131536208853356	1.131536208853356	Lower_in_CALR	3	INTS3	integrator complex subunit 3	Homo sapiens	1	1q21.3	genomic	annotated
29899	3	15	4.27844868787777	6.357147209714982	-2.078698521837212	-0.4790324682904399	-1.1314570481502002	1.1314570481502002	Lower_in_CALR	3	GPSM2	G protein signaling modulator 2	Homo sapiens	1	1p13.3	genomic	annotated
5420	3	15	1.3966958779068033	2.705614461767091	-1.3089185838602877	-0.6286659349995523	-1.1312271237265086	1.1312271237265086	Lower_in_CALR	3	PODXL	podocalyxin like	Homo sapiens	7	7q32.3	genomic	annotated
8793	3	15	5.850552074121744	10.538498705978215	-4.687946631856473	-0.7521633624828286	-1.1311468426798277	1.1311468426798277	Lower_in_CALR	3	TNFRSF10D	TNF receptor superfamily member 10d	Homo sapiens	8	8p21.3	genomic	annotated
55850	3	15	2.16838044948469	3.1662364965208734	-0.9978560470361836	-0.3949991560735277	-1.130969722327854	1.130969722327854	Lower_in_CALR	3	USE1	unconventional SNARE in the ER 1	Homo sapiens	19	19p13.11	genomic	annotated
57406	3	15	2.2144262802219523	4.009694341634182	-1.7952680614122296	-0.6401613181198094	-1.130897447918476	1.130897447918476	Lower_in_CALR	2	ABHD6	abhydrolase domain containing 6, acylglycerol lipase	Homo sapiens	3	3p14.3	genomic	annotated
57616	3	15	2.165686942908964	4.070129338101595	-1.904442395192632	-0.6795039572290904	-1.130859425757628	1.130859425757628	Lower_in_CALR	3	TSHZ3	teashirt zinc finger homeobox 3	Homo sapiens	19	19q12	genomic	annotated
11238	3	15	14.50276494022071	24.27442005578765	-9.771655115566944	-0.7051524434134766	-1.129852796130922	1.129852796130922	Lower_in_CALR	3	CA5B	carbonic anhydrase 5B	Homo sapiens	X	Xp22.2	genomic	annotated
8310	3	15	3.09613469292866	4.369587433496219	-1.2734527405675586	-0.39054808837506	-1.1296169116118135	1.1296169116118135	Lower_in_CALR	3	ACOX3	acyl-CoA oxidase 3, pristanoyl	Homo sapiens	4	4p16.1	genomic	annotated
5576	3	15	19.4457257815112	23.562341082155395	-4.116615300644195	-0.2646487966930539	-1.128678972901571	1.128678972901571	Lower_in_CALR	3	PRKAR2A	protein kinase cAMP-dependent type II regulatory subunit alpha	Homo sapiens	3	3p21.31	genomic	annotated
387680	3	15	49.531231195801205	62.22521900640707	-12.693987810605869	-0.3233247975455908	-1.1281906967185986	1.1281906967185986	Lower_in_CALR	3	WASHC2A	WASH complex subunit 2A	Homo sapiens	10	10q11.23	genomic	annotated
84153	3	15	18.117485674526268	25.828138479061188	-7.71065280453492	-0.4888541609431369	-1.1279944142304228	1.1279944142304228	Lower_in_CALR	3	RNASEH2C	ribonuclease H2 subunit C	Homo sapiens	11	11q13.1	genomic	annotated
27141	3	15	28.066169125003068	34.96912411923356	-6.902954994230495	-0.307418089884532	-1.1278416816933767	1.1278416816933767	Lower_in_CALR	3	CIDEB	cell death inducing DFFA like effector b	Homo sapiens	14	14q12	genomic	annotated
80854	3	15	24.55159881475193	35.22320442173091	-10.671605606978982	-0.5035006110917433	-1.127418917877247	1.127418917877247	Lower_in_CALR	3	SETD7	SET domain containing 7, histone lysine methyltransferase	Homo sapiens	4	4q31.1	genomic	annotated
3712	3	15	6.157972305912381	8.35530505292425	-2.1973327470118686	-0.3862337348834286	-1.1270923251124654	1.1270923251124654	Lower_in_CALR	3	IVD	isovaleryl-CoA dehydrogenase	Homo sapiens	15	15q15.1	genomic	annotated
126070	3	15	2.7143401007726697	4.094352205132427	-1.3800121043597575	-0.4557927851768248	-1.1270220442253158	1.1270220442253158	Lower_in_CALR	3	ZNF440	zinc finger protein 440	Homo sapiens	19	19p13.2	genomic	annotated
22846	3	15	8.50321573775341	16.334899291392325	-7.831683553638916	-0.8671917687691435	-1.1252485430960673	1.1252485430960673	Lower_in_CALR	3	VASH1	vasohibin 1	Homo sapiens	14	14q24.3	genomic	annotated
100506748	3	15	2.737672907118283	4.339120881645717	-1.6014479745274337	-0.5144618922132418	-1.1252105168304725	1.1252105168304725	Lower_in_CALR	3	LOC100506748	uncharacterized LOC100506748	Homo sapiens	2		genomic	annotated
10533	3	15	20.7953995399264	29.714878099511296	-8.919478559584899	-0.4949140070419844	-1.124773889099706	1.124773889099706	Lower_in_CALR	3	ATG7	autophagy related 7	Homo sapiens	3	3p25.3	genomic	annotated
150290	3	15	3.5727715818871766	4.983083347785719	-1.4103117658985425	-0.3878203049538973	-1.124488412886281	1.124488412886281	Lower_in_CALR	3	DUSP18	dual specificity phosphatase 18	Homo sapiens	22	22q12.2	genomic	annotated
55101	3	15	4.464440141816479	6.6555246609784575	-2.1910845191619783	-0.4864275618367499	-1.124355884513634	1.124355884513634	Lower_in_CALR	3	DMAC2	distal membrane arm assembly component 2	Homo sapiens	19	19q13.2	genomic	annotated
339263	3	15	1.1186996033992005	2.3207882393911854	-1.2020886359919851	-0.6483466758549721	-1.123734311861412	1.123734311861412	Lower_in_CALR	2	LINC02693	long independently transcribed non-coding RNA 2693	Homo sapiens	17	17p11.2	genomic	annotated
5530	3	15	37.28821977224904	50.05409292565413	-12.765873153405096	-0.4151260413106099	-1.1228668061195914	1.1228668061195914	Lower_in_CALR	3	PPP3CA	protein phosphatase 3 catalytic subunit alpha	Homo sapiens	4	4q24	genomic	annotated
693122	3	15	0.522105198955369	2.007340179258416	-1.485234980303047	-0.9824199966186556	-1.122036496129004	1.122036496129004	Lower_in_CALR	2	MIR421	microRNA 421	Homo sapiens	X	Xq13.2	genomic	annotated
51115	3	15	11.96725381334432	16.197555366118767	-4.230301552774447	-0.4073305202615023	-1.1205605435752433	1.1205605435752433	Lower_in_CALR	3	RMDN1	regulator of microtubule dynamics 1	Homo sapiens	8	8q21.3	genomic	annotated
8790	3	15	3.689655262798973	6.028251622715674	-2.3385963599167003	-0.5836839691462057	-1.1198711455531145	1.1198711455531145	Lower_in_CALR	3	FPGT	fucose-1-phosphate guanylyltransferase	Homo sapiens	1	1p31.1	genomic	annotated
4643	3	15	6.3759628061093325	10.385135519351572	-4.009172713242239	-0.6262481782483476	-1.1188200329247404	1.1188200329247404	Lower_in_CALR	3	MYO1E	myosin IE	Homo sapiens	15	15q22.2	genomic	annotated
57707	3	15	2.440975930705904	3.834650843548973	-1.39367491284307	-0.4905939020372207	-1.117251774757886	1.117251774757886	Lower_in_CALR	3	MEAK7	MTOR associated protein MEAK7	Homo sapiens	16	16q24.1	genomic	annotated
8495	3	15	7.661600393814557	11.257825014257566	-3.5962246204430093	-0.5009974951813838	-1.1167853159126877	1.1167853159126877	Lower_in_CALR	3	PPFIBP2	PPFIB scaffold protein 2	Homo sapiens	11	11p15.4	genomic	annotated
57594	3	15	3.767111490587823	7.1009437463177205	-3.3338322557298974	-0.7649746225710166	-1.1167233982995008	1.1167233982995008	Lower_in_CALR	3	HOMEZ	homeobox and leucine zipper encoding	Homo sapiens	14	14q11.2	genomic	annotated
57546	3	15	2.003514348183007	2.88427353328692	-0.8807591851039125	-0.3709932441139356	-1.1161638270931822	1.1161638270931822	Lower_in_CALR	3	PDP2	pyruvate dehydrogenase phosphatase catalytic subunit 2	Homo sapiens	16	16q22.1	genomic	annotated
7433	3	15	4.199618246285486	7.149055493353372	-2.949437247067886	-0.6482271500712726	-1.115897784564985	1.115897784564985	Lower_in_CALR	3	VIPR1	vasoactive intestinal peptide receptor 1	Homo sapiens	3	3p22.1	genomic	annotated
79832	3	15	27.8554005191658	44.98467448393678	-17.129273964770977	-0.6723117718438267	-1.1148418674346716	1.1148418674346716	Lower_in_CALR	3	QSER1	glutamine and serine rich 1	Homo sapiens	11	11p13	genomic	annotated
493	3	15	49.0359200448905	90.40517902042076	-41.36925897553026	-0.8693117545563673	-1.1146213490060677	1.1146213490060677	Lower_in_CALR	3	ATP2B4	ATPase plasma membrane Ca2+ transporting 4	Homo sapiens	1	1q32.1	genomic	annotated
84172	3	15	6.474705509296847	10.906285164481778	-4.431579655184931	-0.6716347077149338	-1.1141436285399369	1.1141436285399369	Lower_in_CALR	3	POLR1B	RNA polymerase I subunit B	Homo sapiens	2	2q14.1	genomic	annotated
2205	3	15	7.302288936295408	21.179746441290927	-13.87745750499552	-1.4176618261071887	-1.113117198846757	1.113117198846757	Lower_in_CALR	3	FCER1A	Fc epsilon receptor Ia	Homo sapiens	1	1q23.2	genomic	annotated
9293	3	15	0.9450283963557512	2.859180172526324	-1.914151776170572	-0.988503182246725	-1.111068107347237	1.111068107347237	Lower_in_CALR	3	GPR52	G protein-coupled receptor 52	Homo sapiens	1	1q25.1	genomic	annotated
54838	3	15	35.139912063665	49.2889830242854	-14.1490709606204	-0.4766493828042009	-1.108452505210386	1.108452505210386	Lower_in_CALR	3	WBP1L	WW domain binding protein 1 like	Homo sapiens	10	10q24.32	genomic	annotated
729230	3	15	20.682016553652883	50.23668366190593	-29.55466710825305	-1.2406781570711043	-1.107876063842457	1.107876063842457	Lower_in_CALR	3	CCR2	C-C motif chemokine receptor 2	Homo sapiens	3	3p21.31	genomic	annotated
911	3	15	4.087309064201127	9.128452115095662	-5.041143050894536	-0.9934390619305624	-1.107293989108092	1.107293989108092	Lower_in_CALR	3	CD1C	CD1c molecule	Homo sapiens	1	1q23.1	genomic	annotated
100128782	3	15	7.869308945213233	11.421291835120265	-3.5519828899070296	-0.4859216180437626	-1.1071343352461105	1.1071343352461105	Lower_in_CALR	3	ERCC6L2-AS1	ERCC6L2 antisense RNA 1	Homo sapiens	9	9q22.32	genomic	annotated
1124	3	15	6.658865621591137	11.221679430357929	-4.562813808766792	-0.6742399142981808	-1.1063628428864347	1.1063628428864347	Lower_in_CALR	3	CHN2	chimerin 2	Homo sapiens	7	7p14.3	genomic	annotated
284613	3	15	4.3345173752798	6.641688705778358	-2.3071713304985577	-0.5185337354394162	-1.1060194449201106	1.1060194449201106	Lower_in_CALR	3	CYB561D1	cytochrome b561 family member D1	Homo sapiens	1	1p13.3	genomic	annotated
9270	3	15	6.9595592987380535	9.655544598450248	-2.695985299712193	-0.4208438706679129	-1.1058662624769977	1.1058662624769977	Lower_in_CALR	3	ITGB1BP1	integrin subunit beta 1 binding protein 1	Homo sapiens	2	2p25.1	genomic	annotated
283383	3	15	0.7803966451814643	2.761236547244199	-1.9808399020627347	-1.079008354081873	-1.1057617938239386	1.1057617938239386	Lower_in_CALR	3	ADGRD1	adhesion G protein-coupled receptor D1	Homo sapiens	12	12q24.33	genomic	annotated
128646	3	15	2.1288207986262866	3.182050860956543	-1.0532300623302566	-0.4185915762620873	-1.105059353194174	1.105059353194174	Lower_in_CALR	3	SIRPD	signal regulatory protein delta	Homo sapiens	20	20p13	genomic	annotated
84446	3	15	0.6543488995674439	0.9921242920522744	-0.3377753924848305	-0.2680441337316468	-1.103292551461168	1.103292551461168	Lower_in_CALR	2	BRSK1	BR serine/threonine kinase 1	Homo sapiens	19	19q13.42	genomic	annotated
582	3	15	3.266467225980106	4.6649363414276905	-1.398469115447584	-0.4090177785373576	-1.102687300004236	1.102687300004236	Lower_in_CALR	3	BBS1	Bardet-Biedl syndrome 1	Homo sapiens	11	11q13.2	genomic	annotated
114826	3	15	7.531456890690357	10.281553941290122	-2.7500970505997646	-0.4031017685077089	-1.1009282413056178	1.1009282413056178	Lower_in_CALR	3	SMYD4	SET and MYND domain containing 4	Homo sapiens	17	17p13.3	genomic	annotated
10768	3	15	25.829300684445432	36.04817552147626	-10.218874837030828	-0.465593046448336	-1.099990314545746	1.099990314545746	Lower_in_CALR	3	AHCYL1	adenosylhomocysteinase like 1	Homo sapiens	1	1p13.3	genomic	annotated
100507642	3	15	1.1440660479606024	1.8888720908143803	-0.7448060428537779	-0.4301569791044353	-1.0998904683510269	1.0998904683510269	Lower_in_CALR	3	LINC03014	long independently transcribed non-coding RNA 3014	Homo sapiens	7	7p22.3	genomic	annotated
8564	3	15	7.305544652125223	12.952051704594096	-5.6465070524688725	-0.7483306077734051	-1.0992029189656247	1.0992029189656247	Lower_in_CALR	3	KMO	kynurenine 3-monooxygenase	Homo sapiens	1	1q43	genomic	annotated
92999	3	15	3.309063554027255	5.210745741834471	-1.9016821878072163	-0.5273921305300853	-1.0987725174656198	1.0987725174656198	Lower_in_CALR	3	ZBTB47	zinc finger and BTB domain containing 47	Homo sapiens	3	3p22.1	genomic	annotated
53335	3	15	5.32689663814903	10.991739188956494	-5.664842550807464	-0.922470979240002	-1.097583303600555	1.097583303600555	Lower_in_CALR	3	BCL11A	BCL11 transcription factor A	Homo sapiens	2	2p16.1	genomic	annotated
55727	3	15	16.97343493805197	25.631657392375697	-8.658222454323727	-0.5672760644587314	-1.097504119869488	1.097504119869488	Lower_in_CALR	3	BTBD7	BTB domain containing 7	Homo sapiens	14	14q32.12	genomic	annotated
11251	3	15	1.546199951295715	3.343654567502917	-1.797454616207202	-0.7705636587451627	-1.097239625199754	1.097239625199754	Lower_in_CALR	3	PTGDR2	prostaglandin D2 receptor 2	Homo sapiens	11	11q12.2	genomic	annotated
10525	3	15	21.8100883214483	29.69105363029448	-7.880965308846179	-0.42814614185147	-1.0971669847447931	1.0971669847447931	Lower_in_CALR	3	HYOU1	hypoxia up-regulated 1	Homo sapiens	11	11q23.3	genomic	annotated
405754	3	15	1.2491577960578228	2.6577929608369866	-1.4086351647791635	-0.7015885366333043	-1.0970699310468388	1.0970699310468388	Lower_in_CALR	3	ERVFRD-1	endogenous retrovirus group FRD member 1, envelope	Homo sapiens	6	6p24.2	genomic	annotated
284406	3	15	1.2982825651973735	2.264709678336249	-0.9664271131388752	-0.5063985197509879	-1.096394267766889	1.096394267766889	Lower_in_CALR	3	ZFP82	ZFP82 zinc finger protein	Homo sapiens	19	19q13.12	genomic	annotated
3082	3	15	3.666117508213277	6.31330335390308	-2.6471858456898025	-0.6483005662842332	-1.0961701534085344	1.0961701534085344	Lower_in_CALR	3	HGF	hepatocyte growth factor	Homo sapiens	7	7q21.11	genomic	annotated
392490	3	15	2.1517545596054664	3.493157430214432	-1.3414028706089651	-0.5115744211303623	-1.0950988054467945	1.0950988054467945	Lower_in_CALR	3	FLJ44635	TPT1-like protein	Homo sapiens	X	Xq13.1	genomic	annotated
113419	3	15	7.321311639284457	10.281603826574068	-2.960292187289609	-0.4390893252477892	-1.0950844207442216	1.0950844207442216	Lower_in_CALR	3	TEX261	testis expressed 261	Homo sapiens	2	2p13.3	genomic	annotated
64897	3	15	3.57580825907592	4.647584123168168	-1.071775864092248	-0.3036072554641214	-1.094803265016031	1.094803265016031	Lower_in_CALR	3	C12orf43	chromosome 12 open reading frame 43	Homo sapiens	12	12q24.31	genomic	annotated
9498	3	15	3.273836019018917	5.216802140588288	-1.9429661215693712	-0.540641108676728	-1.094570478194696	1.094570478194696	Lower_in_CALR	3	SLC4A8	solute carrier family 4 member 8	Homo sapiens	12	12q13.13	genomic	annotated
120425	3	15	81.73249815129886	145.29368992255507	-63.56119177125622	-0.8223414922764922	-1.0939920766194509	1.0939920766194509	Lower_in_CALR	3	JAML	junction adhesion molecule like	Homo sapiens	11	11q23.3	genomic	annotated
6874	3	15	4.847363469182266	7.992280531092351	-3.144917061910085	-0.6209007725394651	-1.0926199665663492	1.0926199665663492	Lower_in_CALR	3	TAF4	TATA-box binding protein associated factor 4	Homo sapiens	20	20q13.33	genomic	annotated
54884	3	15	7.357895424941252	9.930220007677123	-2.572324582735873	-0.3871108277227537	-1.092357977830115	1.092357977830115	Lower_in_CALR	3	RETSAT	retinol saturase	Homo sapiens	2	2p11.2	genomic	annotated
8738	3	15	1.8831302270613728	2.692796587228002	-0.8096663601666287	-0.3570777929285784	-1.0922848697115182	1.0922848697115182	Lower_in_CALR	3	CRADD	CARD and death domain containing adaptor protein	Homo sapiens	12	12q22	genomic	annotated
84034	3	15	73.10232618043118	109.62939326261044	-36.52706708217927	-0.5781440112998659	-1.091825052672947	1.091825052672947	Lower_in_CALR	3	EMILIN2	elastin microfibril interfacer 2	Homo sapiens	18	18p11.32-p11.31	genomic	annotated
4221	3	15	4.415523249938217	6.891016939387749	-2.4754936894495323	-0.5431104984066089	-1.0911090232922118	1.0911090232922118	Lower_in_CALR	3	MEN1	menin 1	Homo sapiens	11	11q13.1	genomic	annotated
84976	3	15	1.7221676277609503	2.8582929650912003	-1.13612533733025	-0.503206784237658	-1.0903021004121	1.0903021004121	Lower_in_CALR	3	DISP1	dispatched RND transporter family member 1	Homo sapiens	1	1q41	genomic	annotated
347862	3	15	3.89957484038364	5.808525621314378	-1.9089507809307384	-0.4746858529563735	-1.089256268427263	1.089256268427263	Lower_in_CALR	3	GATD1	glutamine amidotransferase class 1 domain containing 1	Homo sapiens	11	11p15.5	genomic	annotated
100507107	3	15	1.3107726111604412	2.0811269095106755	-0.7703542983502343	-0.4150828071285724	-1.0888154044974845	1.0888154044974845	Lower_in_CALR	3	LOC100507107	hypothetical LOC100507107	Homo sapiens	3		genomic	annotated
6604	3	15	9.254458845760231	14.132120499821273	-4.87766165406104	-0.5613628108995004	-1.0884860702946049	1.0884860702946049	Lower_in_CALR	3	SMARCD3	SWI/SNF related BAF chromatin remodeling complex subunit D3	Homo sapiens	7	7q36.1	genomic	annotated
1938	3	15	663.0203180643166	940.1779988728894	-277.1576808085728	-0.5032402096511603	-1.0884610383097977	1.0884610383097977	Lower_in_CALR	3	EEF2	eukaryotic translation elongation factor 2	Homo sapiens	19	19p13.3	genomic	annotated
23335	3	15	47.4768987596986	63.85055915763215	-16.37366039793355	-0.4198216063956597	-1.0880780256954945	1.0880780256954945	Lower_in_CALR	3	WDR7	WD repeat domain 7	Homo sapiens	18	18q21.31	genomic	annotated
821	3	15	214.7896399896413	291.40588658023705	-76.61624659059575	-0.4383467522172104	-1.087942109782866	1.087942109782866	Lower_in_CALR	3	CANX	calnexin	Homo sapiens	5	5q35.3	genomic	annotated
100505736	3	15	0.8933895168231668	2.6942807870477745	-1.8008912702246076	-0.9643222843360112	-1.0874957860302608	1.0874957860302608	Lower_in_CALR	3	LOC100505736	uncharacterized LOC100505736	Homo sapiens	2	2p23.2	genomic	annotated
1457	3	15	39.40132965797813	46.20338955214572	-6.802059894167591	-0.2244876848249957	-1.0864947771872642	1.0864947771872642	Lower_in_CALR	3	CSNK2A1	casein kinase 2 alpha 1	Homo sapiens	20	20p13	genomic	annotated
9575	3	15	8.282821955861547	15.972558421661793	-7.689736465800244	-0.8705686982574043	-1.0842167292259477	1.0842167292259477	Lower_in_CALR	3	CLOCK	clock circadian regulator	Homo sapiens	4	4q12	genomic	annotated
57143	3	15	0.7130505589105957	1.229228829897175	-0.5161782709865793	-0.3799769848606245	-1.0842119893374536	1.0842119893374536	Lower_in_CALR	3	ADCK1	aarF domain containing kinase 1	Homo sapiens	14	14q24.3	genomic	annotated
5162	3	15	16.833928923484066	22.92814974752453	-6.094220824040466	-0.4240842717860351	-1.0838009509008455	1.0838009509008455	Lower_in_CALR	3	PDHB	pyruvate dehydrogenase E1 subunit beta	Homo sapiens	3	3p14.3	genomic	annotated
80153	3	15	5.04458913996756	7.3904821492738515	-2.345893009306291	-0.47310943523226	-1.083565641481263	1.083565641481263	Lower_in_CALR	3	EDC3	enhancer of mRNA decapping 3	Homo sapiens	15	15q24.1	genomic	annotated
5705	3	15	25.506137652796635	31.540748213082168	-6.034610560285532	-0.2959209605204522	-1.0825974999907353	1.0825974999907353	Lower_in_CALR	3	PSMC5	proteasome 26S subunit, ATPase 5	Homo sapiens	17	17q23.3	genomic	annotated
57472	3	15	25.609562444222465	37.76668630953595	-12.157123865313483	-0.5428726344619239	-1.0821956983476493	1.0821956983476493	Lower_in_CALR	3	CNOT6	CCR4-NOT transcription complex subunit 6	Homo sapiens	5	5q35.3	genomic	annotated
9332	3	15	44.70970371348216	74.62839730731474	-29.91869359383258	-0.7264275785696377	-1.0814090836114592	1.0814090836114592	Lower_in_CALR	3	CD163	CD163 molecule	Homo sapiens	12	12p13.31	genomic	annotated
2975	3	15	39.2657487368815	48.46665459318334	-9.200905856301844	-0.2969031736124368	-1.080823494419088	1.080823494419088	Lower_in_CALR	3	GTF3C1	general transcription factor IIIC subunit 1	Homo sapiens	16	16p12.1	genomic	annotated
92960	3	15	0.7778678338447773	1.3925293611322769	-0.6146615272874996	-0.4283885509382686	-1.080435772781169	1.080435772781169	Lower_in_CALR	3	PEX11G	peroxisomal biogenesis factor 11 gamma	Homo sapiens	19	19p13.2	genomic	annotated
10320	3	15	134.83570253889567	199.83077660385504	-64.99507406495937	-0.5641176522304274	-1.080392110973859	1.080392110973859	Lower_in_CALR	3	IKZF1	IKAROS family zinc finger 1	Homo sapiens	7	7p12.2	genomic	annotated
100505505	3	15	0.8843322643940726	1.468727185362953	-0.5843949209688805	-0.3897140377699906	-1.0794572962412152	1.0794572962412152	Lower_in_CALR	2	LOC100505505	uncharacterized LOC100505505	Homo sapiens	4		genomic	annotated
284370	3	15	3.734392041335043	5.638395469991078	-1.904003428656035	-0.4876554014045791	-1.079201842590293	1.079201842590293	Lower_in_CALR	3	ZNF615	zinc finger protein 615	Homo sapiens	19	19q13.41	genomic	annotated
317	3	15	34.450578688436366	56.57556465894115	-22.12498597050478	-0.6996474770494032	-1.0791784111930591	1.0791784111930591	Lower_in_CALR	3	APAF1	apoptotic peptidase activating factor 1	Homo sapiens	12	12q23.1	genomic	annotated
51776	3	15	8.80278268790302	15.372312597571984	-6.569529909668963	-0.7399948714260285	-1.0785856318507934	1.0785856318507934	Lower_in_CALR	3	MAP3K20	mitogen-activated protein kinase kinase kinase 20	Homo sapiens	2	2q31.1	genomic	annotated
89894	3	15	4.632152839605543	7.111747629157155	-2.479594789551612	-0.5263262833508047	-1.07827228189585	1.07827228189585	Lower_in_CALR	3	TMEM116	transmembrane protein 116	Homo sapiens	12	12q24.13	genomic	annotated
157378	3	15	18.823501457843765	24.65387712020113	-5.8303756623573655	-0.3719650689666345	-1.0780322038907078	1.0780322038907078	Lower_in_CALR	3	TMEM65	transmembrane protein 65	Homo sapiens	8	8q24.13	genomic	annotated
728411	3	15	12.194493988074363	17.604345152662265	-5.4098511645879	-0.4957035864446655	-1.0772413896432416	1.0772413896432416	Lower_in_CALR	3	GUSBP1	GUSB pseudogene 1	Homo sapiens	5	5p14.3	genomic	annotated
4668	3	15	31.796172842544497	51.1447716633044	-19.3485988207599	-0.6689951380260979	-1.0762849857098813	1.0762849857098813	Lower_in_CALR	3	NAGA	alpha-N-acetylgalactosaminidase	Homo sapiens	22	22q13.2	genomic	annotated
1368	3	15	4.19599428464637	6.539827885844639	-2.343833601198269	-0.5371317471021748	-1.0759510048897625	1.0759510048897625	Lower_in_CALR	3	CPM	carboxypeptidase M	Homo sapiens	12	12q15	genomic	annotated
388558	3	15	9.359440209106928	15.937647937441051	-6.578207728334126	-0.7092875008407438	-1.075893403016364	1.075893403016364	Lower_in_CALR	3	ZNF808	zinc finger protein 808	Homo sapiens	19	19q13.41	genomic	annotated
1196	3	15	19.76883124046017	25.61191083048716	-5.8430795900269885	-0.3576520734985404	-1.0750281239403277	1.0750281239403277	Lower_in_CALR	3	CLK2	CDC like kinase 2	Homo sapiens	1	1q22	genomic	annotated
4957	3	15	18.5856127864526	23.69055254595155	-5.104939759498951	-0.3341648552517933	-1.0748718954067045	1.0748718954067045	Lower_in_CALR	3	ODF2	outer dense fiber of sperm tails 2	Homo sapiens	9	9q34.11	genomic	annotated
6934	3	15	10.001347992018534	16.750988812114816	-6.749640820096282	-0.6902190840461389	-1.0745726735715622	1.0745726735715622	Lower_in_CALR	3	TCF7L2	transcription factor 7 like 2	Homo sapiens	10	10q25.2-q25.3	genomic	annotated
100507390	3	15	0.988559195891272	2.7470948925981378	-1.7585356967068655	-0.9140490041253272	-1.0742579133022865	1.0742579133022865	Lower_in_CALR	3	LOC100507390	uncharacterized LOC100507390	Homo sapiens	6		genomic	annotated
22796	3	15	13.422528749973722	18.597183902277383	-5.174655152303664	-0.4423222159724487	-1.0738364588534153	1.0738364588534153	Lower_in_CALR	3	COG2	component of oligomeric golgi complex 2	Homo sapiens	1	1q42.2	genomic	annotated
9703	3	15	105.6029486052613	135.16396530525262	-29.56101669999132	-0.3530976131023351	-1.0729057922073375	1.0729057922073375	Lower_in_CALR	3	BLTP2	bridge-like lipid transfer protein family member 2	Homo sapiens	17	17q11.2	genomic	annotated
4649	3	15	22.90115795231547	37.01372288834568	-14.112564936030209	-0.6694398080786756	-1.0727000504511608	1.0727000504511608	Lower_in_CALR	3	MYO9A	myosin IXA	Homo sapiens	15	15q23	genomic	annotated
9784	3	15	22.33084915243513	31.36317886242174	-9.032329709986607	-0.4721145061833409	-1.071175098220993	1.071175098220993	Lower_in_CALR	3	SNX17	sorting nexin 17	Homo sapiens	2	2p23.3	genomic	annotated
23250	3	15	41.400920278363934	60.34109241587037	-18.94017213750644	-0.5327582819293646	-1.0706651859772367	1.0706651859772367	Lower_in_CALR	3	ATP11A	ATPase phospholipid transporting 11A	Homo sapiens	13	13q34	genomic	annotated
10531	3	15	32.801379764224	37.86010142225176	-5.058721658027757	-0.2012075280898457	-1.0704566022796462	1.0704566022796462	Lower_in_CALR	3	PITRM1	pitrilysin metallopeptidase 1	Homo sapiens	10	10p15.2	genomic	annotated
53944	3	15	23.843946397459003	29.68130596862709	-5.837359571168086	-0.3044655331622872	-1.070359154711891	1.070359154711891	Lower_in_CALR	3	CSNK1G1	casein kinase 1 gamma 1	Homo sapiens	15	15q22.31	genomic	annotated
54973	3	15	19.67359500211993	25.121665602842675	-5.44807060072274	-0.3374576050201119	-1.0696603786339798	1.0696603786339798	Lower_in_CALR	3	INTS11	integrator complex subunit 11	Homo sapiens	1	1p36.33	genomic	annotated
220002	3	15	12.83153807884387	18.99870024148584	-6.167162162641972	-0.531944644865852	-1.0694173632610422	1.0694173632610422	Lower_in_CALR	3	CYB561A3	cytochrome b561 family member A3	Homo sapiens	11	11q12.2	genomic	annotated
2208	3	15	1.5118850747908426	3.405537714336633	-1.8936526395457909	-0.8105476581400035	-1.069355199714607	1.069355199714607	Lower_in_CALR	2	FCER2	Fc epsilon receptor II	Homo sapiens	19	19p13.2	genomic	annotated
23220	3	15	12.504121706487132	23.35748576884383	-10.853364062356697	-0.8509654113300971	-1.069336431133325	1.069336431133325	Lower_in_CALR	3	DTX4	deltex E3 ubiquitin ligase 4	Homo sapiens	11	11q12.1	genomic	annotated
9805	3	15	20.200158323428266	28.704317931059894	-8.504159607631632	-0.4865976229127557	-1.0692548889451032	1.0692548889451032	Lower_in_CALR	3	SCRN1	secernin 1	Homo sapiens	7	7p14.3	genomic	annotated
100129890	3	15	1.401449495564427	2.1173994105592664	-0.7159499149948394	-0.3764375413752261	-1.067947712613163	1.067947712613163	Lower_in_CALR	3	LOC100129890	hypothetical LOC100129890	Homo sapiens	21	21q22.3	genomic	annotated
6904	3	15	15.8191757904112	20.780063122218767	-4.960887331807568	-0.372901125963283	-1.0679414662871862	1.0679414662871862	Lower_in_CALR	3	TBCD	tubulin folding cofactor D	Homo sapiens	17	17q25.3	genomic	annotated
115752	3	15	10.98260322328307	14.833042637293977	-3.850439414010905	-0.4019971569549998	-1.0666539291936297	1.0666539291936297	Lower_in_CALR	3	DIS3L	DIS3 like exosome 3'-5' exoribonuclease	Homo sapiens	15	15q22.31	genomic	annotated
79017	3	15	3.6271883238275	5.5463090309874605	-1.9191207071599603	-0.5005458922249195	-1.0665729550451248	1.0665729550451248	Lower_in_CALR	3	GGCT	gamma-glutamylcyclotransferase	Homo sapiens	7	7p14.3	genomic	annotated
64863	3	15	6.666779604461856	9.35370946577146	-2.686929861309605	-0.4334551279261198	-1.066294320457365	1.066294320457365	Lower_in_CALR	3	METTL4	methyltransferase 4, N6-adenosine	Homo sapiens	18	18p11.32	genomic	annotated
1903	3	15	5.760671272238132	12.425894505856467	-6.665223233618336	-0.989779806545784	-1.0662788127357798	1.0662788127357798	Lower_in_CALR	3	S1PR3	sphingosine-1-phosphate receptor 3	Homo sapiens	9	9q22.1	genomic	annotated
334	3	15	172.40115009631532	270.0675651364397	-97.6664150401244	-0.6445390289929733	-1.0646397167749198	1.0646397167749198	Lower_in_CALR	3	APLP2	amyloid beta precursor like protein 2	Homo sapiens	11	11q24.3	genomic	annotated
6182	3	15	1.3615593668241648	2.5088593156747985	-1.1472999488506337	-0.5712623018350309	-1.0640556159246175	1.0640556159246175	Lower_in_CALR	2	MRPL12	mitochondrial ribosomal protein L12	Homo sapiens	17	17q25.3	genomic	annotated
113235	3	15	4.117133797710573	6.380464011636041	-2.2633302139254683	-0.5283755657464826	-1.063298265023312	1.063298265023312	Lower_in_CALR	3	SLC46A1	solute carrier family 46 member 1	Homo sapiens	17	17q11.2	genomic	annotated
3858	3	15	2.876073397131147	4.313323387825077	-1.4372499906939304	-0.4550186332400439	-1.0630301153193915	1.0630301153193915	Lower_in_CALR	3	KRT10	keratin 10	Homo sapiens	17	17q21.2	genomic	annotated
55343	3	15	2.5923026694330367	4.288692873650843	-1.6963902042178067	-0.5580022877904873	-1.062787236331812	1.062787236331812	Lower_in_CALR	3	SLC35C1	solute carrier family 35 member C1	Homo sapiens	11	11p11.2	genomic	annotated
1808	3	15	60.58772649765086	94.23545472920154	-33.64772823155067	-0.6288558949619949	-1.0626761068670587	1.0626761068670587	Lower_in_CALR	3	DPYSL2	dihydropyrimidinase like 2	Homo sapiens	8	8p21.2	genomic	annotated
64342	3	15	5.550028196042657	8.324208840956938	-2.7741806449142814	-0.5094802008358328	-1.0625830448263998	1.0625830448263998	Lower_in_CALR	3	HS1BP3	HCLS1 binding protein 3	Homo sapiens	2	2p24.1	genomic	annotated
22928	3	15	10.624117616275289	13.66733012343065	-3.0432125071553635	-0.3354850770818984	-1.0622616750708946	1.0622616750708946	Lower_in_CALR	3	SEPHS2	selenophosphate synthetase 2	Homo sapiens	16	16p11.2	genomic	annotated
286410	3	15	16.074210743669763	24.23731263875454	-8.163101895084775	-0.5637394036616508	-1.0621581742901414	1.0621581742901414	Lower_in_CALR	3	ATP11C	ATPase phospholipid transporting 11C (ATP11C blood group)	Homo sapiens	X	Xq27.1	genomic	annotated
139285	3	15	4.50586564003536	6.513108977557808	-2.007243337522448	-0.4484406245010746	-1.0613611251306867	1.0613611251306867	Lower_in_CALR	3	AMER1	APC membrane recruitment protein 1	Homo sapiens	X	Xq11.2	genomic	annotated
9310	3	15	2.291306074674171	3.94307634290128	-1.6517702682271076	-0.5867489922447953	-1.0613569352064938	1.0613569352064938	Lower_in_CALR	3	ZNF235	zinc finger protein 235	Homo sapiens	19	19q13.31	genomic	annotated
51112	3	15	12.339719645559043	17.80367001157634	-5.463950366017295	-0.4952859213782492	-1.0613459861626169	1.0613459861626169	Lower_in_CALR	3	TRAPPC12	trafficking protein particle complex subunit 12	Homo sapiens	2	2p25.3	genomic	annotated
7132	3	15	17.647143209722934	24.052067064334885	-6.404923854611951	-0.4259750233318486	-1.06110962573616	1.06110962573616	Lower_in_CALR	3	TNFRSF1A	TNF receptor superfamily member 1A	Homo sapiens	12	12p13.31	genomic	annotated
51809	3	15	11.057258211414377	15.45133064014042	-4.394072428726043	-0.4483023993098354	-1.0606669473703312	1.0606669473703312	Lower_in_CALR	3	GALNT7	polypeptide N-acetylgalactosaminyltransferase 7	Homo sapiens	4	4q34.1	genomic	annotated
653188	3	15	25.278497368220467	36.30934672104057	-11.030849352820102	-0.5056543158659892	-1.0597208411708283	1.0597208411708283	Lower_in_CALR	3	GUSBP3	GUSB pseudogene 3	Homo sapiens	5	5q13.2	genomic	annotated
123263	3	15	2.3877838851347666	3.0840876747397905	-0.6963037896050239	-0.2696719928321327	-1.0594172495635232	1.0594172495635232	Lower_in_CALR	3	MTFMT	mitochondrial methionyl-tRNA formyltransferase	Homo sapiens	15	15q22.31	genomic	annotated
91433	3	15	0.9087230636573416	1.370057579349899	-0.4613345156925573	-0.312314311576775	-1.0587417002371664	1.0587417002371664	Lower_in_CALR	2	RCCD1	RCC1 domain containing 1	Homo sapiens	15	15q26.1	genomic	annotated
10297	3	15	0.6494432794019467	1.255442684905484	-0.6059994055035374	-0.4514314571353561	-1.0583242943625326	1.0583242943625326	Lower_in_CALR	2	APC2	APC regulator of Wnt signaling pathway 2	Homo sapiens	19	19p13.3	genomic	annotated
8021	3	15	40.355024549592734	52.50317610304587	-12.148151553453133	-0.3715619121029778	-1.057119301688121	1.057119301688121	Lower_in_CALR	3	NUP214	nucleoporin 214	Homo sapiens	9	9q34.13	genomic	annotated
54491	3	15	38.05628892481247	52.0035199731788	-13.947231048366326	-0.4405332996650966	-1.0570917223314285	1.0570917223314285	Lower_in_CALR	3	OTULINL	OTU deubiquitinase with linear linkage specificity like	Homo sapiens	5	5p15.2	genomic	annotated
51605	3	15	12.669722268270812	20.119215912025343	-7.4494936437545345	-0.62757234151763	-1.0568526434437149	1.0568526434437149	Lower_in_CALR	3	TRMT6	tRNA methyltransferase 6 non-catalytic subunit	Homo sapiens	20	20p12.3	genomic	annotated
738	3	15	35.1695138079355	46.62564226284433	-11.456128454908828	-0.396964343061553	-1.0562506402403176	1.0562506402403176	Lower_in_CALR	3	VPS51	VPS51 subunit of GARP complex	Homo sapiens	11	11q13.1	genomic	annotated
100506349	3	15	2.1052271692871765	3.730896563042741	-1.6256693937555649	-0.6074148022836847	-1.0552200700753838	1.0552200700753838	Lower_in_CALR	3	LOC100506349	hypothetical LOC100506349	Homo sapiens	22		genomic	annotated
57214	3	15	2.1494865712622766	4.089946568291505	-1.940459997029228	-0.6925338517978572	-1.0550691639599783	1.0550691639599783	Lower_in_CALR	3	CEMIP	cell migration inducing hyaluronidase 1	Homo sapiens	15	15q25.1	genomic	annotated
80207	3	15	6.124733218885093	8.294225422073392	-2.169492203188299	-0.3834986420119848	-1.0550515304100927	1.0550515304100927	Lower_in_CALR	3	OPA3	outer mitochondrial membrane lipid metabolism regulator OPA3	Homo sapiens	19	19q13.32	genomic	annotated
27439	3	15	1.2196417274453168	2.2949776548388097	-1.0753359273934928	-0.5699418516707746	-1.0545802211681117	1.0545802211681117	Lower_in_CALR	3	TMEM121B	transmembrane protein 121B	Homo sapiens	22	22q11.1	genomic	annotated
55734	3	15	3.3102216911243567	5.511042712792755	-2.2008210216683985	-0.5951265281762197	-1.054429137435174	1.054429137435174	Lower_in_CALR	3	ZFP64	ZFP64 zinc finger protein	Homo sapiens	20	20q13.2	genomic	annotated
200162	3	15	0.6262624755642117	1.0470190882181485	-0.4207566126539368	-0.3319644310428216	-1.0543019872785844	1.0543019872785844	Lower_in_CALR	2	SPAG17	sperm associated antigen 17	Homo sapiens	1	1p12	genomic	annotated
9816	3	15	4.508757426757486	6.176925084400874	-1.6681676576433873	-0.3816389248572451	-1.0542252458468826	1.0542252458468826	Lower_in_CALR	3	URB2	URB2 ribosome biogenesis homolog	Homo sapiens	1	1q42.13	genomic	annotated
8985	3	15	8.158009591135395	11.505394203276232	-3.347384612140837	-0.4494445547675605	-1.0540243570558328	1.0540243570558328	Lower_in_CALR	3	PLOD3	procollagen-lysine,2-oxoglutarate 5-dioxygenase 3	Homo sapiens	7	7q22.1	genomic	annotated
54930	3	15	10.823475061243323	17.361462690207393	-6.5379876289640695	-0.6350268664500613	-1.053811763900607	1.053811763900607	Lower_in_CALR	3	HAUS4	HAUS augmin like complex subunit 4	Homo sapiens	14	14q11.2	genomic	annotated
664618	3	15	1.1883401508793596	2.0552541355615075	-0.8669139846821479	-0.4814553832129498	-1.05343713912349	1.05343713912349	Lower_in_CALR	3	HSP90AB4P	heat shock protein 90 alpha family class B member 4, pseudogene	Homo sapiens	15	15q21.3	genomic	annotated
79177	3	15	1.7485488832177551	2.318772497971218	-0.570223614753463	-0.2719795979050874	-1.053111969864708	1.053111969864708	Lower_in_CALR	3	ZNF576	zinc finger protein 576	Homo sapiens	19	19q13.31	genomic	annotated
474354	3	15	0.7100697564752667	1.804049668721757	-1.0939799122464906	-0.7134567281903863	-1.052536517209465	1.052536517209465	Lower_in_CALR	2	LRRC18	leucine rich repeat containing 18	Homo sapiens	10	10q11.23	genomic	annotated
100506588	3	15	2.909011574758953	3.632532708779408	-0.7235211340204555	-0.24499730616206	-1.052405274265453	1.052405274265453	Lower_in_CALR	3	LOC100506588	hypothetical LOC100506588	Homo sapiens	22		genomic	annotated
79956	3	15	13.29902359583133	21.20983666315453	-7.910813067323197	-0.6352821465678216	-1.051999690432769	1.051999690432769	Lower_in_CALR	3	ERMP1	endoplasmic reticulum metallopeptidase 1	Homo sapiens	9	9p24.1	genomic	annotated
55968	3	15	24.98910803966963	29.66899653485228	-4.679888495182642	-0.2388738429632013	-1.0510859259552758	1.0510859259552758	Lower_in_CALR	3	NSFL1C	NSFL1 cofactor	Homo sapiens	20	20p13	genomic	annotated
3065	3	15	38.3979534574109	47.73358015695759	-9.335626699546694	-0.3067955221194047	-1.0505516863475823	1.0505516863475823	Lower_in_CALR	3	HDAC1	histone deacetylase 1	Homo sapiens	1	1p35.2-p35.1	genomic	annotated
11240	3	15	9.251587474353189	18.986826087927124	-9.735238613573935	-0.9632020593904104	-1.049415096396348	1.049415096396348	Lower_in_CALR	3	PADI2	peptidyl arginine deiminase 2	Homo sapiens	1	1p36.13	genomic	annotated
51074	3	15	6.122017255868251	7.53371695153794	-1.4116996956696894	-0.2608883284646062	-1.0483306683543856	1.0483306683543856	Lower_in_CALR	3	APIP	APAF1 interacting protein	Homo sapiens	11	11p13	genomic	annotated
4437	3	15	15.143930951100437	20.705196581914034	-5.561265630813599	-0.4270485799559731	-1.048314366001535	1.048314366001535	Lower_in_CALR	3	MSH3	mutS homolog 3	Homo sapiens	5	5q14.1	genomic	annotated
2072	3	15	5.674935601119503	7.847839326914063	-2.1729037257945603	-0.406571269128277	-1.048162148375107	1.048162148375107	Lower_in_CALR	3	ERCC4	ERCC excision repair 4, endonuclease catalytic subunit	Homo sapiens	16	16p13.12	genomic	annotated
51314	3	15	2.1765170105603464	3.3949557245370303	-1.218438713976684	-0.4684028865762331	-1.0481535032744946	1.0481535032744946	Lower_in_CALR	3	NME8	NME/NM23 family member 8	Homo sapiens	7	7p14.1	genomic	annotated
818	3	15	20.893414894673167	26.270036418225096	-5.376621523551929	-0.3168196259305151	-1.048019592426704	1.048019592426704	Lower_in_CALR	3	CAMK2G	calcium/calmodulin dependent protein kinase II gamma	Homo sapiens	10	10q22.2	genomic	annotated
100130691	3	15	1.53010840013465	2.3377315224140087	-0.8076231222793588	-0.3996687159337244	-1.0478598317751655	1.0478598317751655	Lower_in_CALR	3	AGPS-DT	AGPS divergent transcript	Homo sapiens	2	2q31.2	genomic	annotated
64175	3	15	8.962552000934046	11.266410974457049	-2.303858973523001	-0.3001259384449848	-1.0473874446578957	1.0473874446578957	Lower_in_CALR	3	P3H1	prolyl 3-hydroxylase 1	Homo sapiens	1	1p34.2	genomic	annotated
10623	3	15	14.938845163985368	19.32327262277267	-4.384427458787302	-0.3505856317749636	-1.0470785928489963	1.0470785928489963	Lower_in_CALR	3	POLR3C	RNA polymerase III subunit C	Homo sapiens	1	1q21.1	genomic	annotated
7227	3	15	40.9085398902535	66.51655650431623	-25.608016614062727	-0.6879970669506754	-1.0470454100609483	1.0470454100609483	Lower_in_CALR	3	TRPS1	transcriptional repressor GATA binding 1	Homo sapiens	8	8q23.3	genomic	annotated
10795	3	15	6.163564267303914	9.339097080970388	-3.1755328136664724	-0.5293607084161653	-1.0466246771136094	1.0466246771136094	Lower_in_CALR	3	ZNF268	zinc finger protein 268	Homo sapiens	12	12q24.33	genomic	annotated
788	3	15	8.062528151554075	13.736372287509194	-5.67384413595512	-0.7013959373780843	-1.0462535671060045	1.0462535671060045	Lower_in_CALR	3	SLC25A20	solute carrier family 25 member 20	Homo sapiens	3	3p21.31	genomic	annotated
5873	3	15	24.763116993048868	36.77541456356312	-12.01229757051425	-0.5521404373869085	-1.0457240709030582	1.0457240709030582	Lower_in_CALR	3	RAB27A	RAB27A, member RAS oncogene family	Homo sapiens	15	15q21.3	genomic	annotated
51673	3	15	1.4607306838604863	6.085574195087907	-4.624843511227421	-1.5257980000306552	-1.045118861461977	1.045118861461977	Lower_in_CALR	3	TPPP3	tubulin polymerization promoting protein family member 3	Homo sapiens	16	16q22.1	genomic	annotated
2909	3	15	24.057556185688835	34.12726262295808	-10.069706437269245	-0.4873454371316255	-1.044926941373843	1.044926941373843	Lower_in_CALR	3	ARHGAP35	Rho GTPase activating protein 35	Homo sapiens	19	19q13.32	genomic	annotated
89796	3	15	3.3615438729100267	6.644897848921646	-3.2833539760116195	-0.8096583225645757	-1.044541608777871	1.044541608777871	Lower_in_CALR	3	NAV1	neuron navigator 1	Homo sapiens	1	1q32.1	genomic	annotated
221294	3	15	6.15573279864779	10.11311127523601	-3.95737847658822	-0.6350913544827557	-1.0439307599484988	1.0439307599484988	Lower_in_CALR	3	NT5DC1	5'-nucleotidase domain containing 1	Homo sapiens	6	6q22.1	genomic	annotated
84106	3	15	5.928436915759403	10.337468984503742	-4.409032068744339	-0.7104967878605835	-1.0426108077628766	1.0426108077628766	Lower_in_CALR	3	PRAM1	PML-RARA regulated adaptor molecule 1	Homo sapiens	19	19p13.2	genomic	annotated
388969	3	15	26.905467756643432	32.51575055154074	-5.610282794897309	-0.2642914125978626	-1.0423043652250814	1.0423043652250814	Lower_in_CALR	3	C2orf68	chromosome 2 open reading frame 68	Homo sapiens	2	2p11.2	genomic	annotated
28955	3	15	5.890319602241437	9.751754746478364	-3.861435144236928	-0.6419293270182655	-1.0421270479453053	1.0421270479453053	Lower_in_CALR	3	DEXI	Dexi homolog	Homo sapiens	16	16p13.13	genomic	annotated
55959	3	15	93.9375193123366	135.69013801973094	-41.75261870739435	-0.5258589002989558	-1.0417246409486451	1.0417246409486451	Lower_in_CALR	3	SULF2	sulfatase 2	Homo sapiens	20	20q13.12	genomic	annotated
133522	3	15	7.117697757992199	12.414409480456683	-5.296711722464486	-0.7246410156706582	-1.0414456899473157	1.0414456899473157	Lower_in_CALR	3	PPARGC1B	PPARG coactivator 1 beta	Homo sapiens	5	5q32	genomic	annotated
2153	3	15	13.806587647238024	24.11457363064575	-10.307985983407727	-0.7622855897824494	-1.040631091223134	1.040631091223134	Lower_in_CALR	3	F5	coagulation factor V	Homo sapiens	1	1q24.2	genomic	annotated
58505	3	15	7.877336519208197	11.368189415777572	-3.4908528965693764	-0.4784355264438455	-1.0403338007738296	1.0403338007738296	Lower_in_CALR	3	OSTC	oligosaccharyltransferase complex non-catalytic subunit	Homo sapiens	4	4q25	genomic	annotated
23051	3	15	7.65295596688684	12.21801605886807	-4.56506009198123	-0.6112406874197047	-1.040117082718275	1.040117082718275	Lower_in_CALR	3	ZHX3	zinc fingers and homeoboxes 3	Homo sapiens	20	20q12	genomic	annotated
91754	3	15	32.181431050715695	43.92053870385062	-11.739107653134925	-0.4369991209067869	-1.0399886794150714	1.0399886794150714	Lower_in_CALR	3	NEK9	NIMA related kinase 9	Homo sapiens	14	14q24.3	genomic	annotated
5859	3	15	45.01671970824424	60.74177855417614	-15.725058845931905	-0.4240888972757606	-1.0396756519495152	1.0396756519495152	Lower_in_CALR	3	QARS1	glutaminyl-tRNA synthetase 1	Homo sapiens	3	3p21.31	genomic	annotated
2218	3	15	4.67116437161084	7.923520945852607	-3.252356574241767	-0.6539680937773116	-1.0392044974671426	1.0392044974671426	Lower_in_CALR	3	FKTN	fukutin	Homo sapiens	9	9q31.2	genomic	annotated
219541	3	15	3.7346568807535263	4.5900211617747	-0.8553642810211741	-0.2395938668144559	-1.0387814729131528	1.0387814729131528	Lower_in_CALR	3	MED19	mediator complex subunit 19	Homo sapiens	11	11q12.1	genomic	annotated
206412	3	15	1.2820410197409269	2.5099865642280776	-1.2279455444871508	-0.6211407837545726	-1.038650132943757	1.038650132943757	Lower_in_CALR	3	C6orf163	chromosome 6 open reading frame 163	Homo sapiens	6	6q15	genomic	annotated
10165	3	15	9.687641702112863	11.887871004444982	-2.2002293023321187	-0.2700704110994936	-1.038474736999897	1.038474736999897	Lower_in_CALR	3	SLC25A13	solute carrier family 25 member 13	Homo sapiens	7	7q21.3	genomic	annotated
10113	3	15	6.364650258068213	9.47895247186185	-3.1143022137936374	-0.5088055856681137	-1.038279821538414	1.038279821538414	Lower_in_CALR	3	PREB	prolactin regulatory element binding	Homo sapiens	2	2p23.3	genomic	annotated
6821	3	15	2.4273582369368234	3.480909420213286	-1.0535511832764626	-0.3866945690800532	-1.0377251891164618	1.0377251891164618	Lower_in_CALR	3	SUOX	sulfite oxidase	Homo sapiens	12	12q13.2	genomic	annotated
27287	3	15	2.104277996855146	4.603535006469016	-2.4992570096138693	-0.8520794820384547	-1.0376856340974978	1.0376856340974978	Lower_in_CALR	3	VENTX	VENT homeobox	Homo sapiens	10	10q26.3	genomic	annotated
283459	3	15	39.25945785229021	46.438448296545765	-7.178990444255561	-0.2367290757876503	-1.0373485807044631	1.0373485807044631	Lower_in_CALR	3	GATC	glutamyl-tRNA amidotransferase subunit C	Homo sapiens	12	12q24.31	genomic	annotated
692225	3	15	1.0543648088547537	1.4726972160614518	-0.418332407206698	-0.267393196766909	-1.0371014041969089	1.0371014041969089	Lower_in_CALR	3	SNORD94	small nucleolar RNA, C/D box 94	Homo sapiens	2	2p11.2	genomic	annotated
594840	3	15	1.4785803493001846	2.432059230023713	-0.9534788807235286	-0.4695604228050414	-1.0370185996265793	1.0370185996265793	Lower_in_CALR	3	ZFAT-AS1	ZFAT antisense RNA 1	Homo sapiens	8	8q24.22	genomic	annotated
55699	3	15	17.427555218223763	25.20992536895368	-7.782370150729914	-0.508248564224842	-1.0366289101442108	1.0366289101442108	Lower_in_CALR	3	IARS2	isoleucyl-tRNA synthetase 2, mitochondrial	Homo sapiens	1	1q41	genomic	annotated
1522	3	15	138.3818789395853	208.6612184391156	-70.27933949953027	-0.5890170188113109	-1.0365355016412832	1.0365355016412832	Lower_in_CALR	3	CTSZ	cathepsin Z	Homo sapiens	20	20q13.32	genomic	annotated
10330	3	15	9.01292283548012	12.628377683474872	-3.615454847994752	-0.4447506670794845	-1.0364794332968847	1.0364794332968847	Lower_in_CALR	3	CNPY2	canopy FGF signaling regulator 2	Homo sapiens	12	12q13.3	genomic	annotated
54832	3	15	179.93413832915166	279.4314769226779	-99.49733859352624	-0.6321836544260115	-1.0364537054064784	1.0364537054064784	Lower_in_CALR	3	VPS13C	vacuolar protein sorting 13 homolog C	Homo sapiens	15	15q22.2	genomic	annotated
1121	3	15	7.8541735119303935	14.920979631930583	-7.066806120000192	-0.8464995581309358	-1.0352495644678603	1.0352495644678603	Lower_in_CALR	3	CHM	CHM Rab escort protein	Homo sapiens	X	Xq21.2	genomic	annotated
51614	3	15	12.9031875225337	18.22844701186706	-5.325259489333362	-0.4678265667172954	-1.0341268446917098	1.0341268446917098	Lower_in_CALR	3	ERGIC3	ERGIC and golgi 3	Homo sapiens	20	20q11.22	genomic	annotated
6419	3	15	2.999933493809003	4.45883230542137	-1.4588988116123671	-0.448616365608961	-1.0341077199179125	1.0341077199179125	Lower_in_CALR	3	SETMAR	SET and mariner transposase domain methyltransferase	Homo sapiens	3	3p26.1	genomic	annotated
9941	3	15	4.282619680966214	5.702857353886382	-1.420237672920169	-0.3435226839519467	-1.0334351220231512	1.0334351220231512	Lower_in_CALR	3	EXOG	exo/endonuclease G	Homo sapiens	3	3p22.2	genomic	annotated
55275	3	15	18.22653403695203	26.128599955036623	-7.902065918084592	-0.4967158835511664	-1.0330708954794303	1.0330708954794303	Lower_in_CALR	3	VPS53	VPS53 subunit of GARP complex	Homo sapiens	17	17p13.3	genomic	annotated
23155	3	15	11.21462890263166	16.817300024287665	-5.602671121656005	-0.544668698912651	-1.0330266387938754	1.0330266387938754	Lower_in_CALR	3	CLCC1	chloride channel CLIC like 1	Homo sapiens	1	1p13.3	genomic	annotated
100507296	3	15	309.4418871768507	778.3135750617639	-468.8716878849132	-1.327880717203703	-1.033021966484985	1.033021966484985	Lower_in_CALR	3	LOC100507296	hypothetical LOC100507296	Homo sapiens	12		genomic	annotated
5205	3	15	2.2423891827959124	6.919891581348955	-4.677502398553044	-1.2884234133841164	-1.032814024130104	1.032814024130104	Lower_in_CALR	3	ATP8B1	ATPase phospholipid transporting 8B1	Homo sapiens	18	18q21.31	genomic	annotated
23143	3	15	26.164998397587	32.98922629595963	-6.824227898372634	-0.3233285599697142	-1.0318817697317246	1.0318817697317246	Lower_in_CALR	3	LRCH1	leucine rich repeats and calponin homology domain containing 1	Homo sapiens	13	13q14.13-q14.2	genomic	annotated
22924	3	15	0.6906257511872567	1.097146630524588	-0.4065208793373314	-0.3108704068795933	-1.0318526014409968	1.0318526014409968	Lower_in_CALR	3	MAPRE3	microtubule associated protein RP/EB family member 3	Homo sapiens	2	2p23.3	genomic	annotated
54487	3	15	10.30605181684476	13.25239095121024	-2.9463391343654823	-0.334108748927397	-1.031731904397542	1.031731904397542	Lower_in_CALR	3	DGCR8	DGCR8 microprocessor complex subunit	Homo sapiens	22	22q11.21	genomic	annotated
7769	3	15	3.7960785195385096	5.984431407175824	-2.188352887637315	-0.5422873944335409	-1.030858699070283	1.030858699070283	Lower_in_CALR	3	ZNF226	zinc finger protein 226	Homo sapiens	19	19q13.31	genomic	annotated
28606	3	15	0.6525760843451526	1.392845131625091	-0.7402690472799384	-0.5340103318853477	-1.0306498707308105	1.0306498707308105	Lower_in_CALR	2	TRBV6-1	T cell receptor beta variable 6-1	Homo sapiens	7	7q34	genomic	annotated
23506	3	15	35.3344563659007	46.33156277711023	-10.99710641120953	-0.3814642363054119	-1.0305600012425726	1.0305600012425726	Lower_in_CALR	3	BICRAL	BICRA like chromatin remodeling complex associated protein	Homo sapiens	6	6p21.1	genomic	annotated
353345	3	15	1.5573711813476254	3.096885886929715	-1.5395147055820897	-0.6798661380391218	-1.0298661850876567	1.0298661850876567	Lower_in_CALR	3	GPR141	G protein-coupled receptor 141	Homo sapiens	7	7p14.1	genomic	annotated
4439	3	15	2.8253258070646865	3.83141259204659	-1.0060867849819033	-0.3368624321172264	-1.0292253227693209	1.0292253227693209	Lower_in_CALR	3	MSH5	mutS homolog 5	Homo sapiens	6	6p21.33	genomic	annotated
84899	3	15	4.408065441186204	6.122198889212948	-1.714133448026744	-0.3972101145943778	-1.0291841797739694	1.0291841797739694	Lower_in_CALR	3	TMTC4	transmembrane O-mannosyltransferase targeting cadherins 4	Homo sapiens	13	13q32.3	genomic	annotated
23019	3	15	127.76196624743034	187.3128007948445	-59.55083454741416	-0.5484245596252348	-1.0290364343187677	1.0290364343187677	Lower_in_CALR	3	CNOT1	CCR4-NOT transcription complex subunit 1	Homo sapiens	16	16q21	genomic	annotated
55798	3	15	6.050848927811863	8.504192742942868	-2.4533438151310047	-0.4307671243760125	-1.0287169512812624	1.0287169512812624	Lower_in_CALR	3	METTL2B	methyltransferase 2B, tRNA N3-cytidine	Homo sapiens	7	7q32.1	genomic	annotated
79228	3	15	5.307838985496293	8.530938141713516	-3.2230991562172235	-0.5954723931077477	-1.0284480625113237	1.0284480625113237	Lower_in_CALR	3	THOC6	THO complex subunit 6	Homo sapiens	16	16p13.3	genomic	annotated
9220	3	15	8.259391013548969	10.84655456926312	-2.5871635557141524	-0.3554783130422669	-1.027864285981462	1.027864285981462	Lower_in_CALR	3	TIAF1	TGFB1-induced anti-apoptotic factor 1	Homo sapiens	17	17q11.2	genomic	annotated
10106	3	15	59.0399567728461	75.3723983403761	-16.332441567529997	-0.3471283914646221	-1.027814074786672	1.027814074786672	Lower_in_CALR	3	CTDSP2	CTD small phosphatase 2	Homo sapiens	12	12q14.1	genomic	annotated
11042	3	15	45.31476914131273	64.79503692857611	-19.48026778726338	-0.5065064398384571	-1.027306254598915	1.027306254598915	Lower_in_CALR	3	GUSBP15	GUSB pseudogene 15	Homo sapiens	5	5q13.2	genomic	annotated
6646	3	15	32.46652433339744	38.47241113772464	-6.005886804327197	-0.2381259200080894	-1.0272831368087063	1.0272831368087063	Lower_in_CALR	3	SOAT1	sterol O-acyltransferase 1	Homo sapiens	1	1q25.2	genomic	annotated
83787	3	15	6.297542538349741	9.243165369896094	-2.945622831546353	-0.4891789891254552	-1.027103661273394	1.027103661273394	Lower_in_CALR	3	ARMC10	armadillo repeat containing 10	Homo sapiens	7	7q22.1	genomic	annotated
55181	3	15	7.275928605928343	9.719477387834102	-2.4435487819057595	-0.3732414664143939	-1.0270047417834025	1.0270047417834025	Lower_in_CALR	3	SMG8	SMG8 nonsense mediated mRNA decay factor	Homo sapiens	17	17q22	genomic	annotated
100506030	3	15	0.6981425303089613	1.5453123447880894	-0.8471698144791281	-0.5838851518723703	-1.0267944117113157	1.0267944117113157	Lower_in_CALR	2	LOC100506030	uncharacterized LOC100506030	Homo sapiens	5		genomic	annotated
9936	3	15	64.7673261598636	101.89352632019693	-37.12620016033331	-0.6457092937695306	-1.0265664967260328	1.0265664967260328	Lower_in_CALR	3	CD302	CD302 molecule	Homo sapiens	2	2q24.2	genomic	annotated
55164	3	15	5.837217937139793	9.06508020593972	-3.227862268799927	-0.5578773515100943	-1.026073654502103	1.026073654502103	Lower_in_CALR	3	SHQ1	SHQ1, H/ACA ribonucleoprotein assembly factor	Homo sapiens	3	3p13	genomic	annotated
57182	3	15	8.30540077430527	15.316813435563205	-7.011412661257936	-0.8102191439660036	-1.0259553000424688	1.0259553000424688	Lower_in_CALR	3	ANKRD50	ankyrin repeat domain 50	Homo sapiens	4	4q28.1	genomic	annotated
1827	3	15	4.182589571967353	6.06633657855333	-1.8837470065859776	-0.4472893222530332	-1.0257769525644185	1.0257769525644185	Lower_in_CALR	3	RCAN1	regulator of calcineurin 1	Homo sapiens	21	21q22.12	genomic	annotated
54497	3	15	42.0751179200332	58.17369900234644	-16.09858108231324	-0.4581013362037698	-1.025326109332135	1.025326109332135	Lower_in_CALR	3	HEATR5B	HEAT repeat containing 5B	Homo sapiens	2	2p22.2	genomic	annotated
646762	3	15	1.0068755533732692	2.139467819316502	-1.1325922659432328	-0.6455688664853247	-1.025170758313803	1.025170758313803	Lower_in_CALR	3	MIR550A3HG	MIR550A3 host gene	Homo sapiens	7	7p14.3	genomic	annotated
22858	3	15	9.907082128552622	16.395822441387423	-6.488740312834802	-0.6734756861157241	-1.0244259347261035	1.0244259347261035	Lower_in_CALR	3	CILK1	ciliogenesis associated kinase 1	Homo sapiens	6	6p12.1	genomic	annotated
22906	3	15	23.9287655602443	32.58928007811787	-8.660514517873573	-0.4301894302658464	-1.0240844620805043	1.0240844620805043	Lower_in_CALR	3	TRAK1	trafficking kinesin protein 1	Homo sapiens	3	3p22.1	genomic	annotated
81493	3	15	20.18179646544547	25.094556789727683	-4.912760324282214	-0.3009239462852493	-1.023790391402858	1.023790391402858	Lower_in_CALR	3	SYNC	syncoilin, intermediate filament protein	Homo sapiens	1	1p35.1	genomic	annotated
9570	3	15	22.442922420127164	29.347937917527425	-6.90501549740026	-0.3724460626320036	-1.0237383539791307	1.0237383539791307	Lower_in_CALR	3	GOSR2	golgi SNAP receptor complex member 2	Homo sapiens	17	17q21.32	genomic	annotated
8439	3	15	30.2835963456229	39.86489973022877	-9.58130338460587	-0.3854558209577634	-1.023586517751189	1.023586517751189	Lower_in_CALR	3	NSMAF	neutral sphingomyelinase activation associated factor	Homo sapiens	8	8q12.1	genomic	annotated
5027	3	15	8.960432919482477	13.4662960655287	-4.505863146046224	-0.5384152291509849	-1.0227802880069548	1.0227802880069548	Lower_in_CALR	3	P2RX7	purinergic receptor P2X 7	Homo sapiens	12	12q24.31	genomic	annotated
201266	3	15	5.406817126214976	8.135216423020584	-2.728399296805608	-0.5118310968981801	-1.0224400786532732	1.0224400786532732	Lower_in_CALR	3	SLC39A11	solute carrier family 39 member 11	Homo sapiens	17	17q24.3-q25.1	genomic	annotated
90423	3	15	0.7131613876087131	1.0592008339531636	-0.3460394463444505	-0.2654234766762394	-1.0224027660485144	1.0224027660485144	Lower_in_CALR	3	ATP6V1E2	ATPase H+ transporting V1 subunit E2	Homo sapiens	2	2p16-p12	genomic	annotated
60682	3	15	20.3598821359585	23.37353677838059	-3.0136546424220896	-0.1904119256075516	-1.0223704958846938	1.0223704958846938	Lower_in_CALR	3	SMAP1	small ArfGAP 1	Homo sapiens	6	6q13	genomic	annotated
91369	3	15	11.6757310355884	14.783575908489128	-3.107844872900726	-0.3163551448526687	-1.0216902729929378	1.0216902729929378	Lower_in_CALR	3	ANKRD40	ankyrin repeat domain 40	Homo sapiens	17	17q21.33	genomic	annotated
10061	3	15	6.486959196920016	9.702915671047752	-3.2159564741277373	-0.5155520697703473	-1.0216192924738885	1.0216192924738885	Lower_in_CALR	3	ABCF2	ATP binding cassette subfamily F member 2	Homo sapiens	7	7q36.1	genomic	annotated
47	3	15	58.14117336233457	77.22997819622194	-19.08880483388737	-0.4035586960210402	-1.021272335546097	1.021272335546097	Lower_in_CALR	3	ACLY	ATP citrate lyase	Homo sapiens	17	17q21.2	genomic	annotated
90249	3	15	1.4480739344458868	2.948357716795868	-1.5002837823499808	-0.6896055726550501	-1.0209998044596664	1.0209998044596664	Lower_in_CALR	3	UNC5A	unc-5 netrin receptor A	Homo sapiens	5	5q35.2	genomic	annotated
171568	3	15	18.835300535613168	23.19256398773885	-4.357263452125686	-0.286493421088176	-1.0209194853785308	1.0209194853785308	Lower_in_CALR	3	POLR3H	RNA polymerase III subunit H	Homo sapiens	22	22q13.2	genomic	annotated
400713	3	15	4.106473529126993	5.26943123699233	-1.1629577078653366	-0.2960072409138021	-1.0206668301529525	1.0206668301529525	Lower_in_CALR	3	ZNF880	zinc finger protein 880	Homo sapiens	19	19q13.41	genomic	annotated
55717	3	15	33.5126328766636	46.40916097697052	-12.896528100306917	-0.4580413238864311	-1.020580877215728	1.020580877215728	Lower_in_CALR	3	WDR11	WD repeat domain 11	Homo sapiens	10	10q26.12	genomic	annotated
23077	3	15	186.054611761668	281.0496665392832	-94.9950547776152	-0.5924896958439954	-1.0202998051265502	1.0202998051265502	Lower_in_CALR	3	MYCBP2	MYC binding protein 2	Homo sapiens	13	13q22.3	genomic	annotated
112770	3	15	3.8490164102098254	6.007431008235015	-2.1584145980251885	-0.5311934990912706	-1.0198477222827709	1.0198477222827709	Lower_in_CALR	3	GLMP	glycosylated lysosomal membrane protein	Homo sapiens	1	1q22	genomic	annotated
348793	3	15	3.3348997862472296	4.257311026802316	-0.9224112405550868	-0.2783264466863517	-1.019488148077019	1.019488148077019	Lower_in_CALR	3	WDR53	WD repeat domain 53	Homo sapiens	3	3q29	genomic	annotated
284086	3	15	0.9077062445494444	1.5443973837255065	-0.6366911391760622	-0.4154849710964905	-1.0194048616271587	1.0194048616271587	Lower_in_CALR	2	NEK8	NIMA related kinase 8	Homo sapiens	17	17q11.2	genomic	annotated
51752	3	15	99.21741593223884	131.08537171797732	-31.867955785738488	-0.3983374548247163	-1.019341724205576	1.019341724205576	Lower_in_CALR	3	ERAP1	endoplasmic reticulum aminopeptidase 1	Homo sapiens	5	5q15	genomic	annotated
5062	3	15	59.52693675578016	82.91074090299784	-23.38380414721768	-0.4712781544199131	-1.0186875307717338	1.0186875307717338	Lower_in_CALR	3	PAK2	p21 (RAC1) activated kinase 2	Homo sapiens	3	3q29	genomic	annotated
7782	3	15	2.10688915581135	3.2206017691442463	-1.1137126133328965	-0.4419779401178401	-1.0186802231449712	1.0186802231449712	Lower_in_CALR	3	SLC30A4	solute carrier family 30 member 4	Homo sapiens	15	15q21.1	genomic	annotated
79663	3	15	7.370584838454493	9.480616947605895	-2.110032109151404	-0.3243233144106496	-1.0186261241612264	1.0186261241612264	Lower_in_CALR	3	HSPBAP1	HSPB1 associated protein 1	Homo sapiens	3	3q21.1	genomic	annotated
432	3	15	4.206136923667935	8.045690541727149	-3.839553618059214	-0.7970173856381915	-1.017939894716058	1.017939894716058	Lower_in_CALR	3	ASGR1	asialoglycoprotein receptor 1	Homo sapiens	17	17p13.1	genomic	annotated
283922	3	15	9.680115802737378	14.176409838745226	-4.496294036007848	-0.5069032543333334	-1.0178575992042085	1.0178575992042085	Lower_in_CALR	3	PDPR2P	pyruvate dehydrogenase phosphatase regulatory subunit 2, pseudogene	Homo sapiens	16	16q23.1	genomic	annotated
9404	3	15	31.0170484253696	43.67802180553808	-12.660973380168482	-0.4807249940881766	-1.0176085424518844	1.0176085424518844	Lower_in_CALR	3	LPXN	leupaxin	Homo sapiens	11	11q12.1	genomic	annotated
164022	3	15	1.3469406422946293	1.8236992194457124	-0.4767585771510831	-0.2668050664932135	-1.0171772815696414	1.0171772815696414	Lower_in_CALR	3	PPIAL4A	peptidylprolyl isomerase A (cyclophilin A)-like 4A	Homo sapiens	1	1q21.2	genomic	annotated
2242	3	15	24.18892371880196	37.1127730707152	-12.92384935191324	-0.5974851024979291	-1.0168847066952404	1.0168847066952404	Lower_in_CALR	3	FES	FES proto-oncogene, tyrosine kinase	Homo sapiens	15	15q26.1	genomic	annotated
81502	3	15	20.980764743326063	26.30306288439265	-5.322298141066586	-0.3128212225141027	-1.0164726084345292	1.0164726084345292	Lower_in_CALR	3	HM13	histocompatibility minor 13	Homo sapiens	20	20q11.21	genomic	annotated
9553	3	15	6.177389838334283	8.7129588591093	-2.535569020775017	-0.4364515683576804	-1.0156544532501182	1.0156544532501182	Lower_in_CALR	3	MRPL33	mitochondrial ribosomal protein L33	Homo sapiens	2	2p23.2	genomic	annotated
10243	3	15	2.781945001824543	4.126248509752716	-1.3443035079281729	-0.4387750358105164	-1.0155953799045714	1.0155953799045714	Lower_in_CALR	3	GPHN	gephyrin	Homo sapiens	14	14q23.3-q24.1	genomic	annotated
400765	3	15	6.005889571070846	13.598519779344318	-7.592630208273472	-1.0591819408468082	-1.0154153860295332	1.0154153860295332	Lower_in_CALR	3	MIR137HG	MIR137 host gene	Homo sapiens	1	1p21.3	genomic	annotated
29927	3	15	76.49728532018788	93.11931933932684	-16.622034019138965	-0.2803451125891953	-1.014995594903637	1.014995594903637	Lower_in_CALR	3	SEC61A1	SEC61 translocon subunit alpha 1	Homo sapiens	3	3q21.3	genomic	annotated
81037	3	15	20.7021362714859	27.689264262190065	-6.987127990704163	-0.4026739077959371	-1.0148083828463972	1.0148083828463972	Lower_in_CALR	3	CLPTM1L	CLPTM1 like	Homo sapiens	5	5p15.33	genomic	annotated
7060	3	15	0.9454519063757948	1.9565459201320503	-1.0110940137562558	-0.603807368949977	-1.0143833290997537	1.0143833290997537	Lower_in_CALR	2	THBS4	thrombospondin 4	Homo sapiens	5	5q14.1	genomic	annotated
375035	3	15	13.264004748135534	17.163081603039366	-3.899076854903832	-0.3486299070609924	-1.0143224094166157	1.0143224094166157	Lower_in_CALR	3	SFT2D2	SFT2 domain containing 2	Homo sapiens	1	1q24.2	genomic	annotated
23122	3	15	38.3915275019006	50.28968361490727	-11.89815611300667	-0.3807833099150475	-1.0138534995682735	1.0138534995682735	Lower_in_CALR	3	CLASP2	cytoplasmic linker associated protein 2	Homo sapiens	3	3p22.3	genomic	annotated
54765	3	15	38.71934261934717	53.57792000405316	-14.858577384705995	-0.4584756681877335	-1.0138253902160628	1.0138253902160628	Lower_in_CALR	3	TRIM44	TRIM family member 44	Homo sapiens	11	11p13	genomic	annotated
55296	3	15	3.090599693694323	4.077985943248423	-0.9873862495540996	-0.3119440394398269	-1.0137993706041233	1.0137993706041233	Lower_in_CALR	3	TBC1D19	TBC1 domain family member 19	Homo sapiens	4	4p15.2	genomic	annotated
64072	3	15	15.861286709047434	19.98886879755909	-4.127582088511652	-0.3159097795552368	-1.013425275550634	1.013425275550634	Lower_in_CALR	3	CDH23	cadherin related 23	Homo sapiens	10	10q22.1	genomic	annotated
4752	3	15	4.17208797398533	5.7836464027835	-1.61155842879817	-0.3913141567586251	-1.0122917337783002	1.0122917337783002	Lower_in_CALR	3	NEK3	NIMA related kinase 3	Homo sapiens	13	13q14.3	genomic	annotated
4744	3	15	0.6406076843690873	1.3210755292880765	-0.6804678449189889	-0.5005631787043116	-1.0122528476025665	1.0122528476025665	Lower_in_CALR	2	NEFH	neurofilament heavy chain	Homo sapiens	22	22q12.2	genomic	annotated
84759	3	15	2.681841221512343	4.131191090781525	-1.4493498692691815	-0.4788663417980581	-1.0118829400083569	1.0118829400083569	Lower_in_CALR	3	PCGF1	polycomb group ring finger 1	Homo sapiens	2	2p13.1	genomic	annotated
57613	3	15	2.197537559136737	3.158980153657604	-0.9614425945208672	-0.3792684950771359	-1.0118578666207323	1.0118578666207323	Lower_in_CALR	3	FAM234B	family with sequence similarity 234 member B	Homo sapiens	12	12p13.1	genomic	annotated
286262	3	15	1.7439040860457584	2.4876888894922105	-0.743784803446452	-0.3460413013017096	-1.0118500876366905	1.0118500876366905	Lower_in_CALR	3	TPRN	taperin	Homo sapiens	9	9q34.3	genomic	annotated
59340	3	15	0.5559640679366117	1.974828330203192	-1.4188642622665797	-0.9349976721709812	-1.0118433921037069	1.0118433921037069	Lower_in_CALR	2	HRH4	histamine receptor H4	Homo sapiens	18	18q11.2	genomic	annotated
64969	3	15	17.08047920782022	23.12382447384776	-6.04334526602754	-0.4160257275550014	-1.0112725618170415	1.0112725618170415	Lower_in_CALR	3	MRPS5	mitochondrial ribosomal protein S5	Homo sapiens	2	2q11.1	genomic	annotated
606724	3	15	27.868368862498567	42.62322477391097	-14.754855911412402	-0.5956068288623184	-1.0107878625887463	1.0107878625887463	Lower_in_CALR	3	LOC606724	coronin 1A pseudogene	Homo sapiens	16	16p11.2	genomic	annotated
1975	3	15	301.11342997989897	426.66895735106806	-125.55552737116908	-0.5014041737485133	-1.010680042647915	1.010680042647915	Lower_in_CALR	3	EIF4B	eukaryotic translation initiation factor 4B	Homo sapiens	12	12q13.13	genomic	annotated
79631	3	15	10.249734999180374	14.693491226392153	-4.443756227211777	-0.480275317306817	-1.0103494046437635	1.0103494046437635	Lower_in_CALR	3	EFL1	elongation factor like GTPase 1	Homo sapiens	15	15q25.2	genomic	annotated
10316	3	15	2.043088699985066	3.9934037110658935	-1.950315011080828	-0.714487165495173	-1.0098396148856454	1.0098396148856454	Lower_in_CALR	3	NMUR1	neuromedin U receptor 1	Homo sapiens	2	2q37.1	genomic	annotated
26263	3	15	6.251812484550659	7.955897296913222	-1.704084812362563	-0.3044963632274595	-1.0097570786384515	1.0097570786384515	Lower_in_CALR	3	FBXO22	F-box protein 22	Homo sapiens	15	15q24.2	genomic	annotated
2395	3	15	4.885025695985317	6.501617444620109	-1.616591748634792	-0.3501529780766135	-1.00972218392609	1.00972218392609	Lower_in_CALR	3	FXN	frataxin	Homo sapiens	9	9q21.11	genomic	annotated
90957	3	15	12.755524188395462	18.93614905458701	-6.180624866191547	-0.5353756417893001	-1.009702696195642	1.009702696195642	Lower_in_CALR	3	DHX57	DExH-box helicase 57	Homo sapiens	2	2p22.1	genomic	annotated
79731	3	15	4.320903697935706	6.383793077822925	-2.0628893798872188	-0.4726908310235709	-1.0092378289484685	1.0092378289484685	Lower_in_CALR	3	NARS2	asparaginyl-tRNA synthetase 2, mitochondrial	Homo sapiens	11	11q14.1	genomic	annotated
100506031	3	15	3.83582933850206	5.053845771693187	-1.2180164331911263	-0.3240885901462516	-1.008203402926387	1.008203402926387	Lower_in_CALR	3	LOC100506031	uncharacterized LOC100506031	Homo sapiens	16		genomic	annotated
100505680	3	15	6.01856768952278	9.587345667647895	-3.5687779781251168	-0.5930923910065076	-1.008197914078244	1.008197914078244	Lower_in_CALR	3	LOC100505680	Golgin subfamily A member 8-like protein 2-like	Homo sapiens	15		genomic	annotated
11103	3	15	75.00231986680741	100.02282731060784	-25.02050744380044	-0.4105659633021572	-1.0076653291838071	1.0076653291838071	Lower_in_CALR	3	KRR1	KRR1 small subunit processome component	Homo sapiens	12	12q21.2	genomic	annotated
6404	3	15	88.14336180944474	129.19418436539868	-41.05082255595394	-0.5464657317317094	-1.0063809234225771	1.0063809234225771	Lower_in_CALR	3	SELPLG	selectin P ligand	Homo sapiens	12	12q24.11	genomic	annotated
387647	3	15	3.904526738187663	5.561957630099803	-1.65743089191214	-0.4200123481012277	-1.0063038109264195	1.0063038109264195	Lower_in_CALR	3	PTCHD3P1	patched domain containing 3 pseudogene 1	Homo sapiens	10	10p11.23	genomic	annotated
64943	3	15	2.9974458562820767	4.477886602328908	-1.4804407460468307	-0.4545409079958564	-1.0063033748035235	1.0063033748035235	Lower_in_CALR	3	NT5DC2	5'-nucleotidase domain containing 2	Homo sapiens	3	3p21.1	genomic	annotated
115761	3	15	5.40633974965401	8.403730673721016	-2.9973909240670062	-0.5537329091784531	-1.0062896244921449	1.0062896244921449	Lower_in_CALR	3	ARL11	ARF like GTPase 11	Homo sapiens	13	13q14.2	genomic	annotated
132	3	15	10.371862533636978	15.253910245502585	-4.882047711865607	-0.5153182682791431	-1.0054462287597168	1.0054462287597168	Lower_in_CALR	3	ADK	adenosine kinase	Homo sapiens	10	10q11-q24	genomic	annotated
1445	3	15	42.5961161189198	53.84245998119101	-11.24634386227121	-0.3310936710178538	-1.004875204662859	1.004875204662859	Lower_in_CALR	3	CSK	C-terminal Src kinase	Homo sapiens	15	15q24.1	genomic	annotated
100506258	3	15	0.6825461522687938	1.6883395763746372	-1.0057934241058435	-0.676069304459022	-1.0045300819910372	1.0045300819910372	Lower_in_CALR	3	SYT9-AS1	SYT9 antisense RNA 1	Homo sapiens	11	11p15.4	genomic	annotated
55759	3	15	3.83389274884944	5.769199551319532	-1.935306802470092	-0.4857997832364167	-1.0043389626187482	1.0043389626187482	Lower_in_CALR	3	WDR12	WD repeat domain 12	Homo sapiens	2	2q33.2	genomic	annotated
3176	3	15	6.774149858825866	14.11182671568269	-7.337676856856825	-0.958921240588278	-1.004088508935035	1.004088508935035	Lower_in_CALR	3	HNMT	histamine N-methyltransferase	Homo sapiens	2	2q22.1	genomic	annotated
55148	3	15	12.33200302202602	15.812848656744928	-3.480845634718907	-0.3346706363101694	-1.003589071985962	1.003589071985962	Lower_in_CALR	3	UBR7	ubiquitin protein ligase E3 component n-recognin 7	Homo sapiens	14	14q32.12	genomic	annotated
84679	3	15	6.52842896456493	9.9032249002751	-3.3747959357101687	-0.5343341718387515	-1.0035610746267296	1.0035610746267296	Lower_in_CALR	3	SLC9A7	solute carrier family 9 member A7	Homo sapiens	X	Xp11.3	genomic	annotated
64397	3	15	109.4691253219124	159.90334807244477	-50.43422275053239	-0.5425511344057341	-1.003525581458261	1.003525581458261	Lower_in_CALR	3	ZNF106	zinc finger protein 106	Homo sapiens	15	15q15.1	genomic	annotated
3551	3	15	26.1885161808052	35.97367844122798	-9.785162260422783	-0.4435011635472454	-1.0031648737325831	1.0031648737325831	Lower_in_CALR	3	IKBKB	inhibitor of nuclear factor kappa B kinase subunit beta	Homo sapiens	8	8p11.21	genomic	annotated
1396	3	15	11.93983702141096	24.409364921539748	-12.469527900128789	-0.973540870752878	-1.0031355349069175	1.0031355349069175	Lower_in_CALR	3	CRIP1	cysteine rich protein 1	Homo sapiens	14	14q32.33	genomic	annotated
100507417	3	15	3.5393931850831764	4.755093579637148	-1.2157003945539713	-0.3423399327443337	-1.0030309596218845	1.0030309596218845	Lower_in_CALR	3	LOC100507417	uncharacterized LOC100507417	Homo sapiens	11		genomic	annotated
285464	3	15	1.2507089538838805	2.233092813557553	-0.9823838596736724	-0.5225354145153711	-1.002676370322928	1.002676370322928	Lower_in_CALR	3	CRIPAK	cysteine rich PAK1 inhibitor	Homo sapiens	4	4p16.3	genomic	annotated
132949	3	15	6.17160470062511	8.853034922834272	-2.681430222209162	-0.4582722016909075	-1.0023925412599457	1.0023925412599457	Lower_in_CALR	3	AASDH	aminoadipate-semialdehyde dehydrogenase	Homo sapiens	4	4q12	genomic	annotated
25966	3	15	4.2641640137075	5.743436587528692	-1.4792725738211914	-0.3572795651830538	-1.002144949598185	1.002144949598185	Lower_in_CALR	3	C2CD2	C2 calcium dependent domain containing 2	Homo sapiens	21	21q22.3	genomic	annotated
50865	3	15	2.8539643663460104	4.02378408582677	-1.1698197194807594	-0.382431228271048	-1.0017681323501748	1.0017681323501748	Lower_in_CALR	3	HEBP1	heme binding protein 1	Homo sapiens	12	12p13.1	genomic	annotated
22	3	15	12.380429400664582	15.879791690291787	-3.499362289627207	-0.3351726849282359	-1.0017233487925952	1.0017233487925952	Lower_in_CALR	3	ABCB7	ATP binding cassette subfamily B member 7	Homo sapiens	X	Xq13.3	genomic	annotated
28971	3	15	1.1674685091945716	1.941520717070312	-0.7740522078757397	-0.4405511642462383	-1.0012010197297865	1.0012010197297865	Lower_in_CALR	3	AAMDC	adipogenesis associated Mth938 domain containing	Homo sapiens	11	11q14.1	genomic	annotated
1798	3	15	3.8323807566206463	5.719743230852585	-1.887362474231939	-0.4756719739472941	-1.0009076975058055	1.0009076975058055	Lower_in_CALR	3	DPAGT1	dolichyl-phosphate N-acetylglucosaminephosphotransferase 1	Homo sapiens	11	11q23.3	genomic	annotated
912	3	15	27.014940526973835	41.52899740670775	-14.51405687973391	-0.6022504149043089	-1.0008585995777082	1.0008585995777082	Lower_in_CALR	3	CD1D	CD1d molecule	Homo sapiens	1	1q23.1	genomic	annotated
3660	3	15	17.045717133779434	25.872873761801465	-8.827156628022031	-0.5744941333228768	-1.000112335668673	1.000112335668673	Lower_in_CALR	3	IRF2	interferon regulatory factor 2	Homo sapiens	4	4q35.1	genomic	annotated
